Ag2O2-AuSe-NM,-0.7692758560228141
Ag2S2-AuSe-NM,0.6225019048020223
Ag2Se2-AuSe-NM,0.578842394918736
Ag2Te2-AuSe-NM,0.7922062620867176
Au2O2-AuSe-NM,-2.302868878736899
Au2S2-AuSe-NM,-1.0153961652412438
Au2Se2-AuSe-NM,-1.1070006655937472
Au2Te2-AuSe-NM,-0.6279669833557965
Cu2S2-AuSe-NM,0.7294824553305111
Cu2Se2-AuSe-NM,0.6591454178559598
AlAs-BN-NM,-11.286744775255881
AlN-BN-NM,-4.296274557011073
AlSb-GeSe-NM,-12.249599537225892
AsB-BN-NM,-1.3090839262097793
BN-BN-NM,-5.883357570599839
BP-BN-NM,-0.9176341046693792
BSb-BN-NM,-1.0777449111638093
GaAs-GeSe-NM,-12.625961968821189
GaN-BN-NM,-10.305516792031428
GaP-GeSe-NM,-14.582679240455567
GeO-GeSe-NM,2.8958503863039846
GeS-GeSe-NM,-0.2196963577439617
GeSe-GeSe-NM,-0.3459454069668774
GeTe-GeSe-NM,-0.549689511742179
HgS-BN-NM,-7.747394082589825
HgTe-GeSe-NM,-8.626596286279709
InAs-GeSe-NM,-9.823971929359395
InN-BN-NM,-8.297277150108858
InP-GeSe-NM,-11.399147890469875
InSb-GeSe-NM,-9.42382440742307
PbO-GeSe-NM,2.6916106592544886
PbS-GeSe-NM,-3.9437896440545885
PbSe-GeSe-NM,-4.163439260149493
PbTe-GeSe-NM,-4.722833526632481
SnO-GeSe-NM,3.557831177506231
SnS-GeSe-NM,0.6609528267272297
SnSe-GeSe-NM,0.27421065449009085
SnTe-GeSe-NM,-0.025954018932656274
AsBrS-BiTeI-NM,-6.752595096768069
AsClS-BiTeI-NM,-7.339014879234276
AsBrSe-BiTeI-NM,-7.19085313767039
AsClSe-BiTeI-NM,-7.603768435388028
AsISe-BiTeI-NM,-6.585583384692765
AsIS-BiTeI-NM,-6.126752980491963
AsBrTe-BiTeI-NM,-7.746813158015644
AsClTe-BiTeI-NM,-8.043492384941283
AsITe-BiTeI-NM,-7.16871336568872
BiBrS-BiTeI-NM,-4.354019414037088
BiClS-BiTeI-NM,-4.200218646852962
BiBrSe-BiTeI-NM,-5.153578029499646
BiClSe-BiTeI-NM,-4.965586154721344
BiISe-BiTeI-NM,-5.133587788182494
BiIS-BiTeI-NM,-4.396491726535178
BiBrTe-BiTeI-NM,-5.99537209792447
BiClTe-BiTeI-NM,-5.793654341239744
BiITe-BiTeI-NM,-5.954050900000662
BrSSb-BiTeI-NM,-5.039120833118806
ClSSb-BiTeI-NM,-5.1532128077803385
BrSbSe-BiTeI-NM,-5.759101294229038
ClSbSe-BiTeI-NM,-5.836011824461671
ISbSe-BiTeI-NM,-5.480300089450775
ISSb-BiTeI-NM,-4.849138640069657
BrSbTe-BiTeI-NM,-6.659164045119148
ClSbTe-BiTeI-NM,-6.629684959481938
ISbTe-BiTeI-NM,-6.436273313978741
ZrSSe-BiTeI-NM,1.9654777586122878
HfSSe-BiTeI-NM,1.7617728686146084
VBrCl-BiTeI-FM,-2.398023697305636
VBrI-BiTeI-FM,-2.7423518434986796
As2-C-NM,-1.380107085813603
C6N2-C3N-NM,-4.608893406212731
Ti2S2-CH-NM,2.9476693172636574
Ti2Br2-CH-AFM,0.07419423705644111
Cr2Cl2-CH-AFM,2.0914612844480573
Cr2Br2-CH-AFM,1.3291109478905934
Cr2I2-CH-AFM,1.363497026015761
Mn2S2-CH-AFM,1.2648938547941417
Mn2Se2-CH-AFM,0.10565101651583077
Mn2Te2-CH-AFM,-0.15714961479605577
Mn2Br2-CH-AFM,-0.4825168235395195
Fe2F2-CH-AFM,3.6639032260462745
Fe2Cl2-CH-AFM,-0.8983959272445431
Fe2Br2-CH-AFM,-0.968674939271665
Co2Br2-CH-FM,0.5013418215712362
Ni2F2-CH-AFM,3.6499268766589097
Cu2Cl2-CH-NM,1.4515292026430626
Cu2Br2-CH-NM,-0.2029729845376237
Cu2I2-CH-NM,-1.4217892331955573
Zn2S2-CH-NM,-5.924019149947746
Zn2Se2-CH-NM,-8.297433341445473
Zn2Te2-CH-NM,-10.44200355262655
Zr2S2-CH-NM,3.131428331678352
Pd2F2-GaSe-NM,0.5807632608918251
Ag2F2-Undefined-NM,1.0528890645540079
Ag2Cl2-CH-NM,0.38501764860474635
Ag2Br2-CH-NM,1.8946628987064114
Ag2I2-CH-NM,-0.040045757058123146
Cd2S2-CH-NM,-2.0289951593988276
Cd2Se2-CH-NM,-3.723323833705989
Cd2Te2-CH-NM,-8.20127462722871
In2I2-CH-NM,2.6055867938226793
S2Sb2-CH-NM,-3.414138209022516
Sb2Se2-CH-NM,-2.0265276222666992
I2Sb2-ISb-NM,-1.9814800107985358
Hf2S2-CH-NM,3.0060423809542307
Pt2Cl2-GaSe-NM,-1.4022746398485368
Au2Br2-CH-NM,4.070055182871607
Au2I2-CH-NM,1.2302526568084604
Hg2I2-GaSe-NM,-3.8897724075781155
Tl2Cl2-CH-NM,-1.688677887021787
Tl2Br2-ISb-NM,-1.6040630966687854
Tl2I2-CH-NM,-1.4884733897780977
Pb2Te2-CH-NM,-1.4459744802212913
Pb2F2-CH-NM,4.597780199244553
Pb2Cl2-CH-NM,0.6076930770039278
Pb2Br2-CH-NM,-0.18301889230399915
Bi2S2-CH-NM,-2.6661514684084056
Bi2Se2-CH-NM,-1.6245238663914343
Bi2Te2-CH-NM,-0.1521770790450559
Cr2O2-FeSe-AFM,-2.071248457083611
Mn2O2-FeSe-AFM,2.523342636360353
Mn2S2-FeSe-AFM,0.7690338996727899
Mn2Se2-FeSe-AFM,0.03902212494298056
Mn2Te2-FeSe-AFM,-0.4917241682512235
Pb2O2-FeSe-NM,2.7782309749038543
Pb2S2-FeSe-NM,3.722805461006244
Pb2Te2-FeSe-NM,2.1582957097229882
Pt2O2-FeSe-NM,-6.589025970811697
Cr2Cl2-FeSe-AFM,1.089183392103517
K2Br2-FeSe-NM,2.285102634671081
Ca2I2-FeSe-FM,0.30126606754772495
Cr2Br2-FeSe-AFM,0.7096869813757205
K2F2-FeSe-NM,1.3860798048430698
K2Cl2-FeSe-NM,1.740190040457118
K2I2-FeSe-NM,1.6043581315265034
Cr2I2-FeSe-AFM,2.0908850204030607
Cu2Cl2-FeSe-NM,1.1011539549900897
Cu2Br2-FeSe-NM,0.23311785217126324
Cu2I2-FeSe-NM,-0.707921302845868
Ga2Cl2-FeSe-NM,2.7496939137872936
Ga2I2-FeSe-NM,4.050033971629395
Rb2F2-FeSe-NM,0.8716402460739786
Rb2Cl2-FeSe-NM,2.593577934455815
Rb2Br2-FeSe-NM,1.782007174693286
Rb2I2-FeSe-NM,1.8316474295353102
Ag2F2-FeSe-NM,4.32089904304177
Ag2Cl2-FeSe-NM,3.041253664425191
Ag2Br2-FeSe-NM,1.59684468591597
Ag2I2-FeSe-NM,0.4063954019888235
In2Cl2-FeSe-NM,3.1257912114291986
In2I2-FeSe-NM,3.702395471868199
Cs2F2-FeSe-NM,0.9499039206373023
Cs2Cl2-FeSe-NM,2.418136524509674
Cs2Br2-FeSe-NM,1.3238076853493657
Au2Cl2-FeSe-NM,1.1478476238716708
Au2Br2-FeSe-NM,0.4530421474130572
Au2I2-FeSe-NM,0.5708348525862722
Tl2Br2-FeSe-NM,5.152070983150171
Tl2I2-FeSe-NM,3.7722635315219097
Al2S2-GaSe-NM,3.218929482315209
Al2Se2-GaSe-NM,1.9778566592948181
Al2Te2-GaSe-NM,-2.7611757866627413
Bi2Se2-GaSe-NM,-0.7778250160334451
Bi2Te2-GaSe-NM,-0.4960653737728668
Ga2S2-GaSe-NM,-9.078258733399926
Ga2Se2-GaSe-NM,-8.944963426109078
Ga2Te2-GaSe-NM,-1.3562560468167477
In2S2-GaSe-NM,-5.323625186254256
In2Se2-GaSe-NM,-5.944888245566355
In2Te2-GaSe-NM,-7.047498280108963
Mn2Se2-GaSe-AFM,2.559169153140741
Mn2Te2-GaSe-AFM,0.7007523366201642
Sb2Se2-GaSe-NM,-1.3902273550196524
Ti2Te2-GaSe-NM,-1.208118492706492
Tl2S2-GaSe-NM,-4.249701413867352
Tl2Se2-GaSe-NM,-4.464663402561699
Tl2Te2-GaSe-NM,-5.134412018400008
Zr2Te2-GaSe-NM,-2.5639105243821243
MnCl2-GeS2-FM,0.22565022555580222
MnBr2-GeS2-FM,-0.4227135514502619
FeF2-GeS2-NM,-0.7593412430521664
CoF2-GeS2-FM,1.5205738130779485
CoCl2-GeS2-FM,-1.0319388388313635
ZnF2-GeS2-NM,3.230866132495227
ZnCl2-GeS2-NM,-2.7983939513167257
ZnI2-GeS2-NM,-4.581838583179121
GeS2-GeS2-NM,-7.247213348208868
GeSe2-GeS2-NM,-6.08747137679017
Cl2Ge-GeS2-NM,-0.5995343350129412
GeI2-GeS2-NM,-3.321981627545319
GeO2-GeS2-NM,-1.9125929041358876
F2Ge-GeS2-NM,3.6675847538933235
Br2Ge-GeS2-NM,-2.1042424688589723
CaF2-GeS2-NM,2.8408848088842826
CaCl2-GeS2-NM,1.0617220181078908
CaBr2-GeS2-NM,0.44074211655296325
CaI2-GeS2-NM,-0.8638649187648643
TiO2-GeS2-NM,2.0842279286742094
TiS2-GeS2-NM,-0.8495248603799274
TiSe2-GeS2-NM,-1.2385463457275285
TiTe2-GeS2-NM,-1.2450125449086489
MnI2-GeS2-FM,-0.696653080175029
CoBr2-GeS2-FM,-1.369272616524389
ZnBr2-GeS2-NM,-3.491020158044938
SrF2-GeS2-NM,3.1626644385171128
SrCl2-GeS2-NM,2.049430185290851
SrBr2-GeS2-NM,1.370900132888295
SrI2-GeS2-NM,0.19001331760366602
ZrO2-GeS2-NM,3.31221872996637
ZrS2-GeS2-NM,-0.091441409516786
ZrSe2-GeS2-NM,-0.7963731840719612
ZrTe2-GeS2-NM,-0.7754671068364164
CdF2-GeS2-NM,4.337770137042172
CdCl2-GeS2-NM,-0.651240014822162
CdBr2-GeS2-NM,-1.5564878598496383
CdI2-GeS2-NM,-2.8686396961345686
SnO2-GeS2-NM,2.095891077500405
SnS2-GeS2-NM,-4.549978720136397
SnSe2-GeS2-NM,-4.380340691141489
SnTe2-GeS2-NM,-4.5187479480569
SnF2-GeS2-NM,3.2440404795081825
SnCl2-GeS2-NM,0.571394605471773
SnBr2-GeS2-NM,-0.7233178572990699
SnI2-GeS2-NM,-2.243191167447572
BaF2-GeS2-NM,3.068991167563589
BaCl2-GeS2-NM,2.199019760104439
BaBr2-GeS2-NM,1.8889678424281484
BaI2-GeS2-NM,0.6374187738997452
HfO2-GeS2-NM,1.168308428639317
HfS2-GeS2-NM,-0.22245986646811372
HfSe2-GeS2-NM,-0.7399036789853789
HfTe2-GeS2-NM,-0.7629891631318265
TaO2-GeS2-FM,0.22186669470274767
WO2-GeS2-NM,-6.471716478994952
PtF2-GeS2-FM,2.9158767363165947
HgF2-GeS2-NM,3.650356766021185
HgCl2-GeS2-NM,-0.6863157246762173
HgBr2-GeS2-NM,-1.5297572027980393
HgI2-GeS2-NM,-2.8449111450285973
PbO2-GeS2-NM,2.1132530700838545
PbS2-GeS2-NM,-3.086960019882401
PbSe2-GeS2-NM,-3.0633036328476813
PbF2-GeS2-NM,2.6465378221450426
PbCl2-GeS2-NM,0.04656229530010929
PbBr2-GeS2-NM,-1.0845040601799025
PbI2-GeS2-NM,-2.341551727463497
Cd2P2S6-MnPSe3-NM,-7.468569494661172
Sc2P2S6-ScPSe3-NM,-0.9772657951791507
V2P2Se6-VPSe3-FM,-3.665803744421312
V2P2Se6-MnPSe3-AFM,-3.2116359266386256
V2P2Te6-MnPSe3-AFM,-1.1402437809725294
Cr2P2Se6-ScPSe3-FM,-2.394490545002701
Cr2P2Se6-ScPSe3-AFM,-3.6617974517344325
Mn2P2Se6-MnPSe3-AFM,-2.028733063730457
Fe2P2S6-MnPSe3-NM,-4.829595434293366
Fe2P2Se6-MnPSe3-NM,-4.866150725590582
Ni2P2S6-MnPSe3-AFM,-2.668480146374291
Ni2P2Se6-MnPSe3-AFM,-2.6505954650138674
Ir2P2Te6-MnPSe3-NM,-7.236449648067208
Zn2P2Se6-MnPSe3-NM,-8.599000868737571
Zn2P2Te6-MnPSe3-NM,-0.661580607579024
Zr2P2S6-Undefined-NM,0.973978226034199
Zr2P2Se6-Undefined-NM,0.6338913191654691
Nb2P2S6-MnPSe3-NM,0.9936136677726085
Nb2P2S6-MnPSe3-AFM,2.101482156859317
Ru2P2S6-MnPSe3-NM,-8.970869444792088
Ru2P2Se6-MnPSe3-NM,-5.19172738452054
Ru2P2Te6-MnPSe3-NM,-2.3334483214622184
Rh2P2Se6-MnPSe3-NM,12.808012242676886
Cd2P2Se6-MnPSe3-NM,-7.485504816024646
Hf2P2S6-Undefined-NM,1.9331223590387943
Hf2P2Se6-Undefined-NM,0.7503036034393961
Ta2P2Se6-Undefined-NM,-1.138149924832419
Os2P2S6-ScPSe3-NM,-2.9699487078001967
Ir2P2S6-MnPSe3-NM,-39.03354959383972
Ir2P2Se6-MnPSe3-NM,-5.98924120434434
Pt2P2Se6-Undefined-NM,-2.1099564516214278
Hg2P2S6-MnPSe3-NM,-6.2287906603042975
Cd2P2Te6-MnPSe3-NM,-8.091213916233974
Ge2P2Te6-Undefined-NM,-0.8328400576147368
Ga2P2Te6-Undefined-NM,-0.8853161993494224
Ge2P2S6-MnPSe3-NM,-3.2252350578544435
Ge2P2Se6-MnPSe3-NM,-6.0580406444105614
In2P2S6-Undefined-NM,-5.874424536603066
Sn2P2S6-MnPSe3-NM,-2.517833959868742
Sn2P2Se6-MnPSe3-NM,-4.793347346264329
Sn2P2Te6-MnPSe3-NM,-4.659970104403436
P2Sb2Se6-ScPSe3-NM,-4.283690067114869
Pb2P2S6-MnPSe3-NM,-2.3017866471426838
Pb2P2Se6-MnPSe3-NM,-4.311683781660365
Bi2P2S6-VPSe3-NM,-2.5234743954638503
Bi2P2Se6-ScPSe3-NM,-4.200872310206859
Bi2P2Te6-ScPSe3-NM,-2.896461229875106
Al2P2S6-ScPSe3-NM,-4.05686203744329
Al2P2Se6-ScPSe3-NM,-5.748736642452156
Sc2P2Se6-ScPSe3-NM,-2.2887243604993714
P2Sb2Te6-ScPSe3-NM,-3.0535971221075218
V2P2S6-MnPSe3-AFM,-4.880756160143496
Zn2P2S6-MnPSe3-NM,-8.876614426902819
Ta2P2Te6-Undefined-NM,-0.256545283499643
Pb2P2Te6-MnPSe3-NM,-3.0447576857572636
BaBr2-CdI2-NM,0.1815646406412038
BaCl2-CdI2-NM,0.10069326057176918
BaI2-CdI2-NM,3.1831981699206193
CaBr2-CdI2-NM,2.0690311771652805
CaCl2-CdI2-NM,3.108655464760681
CaI2-CdI2-NM,1.144542864508123
CdBr2-CdI2-NM,-3.9628399384414896
CdCl2-CdI2-NM,-3.266132569041568
CdI2-CdI2-NM,-1.542309810870301
CoBr2-CdI2-FM,-1.669462032977987
CoCl2-CdI2-FM,-1.9124465230692667
FeBr2-CdI2-NM,-3.245856339303494
FeCl2-CdI2-NM,-3.3033730587490164
FeI2-CdI2-NM,-1.6440228298586517
Br2Ge-CdI2-NM,-4.9355853787201625
Cl2Ge-CdI2-NM,-4.15049714120347
GeI2-CdI2-NM,-5.862749570718199
HgBr2-CdI2-NM,-3.635915752944881
HgCl2-CdI2-NM,-3.0708245379748025
HgI2-CdI2-NM,-1.0590993672485869
MgBr2-CdI2-NM,-4.826559817626115
MgCl2-CdI2-NM,-4.5788509905667105
MgI2-CdI2-NM,-2.6914100713787126
MnBr2-CdI2-FM,-1.3521158517841108
MnCl2-CdI2-FM,-1.2437669909743823
MnI2-CdI2-FM,-1.2402430174142516
NiBr2-CdI2-FM,-5.171597708792552
NiCl2-CdI2-FM,-5.4569718854308045
NiI2-CdI2-FM,-2.479844389234257
OsBr2-CdI2-NM,-4.080554887112486
OsCl2-CdI2-NM,-4.420680974811162
OsI2-CdI2-NM,-2.981564659799022
PbBr2-CdI2-NM,-2.422516253508032
PbCl2-CdI2-NM,-1.0747518056733902
PbI2-CdI2-NM,-4.0271802833169446
PdBr2-CdI2-FM,-3.4158478605853313
PdCl2-CdI2-FM,-3.207439775200671
PtBr2-CdI2-FM,-4.566159675323708
PtCl2-CdI2-FM,-4.107756949333524
RuBr2-CdI2-NM,-3.195828995508143
RuCl2-CdI2-NM,-2.9857952217376122
RuI2-CdI2-NM,-2.5195962392759914
SnBr2-CdI2-NM,-2.9938399246508296
SnCl2-CdI2-NM,-1.6727796289888381
SnI2-CdI2-NM,-4.472977884029268
SrBr2-CdI2-NM,-0.9225572248001609
SrCl2-CdI2-NM,-0.4968316726761798
SrI2-CdI2-NM,2.254622988968534
VBr2-CdI2-FM,-2.5662197800689706
VCl2-CdI2-FM,-2.185310009710347
VI2-CdI2-FM,-2.8328869766863063
ZnBr2-CdI2-NM,-2.497406900119907
ZnCl2-CdI2-NM,-5.9052783252979175
ZnI2-CdI2-NM,-2.16279929006559
BaBr2-MoS2-NM,1.6698767676853483
BaCl2-MoS2-NM,1.9858916424529631
BaI2-MoS2-NM,1.2952656980008224
Br2Ge-MoS2-NM,1.7765411508380902
CaBr2-MoS2-NM,0.7160203427116638
CaCl2-MoS2-NM,1.0728956727980365
CaI2-MoS2-NM,0.41155289567261605
CdBr2-MoS2-NM,-4.66842389261606
CdCl2-MoS2-NM,-4.3048059110033305
CdI2-MoS2-NM,-1.817568450495305
Cl2Ge-MoS2-NM,0.8418151627666361
FeBr2-MoS2-FM,-0.6595145563365504
FeCl2-MoS2-FM,-1.058766298570168
FeI2-MoS2-FM,-2.299029320128686
HfBr2-MoS2-NM,2.6027733948595815
HfCl2-MoS2-NM,3.057938418342372
HfI2-MoS2-NM,1.47045740444377
HgBr2-MoS2-NM,-4.35753180243571
HgCl2-MoS2-NM,-3.8630716110245276
HgI2-MoS2-NM,-1.4781269428906654
MgBr2-MoS2-NM,-5.767484980756836
MgCl2-MoS2-NM,-6.0149222535589155
MgI2-MoS2-NM,-1.60882116011924
MnBr2-MoS2-FM,-2.0513478081361147
MnCl2-MoS2-FM,-2.0779852278387514
MnI2-MoS2-FM,-1.2058700724339462
PbBr2-MoS2-NM,1.0577351911464397
PbCl2-MoS2-NM,1.2947543929549161
PbI2-MoS2-NM,2.1405766993445647
RuBr2-MoS2-FM,-1.6273154493563364
RuCl2-MoS2-FM,-2.2877531687668253
ScBr2-MoS2-FM,-3.1712231342654515
ScCl2-MoS2-FM,-3.252349686562686
ScI2-MoS2-FM,-0.08459996657246771
SnBr2-MoS2-NM,1.1721598322890652
SnCl2-MoS2-NM,1.587391909148008
SnI2-MoS2-NM,2.0944949109659805
SrBr2-MoS2-NM,-1.9712258578453534
SrCl2-MoS2-NM,-1.5737014361035615
SrI2-MoS2-NM,1.035116594354624
TiBr2-MoS2-NM,-0.729222609539349
TiCl2-MoS2-NM,-0.419263232868487
TiI2-MoS2-NM,-1.120324655032201
YBr2-MoS2-FM,-1.8209049890900566
YCl2-MoS2-FM,-1.7984093298551191
YI2-MoS2-FM,-1.6401791174875853
ZnBr2-MoS2-NM,-6.650015434385975
ZnCl2-MoS2-NM,-6.818403952149121
ZnI2-MoS2-NM,-2.041320070092176
ZrBr2-MoS2-NM,1.9184260799580217
ZrCl2-MoS2-NM,2.302220460308436
ZrI2-MoS2-NM,0.9479248353605455
Ag2Br6-BiI3-AFM,-0.9076229136461929
Ag2Cl6-BiI3-AFM,-1.204677648864522
Ag2Cl6-BiI3-FM,-1.6639121892577904
Al2Br6-BiI3-NM,-1.968820160137719
Al2Cl6-BiI3-NM,-4.653001878448063
Al2I6-BiI3-NM,-1.5487664422043805
As2I6-BiI3-NM,-3.3981527178985087
Au2Br6-BiI3-AFM,-1.5391603811080135
Au2Br6-BiI3-FM,-1.510055520323066
Au2Cl6-BiI3-AFM,-2.0660626876672827
Au2Cl6-BiI3-FM,-1.776171057462185
Bi2Br6-BiI3-NM,-3.140895254375007
Bi2Cl6-BiI3-NM,-3.3646820279844545
Bi2I6-BiI3-NM,-3.4155830533344553
Br6Sb2-BiI3-NM,-3.48372342457864
Co2Br6-BiI3-NM,-2.7996236680525763
Co2Cl6-BiI3-NM,-3.4156950243700774
Co2I6-BiI3-NM,-1.2327229768053714
Cr2Br6-BiI3-AFM,-2.3533982428250972
Cr2Br6-BiI3-FM,-3.42434498397214
Cr2Cl6-BiI3-AFM,-2.6924679203430357
Cr2Cl6-BiI3-FM,-3.8141344412247737
Cr2I6-BiI3-AFM,-1.723135953368981
Cr2I6-BiI3-FM,-2.044927475266373
Cu2Br6-BiI3-AFM,-0.6403358960659926
Cu2Cl6-BiI3-AFM,-1.125168002755751
Cu2Cl6-BiI3-FM,-1.8909366502974998
Ga2Br6-BiI3-NM,-1.559430497784018
Ga2Cl6-BiI3-NM,-2.0489133745634556
Ga2I6-BiI3-NM,-1.5430812252115593
I6Sb2-BiI3-NM,-3.1337784219336675
In2Br6-BiI3-NM,-4.1827366173009795
In2Cl6-BiI3-NM,-4.603431509133254
In2I6-BiI3-NM,-0.7486827705958299
Ir2Br6-BiI3-NM,-3.8024433932198094
Ir2Cl6-BiI3-NM,-4.186393345132277
Ir2I6-BiI3-NM,-2.0752221142534015
Mn2Cl6-BiI3-FM,-3.221748274384638
Mo2Br6-BiI3-AFM,-0.23706402176668634
Mo2Cl6-BiI3-AFM,-0.19083938736276307
Mo2I6-BiI3-AFM,-0.7783895267216391
Mo2I6-BiI3-FM,-0.7120271527134873
Rh2Br6-BiI3-NM,-3.5531588972315133
Rh2Cl6-BiI3-NM,-3.4688682218986973
Rh2I6-BiI3-NM,-1.5367938480159649
Sc2Br6-BiI3-NM,-0.28665706158093857
Sc2Cl6-BiI3-NM,-0.20679964332603243
Sc2I6-BiI3-NM,-0.9592257282853561
Tl2Br6-BiI3-NM,-3.326363846507617
Tl2Cl6-BiI3-NM,-3.934193893239826
Tl2I6-BiI3-NM,-0.48896260514846657
W2Br6-BiI3-AFM,-0.5990392838684354
W2Cl6-BiI3-AFM,3.2043829856872326
W2Cl6-BiI3-NM,-0.30369074535800494
W2I6-BiI3-AFM,-0.8401942428812106
W2I6-BiI3-FM,-0.20242933307229857
Y2Br6-BiI3-NM,1.8072402735176618
Y2Cl6-BiI3-NM,1.1437122470758418
Y2I6-BiI3-NM,1.6371725729401523
Al2Br6-TiCl3-NM,-2.504005861589383
Al2Cl6-TiCl3-NM,-2.8035785694307607
Al2I6-TiCl3-NM,-1.8013976912180207
Bi2Br6-AgBr3-NM,-6.295270185468377
Bi2Cl6-AgBr3-NM,-5.954445952207359
Bi2I6-TiCl3-NM,-1.9185712273649722
Cr2Br6-TiCl3-AFM,-2.2189551063767117
Cr2Br6-TiCl3-FM,-2.3781672489078565
Cr2Cl6-TiCl3-FM,-2.04347514355349
Cr2I6-TiCl3-AFM,-2.4497082756808273
Fe2Br6-TiCl3-AFM,-2.091944910201085
Fe2Cl6-AgBr3-AFM,-2.5808360404585935
Fe2Cl6-TiCl3-FM,0.44615173677181585
Fe2I6-TiCl3-AFM,-1.7171761821741045
Ga2Br6-TiCl3-NM,-1.7781087127333197
In2Br6-TiCl3-NM,-3.967234477658503
In2Cl6-AgBr3-NM,-6.3316762390394965
In2I6-TiCl3-NM,-1.393688434985182
Mo2Br6-TiCl3-AFM,-0.6491411278140278
Mo2Cl6-TiCl3-AFM,-3.7943720450940037
Mo2Cl6-TiCl3-NM,-5.54038155704098
Mo2I6-TiCl3-AFM,-0.674124091559602
Re2Cl6-TiCl3-NM,-2.0104255421532673
Re2I6-AgBr3-AFM,-1.600797526866641
Sc2Br6-TiCl3-NM,-3.2924378207425735
Sc2Cl6-AgBr3-NM,-0.7160367331290709
Sc2I6-TiCl3-NM,0.26039823830110226
Ti2Br6-TiCl3-AFM,-0.20753135857254287
Ti2Br6-TiCl3-FM,-2.2292506559006484
Ti2Cl6-TiCl3-AFM,0.23298436431047737
Ti2I6-TiCl3-AFM,-0.541795345383679
Ti2I6-TiCl3-FM,-2.059408440529735
Tl2Br6-TiCl3-NM,-3.1452929413773623
Tl2Cl6-AgBr3-NM,-5.61903490303419
Tl2I6-TiCl3-NM,-1.1298560331851477
W2Br6-TiCl3-NM,-6.055047097188509
W2Cl6-TiCl3-NM,-7.06324568684993
Y2Br6-AgBr3-NM,0.3076748775058192
Y2Cl6-AgBr3-NM,1.3775093761331385
Y2I6-TiCl3-NM,-3.71333268002614
Cr2CF2-Ti2CO2-AFM,2.2907990211538922
Sc2CF2-Ti2CO2-NM,4.043173784914334
Y2CF2-Ti2CO2-NM,5.420676318771018
Cr2CH2O2-Ti2CH2O2-AFM,1.6011145237757662
Sc2CH2O2-Ti2CH2O2-NM,0.3882810896063024
Y2CH2O2-Ti2CH2O2-NM,-0.25582101521613254
Hf2CO2-Ti2CO2-NM,7.1440692195423345
Mn2CO2-Ti2CO2-AFM,1.2154232998075702
Ti2CO2-Ti2CO2-NM,5.585090812667427
Zr2CO2-Ti2CO2-NM,6.890960034256811
Ti2C-CdI2-AFM,1.9459756212636452
Zr2C-CdI2-AFM,2.62352009977303
Hf3C2O2-Ti3C2O2-NM,5.713401574245487
Zr3C2O2-Ti3C2O2-NM,5.504168076411683
Hf3N2O2-Ti3C2O2-NM,6.490741139370073
Y3N2O2-Ti3C2O2-FM,12.473461805020662
Zr3N2O2-Ti3C2O2-NM,6.083047711698781
CrSeTe-MoSSe-NM,-4.533729982400163
CrSSe-MoSSe-NM,-5.377771428792628
CrSTe-MoSSe-NM,-4.302606665342471
HfBrCl-MoSSe-NM,2.6185219674055977
HfBrI-MoSSe-NM,1.790094653846705
HfClI-MoSSe-NM,1.8373409083548218
HfSeTe-MoSSe-NM,-0.22079436024059193
HfSSe-MoSSe-NM,0.1448048603036464
HfSTe-MoSSe-NM,0.15248569906923926
MoSeTe-MoSSe-NM,-6.498587964429521
MoSSe-MoSSe-NM,-7.54540126618477
MoSTe-MoSSe-NM,-6.3912048739658704
TiBrCl-MoSSe-NM,-0.66657355221844
TiBrI-MoSSe-NM,-1.0726361384062637
TiClI-MoSSe-NM,-1.066479460246256
TiSeTe-MoSSe-NM,-0.29402019392779893
TiSSe-MoSSe-NM,-0.2806546012132337
TiSTe-MoSSe-NM,0.1881715942238417
VSeTe-MoSSe-FM,0.00981517698744138
WSeTe-MoSSe-NM,-7.586176108896733
WSSe-MoSSe-NM,-8.622314731002675
WSTe-MoSSe-NM,-7.476841146718676
ZrBrCl-MoSSe-NM,1.6805390666974036
ZrBrI-MoSSe-NM,1.1781237025650049
ZrClI-MoSSe-NM,1.2472548702630193
ZrSeTe-MoSSe-NM,-0.09650880850502516
ZrSSe-MoSSe-NM,0.18159376131987565
ZrSTe-MoSSe-NM,0.470851583505545
AsClTe-MoSSe-NM,2.2021265306197035
BiBrS-MoSSe-NM,0.08643140443994764
BiClS-MoSSe-NM,0.4158958512177593
BiClSe-MoSSe-NM,0.05147129659247924
BiIS-MoSSe-NM,-0.40216090360583195
BiClTe-MoSSe-NM,2.8898791070357293
BrSSb-MoSSe-NM,0.10372941413574731
ClSbSe-MoSSe-NM,0.1583693599287749
BrSbTe-MoSSe-NM,2.620500411230454
ClSSb-MoSSe-NM,0.5423481315182911
ISbSe-MoSSe-NM,-0.9318993115923385
ClSbTe-MoSSe-NM,2.8176488537884414
BiISe-MoSSe-NM,-0.7382158660601404
BiBrTe-MoSSe-NM,2.6491972427966393
BiITe-MoSSe-NM,2.435104095711109
BrSbSe-MoSSe-NM,-0.2643885567743266
ISSb-MoSSe-NM,-0.5894373293416562
ISbTe-MoSSe-NM,2.383616206954014
AsBrS-MoSSe-NM,-1.2359154574909514
AsClS-MoSSe-NM,-0.8216856505022841
AsBrSe-MoSSe-NM,2.2896282092567355
AsISe-MoSSe-NM,-1.9916222578822658
AsIS-MoSSe-NM,-1.6679331062957417
AsBrTe-MoSSe-NM,2.062219705050548
AsITe-MoSSe-NM,1.9724131108452652
BiBrSe-MoSSe-NM,-0.27825359816099504
Ge2S2-SnS-NM,1.5038619860579474
Ge2Se2-SnS-NM,-4.355700945039811
Ge2Te2-SnS-NM,0.7901947787463856
P4-P-NM,3.421756680831139
Pb2S2-PbS-NM,-4.8708940921822395
Pb2Se2-PbS-NM,-2.800590565562635
Pb2Te2-PbS-NM,-2.0789147546321183
S2Si2-SnS-NM,1.8597593754740995
Se2Si2-SnS-NM,1.837048149671383
Si2Te2-SnS-NM,0.4537780058184643
Sn2S2-SnS-NM,0.38825990103153674
Sn2Se2-SnS-NM,0.4274783941685131
Sn2Te2-PbS-NM,-3.4094146002958543
As4-P-NM,2.4564667197051837
Pb2Te2-PbSe-NM,-0.397542051946534
Cd2S4-PdS2-NM,1.3426307646425986
Cd2Se4-WTe2-NM,-2.6078120429358456
Cd2Te4-WTe2-NM,-0.7824675556673518
Co2Se4-PdS2-AFM,-2.355777901178817
Co2Se4-PdS2-FM,-8.127972865661489
Co2Te4-PdS2-AFM,-1.5396603619556077
Co2Te4-PdS2-FM,-6.6102015516177515
Fe2S4-MnS2-AFM,-3.7754208805673803
Ge2S4-WTe2-NM,-1.6164468406240486
Ge2Te4-MnS2-NM,-0.5751726279267011
In2S4-Undefined-NM,-1.4880106722936703
Mn2S4-MnS2-AFM,-8.159206101178183
Mo2S4-MnS2-FM,-2.1027624194018353
Ni2S4-PdS2-NM,-7.059803370061612
Ni2Se4-PdS2-NM,-5.167254241907993
Ni2Te4-PdS2-NM,-2.561251017875109
Os2S4-MnS2-NM,-1.4955112848125596
Os2Se4-MnS2-NM,-0.6162991230555
Os2Te4-MnS2-NM,-1.090405557395813
Pb2S4-WTe2-NM,-2.1061107525956753
Pb2Se4-WTe2-NM,-1.941139467691133
Pb2Te4-WTe2-NM,-1.2254122694663405
Pd2S4-PdS2-NM,-7.312019458183309
Pd2Se4-PdS2-NM,-5.408891130723606
Pd2Te4-PdS2-NM,-2.04715707073415
Pt2S4-PdS2-NM,-5.741550267497695
Pt2Se4-PdS2-NM,-3.694972838060542
Pt2Te4-PdS2-NM,-3.4434397449583187
Ru2Te4-MnS2-NM,-1.1491218131979104
Sn2Se4-WTe2-NM,-2.075696267485637
Zn2S4-PdS2-NM,-1.0866021985791001
Zn2Se4-PdS2-NM,-2.8819382294478197
Zn2Te4-PdS2-NM,-3.729679175982957
Co4S8-ReS2-NM,-2.0180709194329727
In4Br8-Undefined-NM,1.8897002432648573
Ir4S8-ReS2-NM,-5.234255710589055
Ir4Se8-ReS2-NM,-1.4341095643783597
Ir4Te8-ReS2-NM,-1.6653026200815897
Nb4O8-Undefined-NM,1.680713552157585
Re4O8-ReS2-NM,2.027219348176289
Re4S8-ReS2-NM,-4.219452216635828
Re4Se8-ReS2-NM,-4.267712316132604
Re4Te8-ReS2-NM,-1.1549599591049218
Rh4S8-ReS2-NM,-4.104816010437102
Rh4Se8-ReS2-NM,-1.2770248153571229
Ta4O8-Undefined-NM,6.693120725904536
CrO2-MoS2-NM,-5.046007773442405
CrS2-MoS2-NM,-5.818691757932921
CrSe2-MoS2-NM,-5.166149778487961
CrTe2-MoS2-NM,-4.285670759130766
GeO2-CdI2-NM,-8.528519081123909
GeO2-MoS2-NM,-6.972283055832329
GeS2-CdI2-NM,-3.0916499482421367
HfO2-CdI2-NM,5.591685077349148
HfO2-MoS2-NM,1.8922423773505712
HfS2-CdI2-NM,2.2658646001221623
HfS2-MoS2-NM,0.18794150890223543
HfSe2-CdI2-NM,1.1419894924668108
HfSe2-MoS2-NM,-0.15394363558497764
HfTe2-MoS2-NM,-0.4246553567430891
MnO2-CdI2-FM,-0.1186443824012863
MnS2-CdI2-FM,1.837530748256061
MoO2-MoS2-NM,-6.774118448396433
MoS2-MoS2-NM,-8.094092378963861
MoSe2-MoS2-NM,-7.29963586103367
MoTe2-MoS2-NM,-6.179765386153731
NiO2-CdI2-NM,-0.8664871048542537
NiS2-CdI2-NM,-1.9140332142379348
NiSe2-CdI2-NM,-1.4676001543384833
PbO2-CdI2-NM,-2.00285518962622
PbS2-CdI2-NM,-1.622242798803763
PbS2-MoS2-NM,-4.203950073150039
PbSe2-CdI2-NM,-1.8207184490723842
PbSe2-MoS2-NM,-1.53811643991137
PdO2-CdI2-NM,-1.1777197973846785
PdS2-CdI2-NM,-1.6944657205885352
PdSe2-CdI2-NM,-1.74313085580002
PdTe2-CdI2-NM,-1.7156178969604339
PtO2-CdI2-NM,-3.5793073801304054
PtS2-CdI2-NM,-2.282107358822654
PtSe2-CdI2-NM,-2.415271424923669
PtTe2-CdI2-NM,-2.2707985675197824
ScO2-MoS2-FM,-2.991722724913635
ScS2-MoS2-FM,-3.5706113002576485
ScSe2-MoS2-FM,-3.606900911761874
SnO2-CdI2-NM,-3.9443254563149637
SnO2-MoS2-NM,-2.8493289785950253
SnS2-CdI2-NM,-2.584400489833739
SnS2-MoS2-NM,-3.001315652344387
SnSe2-CdI2-NM,-2.5728247310327172
SnSe2-MoS2-NM,-2.0276519190787807
TiO2-CdI2-NM,-0.013328431106782872
TiO2-MoS2-NM,0.5935379524279252
TiS2-MoS2-NM,-0.49788512284050207
TiSe2-MoS2-NM,-0.6613514398107523
TiTe2-MoS2-NM,-0.7147865759040092
VSe2-MoS2-FM,-4.688503870160831
VTe2-MoS2-FM,-4.2751593260111385
WO2-MoS2-NM,-7.618212362920385
WS2-MoS2-NM,-9.152003007205249
WSe2-MoS2-NM,-8.435067837772344
WTe2-MoS2-NM,-7.268228457442127
ZrO2-CdI2-NM,-2.0410272538212633
ZrO2-MoS2-NM,1.3894992080981878
ZrS2-CdI2-NM,2.356633984150717
ZrS2-MoS2-NM,0.20848372962187278
ZrSe2-CdI2-NM,1.3312917517520249
ZrSe2-MoS2-NM,-0.13679205301006678
ZrTe2-MoS2-NM,-0.45484460359395473
ScH2-MoS2-FM,1.06745011310374
Cr2Mo2S8-CrWS4-NM,-5.489599936070124
Cr2Mo2Se8-CrWS4-NM,-4.934665421535629
Cr2Mo2Te8-CrWS4-NM,-4.3365085873902895
Cr2W2S8-CrWS4-NM,-5.246892250597575
Cr2W2Se8-CrWS4-NM,-4.833331059862088
Cr2W2Te8-CrWS4-NM,-4.304803781670536
Cr3MoS8-CrW3S8-NM,-5.580790543668896
Cr3MoSe8-CrW3S8-NM,-5.021329282627293
Cr3WS8-CrW3S8-NM,-5.39915315825773
Cr3WSe8-CrW3S8-NM,-4.904689278707244
Cr3WTe8-CrW3S8-NM,-4.1836054672030265
CrMo3S8-CrW3S8-NM,-5.803681692354588
CrMo3Se8-CrW3S8-NM,-5.2525026999390585
CrMo3Te8-CrW3S8-NM,-4.768974148056308
CrW3S8-CrW3S8-NM,-5.489262390188361
CrW3Se8-CrW3S8-NM,-5.141228671725036
CrW3Te8-CrW3S8-NM,-4.766237354492348
Mo2W2S8-CrWS4-NM,-7.171937168852945
Mo2W2Se8-CrWS4-NM,-5.965867543873902
Mo2W2Te8-CrWS4-NM,-6.070066867841063
Mo3WS8-CrW3S8-NM,-7.836033188848908
Mo3WSe8-CrW3S8-NM,-6.696534471673077
Mo3WTe8-CrW3S8-NM,-6.2456145665113585
MoW3S8-CrW3S8-NM,-7.90088075648315
MoW3Se8-CrW3S8-NM,-6.583189879095934
MoW3Te8-CrW3S8-NM,-6.766993170366212
Hf2Ti2S8-CrWS4-NM,0.23443871428652754
Hf2Ti2Se8-CrWS4-NM,-0.04035794923435831
Hf2Ti2Te8-CrWS4-NM,-0.7252459033381642
Ti2Zr2S8-CrWS4-NM,0.2734365186203555
Ti2Zr2Se8-CrWS4-NM,-0.07460828026907128
Ti2Zr2Te8-CrWS4-NM,-0.6642858170975656
HfTi3S8-CrW3S8-NM,0.043376226939142025
HfTi3Se8-CrW3S8-NM,-0.36178153860045886
Ti3ZrS8-CrW3S8-NM,0.22096920067170406
Ti3ZrSe8-CrW3S8-NM,-0.31890854925796347
Ti3ZrTe8-CrW3S8-NM,-0.7044049730125101
Hf3TiS8-CrW3S8-NM,0.2744634087121117
Hf3TiSe8-CrW3S8-NM,-0.1569970270894444
Hf3TiTe8-CrW3S8-NM,-0.6917572408490098
TiZr3S8-CrW3S8-NM,0.07579604177090252
TiZr3Se8-CrW3S8-NM,-0.09585962661695291
TiZr3Te8-CrW3S8-NM,-0.5601920287585738
Hf2Zr2S8-CrWS4-NM,0.31571560446586455
Hf2Zr2Se8-CrWS4-NM,-0.10344115023854582
Hf2Zr2Te8-CrWS4-NM,-0.46698930996788274
HfZr3S8-CrW3S8-NM,0.2596135401928801
HfZr3Se8-CrW3S8-NM,-0.06530995210504265
HfZr3Te8-CrW3S8-NM,-0.4546047913892606
Hf3ZrS8-CrW3S8-NM,0.2573423524711979
Hf3ZrSe8-CrW3S8-NM,-0.1095101855744565
Hf3ZrTe8-CrW3S8-NM,-0.4263184657218861
Al2Br2O2-FeOCl-NM,-8.18550244455911
Al2Br2S2-FeOCl-NM,-6.297552429364105
Al2Br2Se2-FeOCl-NM,-1.3569784638046405
Al2Cl2O2-FeOCl-NM,-8.440052683231764
Al2Cl2S2-FeOCl-NM,-6.635027964255097
Al2Cl2Se2-FeOCl-NM,-1.7627615340675928
Al2I2O2-FeOCl-NM,-8.311937609653674
Al2I2S2-FeOCl-NM,-5.626396777953192
Al2I2Se2-FeOCl-NM,-5.8743735612925185
Bi2Br2O2-FeOCl-NM,-3.6305399712671007
Bi2Br2S2-FeOCl-NM,-5.333481945349368
Bi2Br2Se2-FeOCl-NM,-5.334008855793802
Bi2Cl2O2-FeOCl-NM,-3.488447214616894
Bi2Cl2S2-FeOCl-NM,-5.155685366537544
Bi2Cl2Se2-FeOCl-NM,-5.356666198469965
Bi2I2O2-FeOCl-NM,-0.8462835292149671
Bi2I2S2-FeOCl-NM,-5.2397885767158305
Bi2I2Se2-FeOCl-NM,-5.525119453875682
Br2Ge2N2-FeOCl-NM,-10.137656561661302
Cl2Ge2N2-FeOCl-NM,-10.622089262962318
Cr2Br2O2-FeOCl-AFM,-5.003451721808283
Cr2Br2O2-FeOCl-FM,-3.8513131267616263
Cr2Br2S2-FeOCl-AFM,-4.128462895253076
Cr2Br2S2-FeOCl-FM,-3.821556614503524
Cr2Br2Se2-FeOCl-AFM,-3.913726107827732
Cr2Br2Se2-FeOCl-FM,-3.1270034135214826
Cr2Cl2O2-FeOCl-AFM,-4.605363125708368
Cr2Cl2O2-FeOCl-FM,-3.905327246860572
Cr2Cl2S2-FeOCl-AFM,-3.9521838260016
Cr2Cl2S2-FeOCl-FM,-3.5474919554895115
Cr2Cl2Se2-FeOCl-AFM,-3.70112821936004
Cr2Cl2Se2-FeOCl-FM,-2.9493718890768483
Cr2I2O2-FeOCl-AFM,-4.473751211253861
Cr2I2O2-FeOCl-FM,-3.9576980419708154
Cr2I2S2-FeOCl-AFM,-4.354379192214157
Cr2I2S2-FeOCl-FM,-3.660712289187861
Cr2I2Se2-FeOCl-AFM,-4.017137802536626
Cr2I2Se2-FeOCl-FM,-3.2296708684629944
Ga2Br2O2-FeOCl-NM,-7.955174174516901
Ga2Br2S2-FeOCl-NM,-0.41991267345994004
Ga2Br2Se2-FeOCl-NM,-0.12093719134213589
Ga2Cl2O2-FeOCl-NM,-7.932506648718363
Ga2Cl2S2-FeOCl-NM,-0.5060194215882864
Ga2Cl2Se2-FeOCl-NM,0.01672665645043389
Ga2I2O2-FeOCl-NM,-7.891137672901525
Ga2I2S2-FeOCl-NM,-5.802552141741326
Ga2I2Se2-FeOCl-NM,-0.049399839301637695
Hf2Br2N2-FeOCl-NM,-8.43423762458194
Hf2Cl2N2-FeOCl-NM,-8.382634318097496
Hf2I2N2-FeOCl-NM,-8.27274889445546
In2Br2O2-FeOCl-NM,-5.5038309304992294
In2Br2S2-FeOCl-NM,-4.570993364741741
In2Br2Se2-FeOCl-NM,-3.855382540083111
In2Cl2O2-FeOCl-NM,-5.1815596385517715
In2Cl2S2-FeOCl-NM,-4.511386074561845
In2Cl2Se2-FeOCl-NM,-3.592938724037177
In2I2O2-FeOCl-NM,-5.846569202325202
In2I2S2-FeOCl-NM,-5.449404542466593
In2I2Se2-FeOCl-NM,0.09569372573626794
Ir2Br2O2-FeOCl-NM,-2.1185333527807706
Ir2Br2S2-FeOCl-NM,-3.195216939067195
Ir2Cl2O2-FeOCl-NM,-3.506598826562656
Ir2Cl2S2-FeOCl-NM,-2.824178864140345
Ir2I2S2-FeOCl-NM,-0.9263224174385635
Mn2Br2N2-FeOCl-AFM,-1.6929897120557813
Mn2Cl2N2-FeOCl-AFM,-1.393280620558616
Mn2Cl2N2-FeOCl-FM,-5.06770360908952
Pt2Br2N2-FeOCl-NM,-1.9444500697290403
Pt2Cl2N2-FeOCl-NM,-1.6163566799756315
Sc2Br2O2-FeOCl-NM,-6.082520611009117
Sc2Br2S2-FeOCl-NM,-1.9991031103783647
Sc2Br2Se2-FeOCl-NM,-1.4237629610972677
Sc2Cl2O2-FeOCl-NM,-5.771788346842753
Sc2Cl2S2-FeOCl-NM,-1.7989867496071936
Sc2Cl2Se2-FeOCl-NM,-1.2919831137207816
Sc2I2O2-FeOCl-NM,-6.2155054230139015
Sc2I2S2-FeOCl-NM,-3.5747889949265073
Sc2I2Se2-FeOCl-NM,-1.7145632040217695
Sn2Br2N2-FeOCl-NM,-6.793582812039481
Sn2Cl2N2-FeOCl-NM,-6.959405805271465
Sn2I2N2-FeOCl-NM,-7.15901166900729
Ti2Br2N2-FeOCl-NM,-5.832560084451925
Ti2Cl2N2-FeOCl-NM,-5.811807439622781
Ti2I2N2-FeOCl-NM,-6.035982020680934
Tl2Br2O2-FeOCl-NM,-3.7208566917435864
Tl2Cl2O2-FeOCl-NM,-3.455757922773727
Tl2I2O2-FeOCl-NM,-3.8799213865290874
Tl2I2S2-FeOCl-NM,-1.9096540359194554
Zr2Br2N2-FeOCl-NM,-7.55555174424402
Zr2Cl2N2-FeOCl-NM,-7.413723105466692
Zr2I2N2-FeOCl-NM,-7.3668201468426595
Al2O2-GaS-NM,5.980714088050297
Al2S2-GaS-NM,0.5485170963177899
Al2Se2-GaS-NM,-0.5116093115214106
Al2Te2-GaS-NM,-1.925385804762911
Bi2O2-GaS-NM,-3.046530912252743
Bi2S2-GaS-NM,1.55706157209411
Bi2Se2-GaS-NM,0.7318253109418369
Ga2O2-GaS-NM,-1.8691196897051436
Ga2S2-GaS-NM,-8.987173263475132
Ga2Se2-GaS-NM,-8.860849273765147
Ga2Te2-GaS-NM,-1.8490882339262482
In2O2-GaS-NM,0.8535174736567036
In2S2-GaS-NM,-5.3087892735160995
In2Se2-GaS-NM,-5.86766477780715
In2Te2-GaS-NM,-6.997044186983311
Ir2O2-GaS-NM,-5.049019697534676
Ir2S2-GaS-NM,-4.858512168297749
Ir2Se2-GaS-NM,-4.512316859915428
Mn2Te2-GaS-AFM,0.3268308343204412
Rh2Se2-GaS-NM,-4.2349855407223265
Sc2O2-GaS-NM,4.029583277266282
Sc2S2-GaS-NM,1.785548040170965
Sc2Se2-GaS-NM,0.23920202282278394
Sc2Te2-GaS-NM,-1.3551910201878916
Ti2Te2-GaS-NM,-2.088728693091282
Tl2S2-GaS-NM,-4.172454626940078
Tl2Se2-GaS-NM,-4.419941045748312
Tl2Te2-GaS-NM,-5.003986651033413
V2O2-GaS-AFM,12.175398316818256
V2S2-GaS-NM,-3.937445946495941
V2Se2-GaS-NM,-3.919043037236843
V2Te2-GaS-NM,-4.096354374296595
Zr2Se2-GaS-NM,-0.6482848826160299
Zr2Te2-GaS-NM,-2.590160504497374
Hf2O6-TiS3-NM,4.702708927187307
Hf2S6-TiS3-NM,1.1177564524600883
Hf2Se6-TiS3-NM,2.8570728830531977
Pb2Te6-Undefined-NM,0.5931321261539527
Ru2Se6-VTe3-NM,-0.9666698526318929
Ti2O6-TiS3-NM,0.4941626870844427
Ti2S6-TiS3-NM,0.8192310619226628
Zr2O6-TiS3-NM,1.4356840914807318
Zr2S6-TiS3-NM,1.9306275153895671
Zr2Se6-TiS3-NM,2.7556709728378763
Cr2Br4-WTe2-AFM,-1.716942482598731
Cr2Br4-WTe2-FM,-1.7609942362003053
Cr2Cl4-WTe2-AFM,-1.4252817346542994
Cr2Cl4-WTe2-FM,-1.4530003230965547
Fe2S4-WTe2-NM,-3.2202515577410566
Fe2Se4-WTe2-NM,-2.0056031192587738
Fe2Te4-WTe2-NM,-1.4851934175419146
Hf2Br4-WTe2-NM,0.3870593772934136
Hf2Cl4-WTe2-NM,0.7970597309608745
Hf2I4-WTe2-NM,-1.3801697187472188
Mn2Cl4-CdI2-FM,-1.64023122748592
Mn2S4-WTe2-AFM,0.19798593728223474
Mn2Te4-WTe2-AFM,0.054465473463937625
Mo2Se4-WTe2-NM,-2.6344973274431385
Os2O4-WTe2-NM,-3.72524571888629
Os2S4-WTe2-NM,-3.554826118845432
Os2Se4-WTe2-NM,-2.8048670872487116
Os2Te4-WTe2-NM,-0.4059558398506677
Rh2Cl4-WTe2-AFM,-2.0270709883851326
Rh2Cl4-WTe2-FM,-0.3363183482412125
Ru2O4-WTe2-NM,-2.2078177475973524
Ru2S4-WTe2-NM,-3.86384229281811
Ru2Se4-WTe2-NM,-2.0064961812255553
Ru2Te4-WTe2-NM,-0.7066300534089108
Ti2Cl4-WTe2-NM,-1.384843868183189
Ti2I4-WTe2-NM,-1.682195574246606
Ti2O4-WTe2-NM,0.4750413739267644
V2Br4-CdI2-AFM,-2.1955637471812195
V2Cl4-CdI2-AFM,-1.695476339145214
V2I4-CdI2-AFM,-2.3709192646045993
Zr2Br4-WTe2-NM,-1.2840103357443293
Zr2Cl4-WTe2-NM,-0.4233519432252006
Zr2I4-WTe2-NM,-1.9342215108854495
C2F2-CH-NM,-0.03918483936221984
C2H2-CH-NM,2.0294611820494923
Ge2H2-CH-NM,-11.895596703891087
F2Si2-CH-NM,1.2953829147683076
H2Si2-CH-NM,-4.028648933015588
CF2Si-CH2Si-NM,0.7482268844976647
CH2Si-CH2Si-NM,0.36163460256041435
Sn2H2-CH-NM,-9.461648200872771
