Ag2O2-AuSe-NM,0.21216664896381918
Ag2S2-AuSe-NM,0.5622348511267643
Ag2Se2-AuSe-NM,0.45894642311609773
Ag2Te2-AuSe-NM,0.3507832059257431
Au2O2-AuSe-NM,0.14323745054901946
Au2S2-AuSe-NM,0.6423751443620438
Au2Se2-AuSe-NM,0.5518533610086838
Au2Te2-AuSe-NM,0.4548339825881358
Co2S2-NiSe-NM,-0.10539247410204385
Co2Se2-NiSe-NM,-0.12657256629315813
Co2Te2-NiSe-NM,-0.1874054457783022
Cu2O2-AuSe-NM,0.08132054799494187
Cu2S2-AuSe-NM,0.3451087269443201
Cu2Se2-AuSe-NM,0.283654953507106
Cu2Te2-NiSe-NM,-0.381406139658979
Hf2O2-AuSe-NM,-0.20215014466487455
Hf2S2-AuSe-NM,-0.33854131515461533
Hf2Se2-NiSe-NM,-0.691826373398969
Hf2Te2-NiSe-NM,-0.7795396731287836
Ir2O2-AuSe-NM,-0.6636042905273842
Ir2S2-NiSe-NM,-0.22589660919287552
Ir2Se2-AuSe-NM,-0.79997806658138
Ir2Te2-NiSe-NM,-0.2868304747744804
Mo2O2-RhO-NM,-0.7290885953122164
Mo2S2-Undefined-NM,-0.3134162538477685
Mo2Se2-Undefined-NM,-0.3451284479400384
Mo2Te2-Undefined-NM,-0.3716633286826542
Nb2O2-RhO-NM,-0.2857049171878054
Nb2S2-NiSe-NM,-0.5610537682709363
Nb2Se2-NiSe-NM,-0.43405028273351925
Nb2Te2-NiSe-NM,-0.3852291854392363
Ni2O2-AuSe-NM,-0.18690309969107735
Os2O2-RhO-NM,-0.7325119018883517
Os2S2-RhO-NM,-0.43198675545114684
Os2Se2-RhO-NM,-0.30932562974671474
Os2Te2-Undefined-NM,-0.5918742435372776
Pb2O2-Undefined-NM,0.341165490557793
Pb2Se2-RhO-NM,-0.17217119050791188
Pb2Te2-AuSe-NM,-1.4118585145967433
Pt2O2-AuSe-NM,-0.7245342389088169
Pt2S2-AuSe-NM,-0.4149353248364782
Pt2Se2-NiSe-NM,-0.2717701800419625
Pt2Te2-NiSe-NM,-0.1484824142063264
Re2O2-RhO-NM,-0.4263173347922445
Re2S2-RhO-NM,-0.36889675376826053
Re2Se2-RhO-NM,-0.29103060078102266
Re2Te2-Undefined-NM,-0.7490846216720216
Rh2O2-RhO-NM,-0.12518101436522
Rh2S2-AuSe-NM,-0.5668449307033497
Rh2Se2-AuSe-NM,-0.6605181863701581
Rh2Te2-NiSe-NM,-0.10160042997641178
Ru2O2-RhO-NM,-0.551215159766037
Ru2S2-RhO-NM,-0.3700280359850125
Ru2Se2-RhO-NM,-0.3746715649809302
Ru2Te2-Undefined-NM,-0.4513916691797267
Sc2O2-AuSe-NM,-0.34875960208234036
Sc2S2-AuSe-NM,-0.07087206384710079
Sc2Se2-NiSe-NM,-0.17929175272931705
Sc2Te2-NiSe-NM,-0.0886454374534458
Ta2O2-RhO-NM,-0.5538908192034131
Ta2S2-NiSe-NM,-0.5405621565360309
Ta2Se2-NiSe-NM,-0.6150552236220559
Ta2Te2-NiSe-NM,-0.5531524980504391
Ti2O2-AuSe-NM,-0.10940672905483047
Ti2S2-NiSe-NM,-0.4510522642285945
Ti2Se2-NiSe-NM,-0.4865992656916086
Ti2Te2-NiSe-NM,-0.5384598668712484
W2O2-AuSe-NM,-0.566984479926719
W2S2-AuSe-NM,-0.6762979115362743
W2Se2-NiSe-NM,-0.384343420584647
W2Te2-NiSe-NM,-0.4351219689238517
Zr2O2-AuSe-NM,-0.32092183729827417
Zr2S2-NiSe-NM,-0.6245937827032668
Zr2Se2-NiSe-NM,-0.6847205123246096
Zr2Te2-NiSe-NM,-0.7396453106849659
AlAs-BN-NM,0.9428651341038901
AlN-BN-NM,2.094095409962801
AlSb-GeSe-NM,1.027941248635429
AsB-BN-NM,0.4541656575267294
BN-BN-NM,2.0956636845278327
BP-BN-NM,0.5110759992272607
BSb-BN-NM,0.1604372461363389
GaAs-GeSe-NM,0.599933987309839
GaN-BN-NM,1.1975350882788265
GaP-GeSe-NM,0.870633400294345
GeO-GeSe-NM,1.0675568063375702
GeS-GeSe-NM,1.3703743493347618
GeSe-GeSe-NM,1.263179182611399
GeTe-GeSe-NM,0.9190528630589396
HgO-BN-NM,0.0034475346822425692
HgS-BN-NM,0.14158947515359147
HgSe-GeSe-NM,0.0643547858055215
HgTe-GeSe-NM,0.09330714045461044
InAs-GeSe-NM,0.5031728044612346
InN-BN-NM,0.515277013562535
InP-GeSe-NM,0.7490054566412268
InSb-GeSe-NM,0.4410600659183487
PbO-GeSe-NM,1.4151143397435735
PbS-GeSe-NM,1.3426135000204744
PbSe-GeSe-NM,1.2229829425937655
PbTe-GeSe-NM,0.967432521511681
SnO-GeSe-NM,0.9085834278286037
SnS-GeSe-NM,1.3933025552164975
SnSe-GeSe-NM,1.3270608168360103
SnTe-GeSe-NM,1.0637486397597022
AsBrS-BiTeI-NM,0.7154953942041263
AsClS-BiTeI-NM,0.7604843249882587
AsBrSe-BiTeI-NM,0.6467580861601094
AsClSe-BiTeI-NM,0.7223439619561022
AsISe-BiTeI-NM,0.6470130402360571
AsIS-BiTeI-NM,0.7644542747769644
AsBrTe-BiTeI-NM,0.6912674705956798
AsClTe-BiTeI-NM,0.814683072491971
AsITe-BiTeI-NM,0.6055484644775398
BiBrS-BiTeI-NM,0.9742643831599747
BiClS-BiTeI-NM,0.9916689285082507
BiBrSe-BiTeI-NM,0.8716559225368198
BiClSe-BiTeI-NM,0.9136206699247957
BiISe-BiTeI-NM,0.8783295583889176
BiIS-BiTeI-NM,1.016944910585969
BiBrTe-BiTeI-NM,0.8644987177405006
BiClTe-BiTeI-NM,0.9466246646234049
BiITe-BiTeI-NM,0.8004418014251024
BrSSb-BiTeI-NM,0.7494477083136589
ClSSb-BiTeI-NM,0.7864165223377686
BrSbSe-BiTeI-NM,0.6680399298713647
ClSbSe-BiTeI-NM,0.7361108631727277
ISbSe-BiTeI-NM,0.6703443162719203
ISSb-BiTeI-NM,0.7958153891544977
BrSbTe-BiTeI-NM,0.704087226595785
ClSbTe-BiTeI-NM,0.8137732983621543
ISbTe-BiTeI-NM,0.6091748746903272
BiWSb-BiTeI-NM,-0.1106777310910832
WBrI-BiTeI-NM,-0.7468862679840079
WSeTe-BiTeI-NM,0.035396714127227266
WSSe-BiTeI-NM,-0.18204777946810238
BiZrAs-BiTeI-NM,-1.55867650430895
ZrAsSb-BiTeI-NM,-1.5728251237948356
ZrBrCl-BiTeI-NM,-0.31191314328030445
ZrBrI-BiTeI-NM,-0.23093611529692687
ZrSeTe-BiTeI-NM,0.032570273474151305
ZrSSe-BiTeI-NM,0.46843497483381624
ZrSTe-BiTeI-NM,0.05208164683397847
BiCrAs-BiTeI-NM,0.032780748325906515
CrAsSb-BiTeI-NM,-0.00755996696339051
CrSeTe-BiTeI-NM,0.02673634995743867
CrSSe-BiTeI-NM,-0.0034087099787639733
CrSTe-BiTeI-NM,-0.05072792881850477
BiHfAs-BiTeI-NM,-1.65449958300866
HfAsSb-BiTeI-NM,-1.5670283193696057
BiHfSb-BiTeI-NM,-1.5380265228545824
HfBrCl-BiTeI-NM,-0.2816734777804896
HfBrI-BiTeI-NM,-0.19338631377544385
HfClI-BiTeI-NM,-0.14039897075808244
HfSeTe-BiTeI-NM,0.07095038180495698
HfSSe-BiTeI-NM,0.47882409456779473
HfSTe-BiTeI-NM,0.06331039295230577
BiMoAs-BiTeI-NM,-0.010728359717182495
MoAsSb-BiTeI-NM,-0.09710798985544701
BiMoSb-BiTeI-NM,-0.07359378607055952
MoBrCl-BiTeI-NM,-0.8599189318724648
MoBrI-BiTeI-NM,-0.7172099224709712
MoClI-BiTeI-NM,-0.7268383462153502
MoSeTe-BiTeI-NM,0.06456170544916688
MoSSe-BiTeI-NM,-0.058909201040965295
MoSTe-BiTeI-NM,0.12468040907405664
BiNbAs-BiTeI-NM,-1.3002576444909508
NbAsSb-BiTeI-NM,-1.183316228078487
BiNbSb-BiTeI-NM,-1.0422890387606238
NbBrCl-BiTeI-NM,-0.32422950485677204
NbBrI-BiTeI-NM,-0.22625012497114175
NbClI-BiTeI-NM,-0.16045628730035974
NbSeTe-BiTeI-NM,-0.47317156649625297
NbSSe-BiTeI-NM,-0.3290730318891254
NbSTe-BiTeI-NM,-0.3575823059902343
BiTaAs-BiTeI-NM,-1.4327233866486715
TaAsSb-BiTeI-NM,-1.3061428429232123
BiTaSb-BiTeI-NM,-1.1971286223741107
TaBrCl-BiTeI-NM,-0.2958900654833123
TaBrI-BiTeI-NM,-0.1912442048241721
TaClI-BiTeI-NM,-0.11385578910227076
TaSeTe-BiTeI-NM,-0.527369207545766
TaSSe-BiTeI-NM,-0.23340177000073212
TaSTe-BiTeI-NM,-0.4459441249552637
BiTiAs-BiTeI-NM,-1.2607964956799433
TiAsSb-BiTeI-NM,-1.2863679189459254
BiTiSb-BiTeI-NM,-1.1321331955207967
TiBrCl-BiTeI-NM,-0.2116803958757974
TiSeTe-BiTeI-NM,-0.16439476135291017
TiSSe-BiTeI-NM,-0.008932576361329004
TiSTe-BiTeI-NM,-0.07349065522432162
BiVAs-BiTeI-NM,-1.01255696815693
VAsSb-BiTeI-NM,-0.9802811655545441
BiVSb-BiTeI-NM,-0.8118866777408469
VSSe-BiTeI-NM,-0.23036643998155745
BiWAs-BiTeI-NM,-0.09338029989443569
WAsSb-BiTeI-NM,-0.1294275791412387
WBrCl-BiTeI-NM,-0.779926451027632
WClI-BiTeI-NM,-0.645232430617747
WSTe-BiTeI-NM,0.11329263462314573
BiZrSb-BiTeI-NM,-1.439471202614296
ZrClI-BiTeI-NM,-0.1769565621871752
As2-C-NM,0.776437310328966
C2-C-NM,0.0002175969838198359
Ge2-C-NM,0.000203083996175903
Si2-C-NM,0.00010327083205973073
Sn2-C-NM,0.00014329748782539363
As2C6-C3N-NM,-0.6355458772621164
As2Ge6-C3N-NM,-0.36799857751326087
As2Si6-C3N-NM,-0.42354843678768933
Bi2C6-C3N-NM,-0.3042949453125058
Bi2Ge6-C3N-NM,-0.6770752265896258
Bi2Si6-C3N-NM,-0.7924702121550536
Bi2Sn6-C3N-NM,-0.5538800892745779
C6N2-C3N-NM,0.2743598908315555
C6P2-C3N-NM,-0.25770793415629406
C6Sb2-C3N-NM,-0.6198473733004086
Ge6N2-C3N-NM,-0.0999382726921977
Ge6P2-C3N-NM,-0.20270356581569135
Ge6Sb2-C3N-NM,-0.4192185943383371
N2Si6-C3N-NM,-0.3720564825482691
P2Si6-C3N-NM,-0.31684401964038267
Sb2Si6-C3N-NM,-0.4727657386668059
Sn6As2-C3N-NM,-0.1191681984851353
Sn6N2-C3N-NM,-0.0927582220339274
Sn6P2-C3N-NM,-0.06931316349510615
Sn6Sb2-C3N-NM,-0.21424408210670465
Sc2S2-CH-NM,-0.20531596040594935
Sc2Se2-CH-NM,-0.15185390796380493
Ti2S2-CH-NM,0.027444023105507732
Ti2F2-CH-NM,-0.3046558126771264
V2S2-CH-NM,-0.4930621398936728
V2F2-CH-NM,0.0005516985675778785
Cr2F2-CH-NM,-0.1510038791013138
Co2S2-CH-NM,-0.7544939870274573
Co2Se2-CH-NM,-0.7703523672243819
Co2Te2-CH-NM,-0.8409231121980074
Ni2S2-CH-NM,-0.6527874783711796
Ni2Se2-CH-NM,-0.6877648435903678
Ni2Te2-CH-NM,-0.8431588625792851
Cu2S2-CH-NM,-0.7853617247156545
Cu2Se2-CH-NM,-0.7530849952194093
Cu2Te2-CH-NM,-1.0699173133935902
Cu2F2-CH-NM,-0.08076651888196384
Cu2Cl2-CH-NM,1.2065517974576276
Cu2Br2-CH-NM,1.1663638589914578
Cu2I2-CH-NM,1.1696969280702785
Zn2S2-CH-NM,1.1624370454078863
Zn2Se2-CH-NM,0.7980185822047493
Zn2Te2-CH-NM,0.38925207157394937
Zn2F2-CH-NM,-0.37737427689695835
Zn2Cl2-CH-NM,-0.15025299767709296
Zn2Br2-CH-NM,-0.1044864421548707
Ga2Te2-CH-NM,-1.0384487182454993
Br2Ge2-CH-NM,-0.4896949605311174
Ge2I2-CH-NM,-0.284345714186351
Zr2S2-CH-NM,0.038819737021417756
Zr2Se2-CH-NM,0.04406109591958067
Zr2Te2-CH-NM,0.04782655691488389
Zr2F2-CH-NM,-0.4434830762569777
Zr2Cl2-CH-NM,0.002037856696918464
Zr2Br2-CH-NM,0.0022075246768040444
Zr2I2-CH-NM,-0.052320925326142305
Nb2S2-CH-NM,-0.3290344327133646
Nb2Se2-CH-NM,-0.47570173645748665
Nb2Te2-CH-NM,-0.6743179379445079
Nb2I2-ISb-NM,-0.05281293506518564
Mo2S2-CH-NM,-0.42821269358221015
Mo2Se2-CH-NM,-0.35826088492762925
Mo2Te2-CH-NM,-0.27514780947591455
Mo2F2-CH-NM,-0.46342724975763605
Mo2Cl2-CH-NM,-0.3986456607501042
Mo2Br2-CH-NM,-0.3741723656940448
Ru2S2-CH-NM,-1.2515399668878886
Ru2Se2-CH-NM,-1.1787248479192445
Ru2Te2-CH-NM,-1.0013885249493317
Ru2F2-GaSe-NM,-0.7587666492515184
Ru2Cl2-CH-NM,-0.48929656959616374
Rh2S2-CH-NM,-0.9840821252127007
Rh2Se2-CH-NM,-0.9578013375110478
Rh2Te2-CH-NM,-1.0385841183041906
Rh2I2-CH-NM,-0.5659403443701874
Pd2S2-CH-NM,-0.7584278610219063
Pd2Se2-CH-NM,-0.701317896175241
Pd2Te2-CH-NM,-0.8073114793002053
Pd2F2-GaSe-NM,0.4667964776546037
Pd2Cl2-CH-NM,-0.14259712692022047
Pd2Br2-CH-NM,-0.14620030675952228
Pd2I2-CH-NM,-0.14525648038623803
Ag2Se2-CH-NM,-0.7687076612650428
Ag2Te2-CH-NM,-0.9290629393714049
Ag2F2-Undefined-NM,0.5377932238401881
Ag2Cl2-CH-NM,1.2115590116021844
Ag2Br2-CH-NM,1.1893351875531213
Ag2I2-CH-NM,1.1446442643256811
Cd2S2-CH-NM,1.056615355668244
Cd2Se2-CH-NM,0.7738307198388429
Cd2Te2-CH-NM,0.4744084894235735
Cd2F2-CH-NM,-0.21767486018231397
Cd2Cl2-CH-NM,-0.06945254617043553
Cd2Br2-CH-NM,-0.04140019331870654
In2S2-CH-NM,-0.057196338634468914
In2Te2-CH-NM,-1.1782072420210212
In2I2-CH-NM,0.6156076940713239
Sn2Cl2-CH-NM,-0.0406544285821204
Sn2Br2-CH-NM,-0.05285188763922442
Sn2I2-CH-NM,-0.4161188084432559
S2Sb2-CH-NM,0.21846338256882755
Sb2Se2-CH-NM,0.1560709174484495
Sb2Te2-CH-NM,-0.19612907994873385
F2Sb2-Undefined-NM,-2.102534447638327
Cl2Sb2-CH-NM,0.00337167656103234
Br2Sb2-CH-NM,0.0021177579539492317
I2Sb2-ISb-NM,0.16269740839216648
Hf2S2-CH-NM,0.06057816376323239
Hf2Se2-CH-NM,0.05286966877084215
Hf2Te2-CH-NM,-0.07852217292648718
Hf2F2-CH-NM,-0.5926619409564237
Hf2Cl2-CH-NM,-0.5110704285138343
Hf2Br2-CH-NM,-0.4272008193612738
Hf2I2-CH-NM,-0.24615002524253152
Ta2S2-CH-NM,-0.28930364898418726
Ta2Se2-CH-NM,-0.4454107625035542
Ta2Te2-CH-NM,-0.7047294153486466
Ta2I2-CH-NM,-0.3098945921148968
W2S2-CH-NM,-0.3152845945595746
W2Se2-CH-NM,-0.2626411763963932
W2F2-CH-NM,-0.5153324821860791
W2Cl2-CH-NM,-0.4732278333757179
Re2S2-CH-NM,0.00011027676638520141
Re2Cl2-CH-NM,-0.04612032756112366
Os2S2-CH-NM,-0.572489609313671
Os2F2-CH-NM,-0.9045048908986049
Ir2S2-CH-NM,-0.08537034945830659
Ir2Se2-CH-NM,-0.08228131769653975
Ir2Te2-CH-NM,-1.1800472126909107
Ir2F2-Undefined-NM,-0.902954158403073
Ir2Cl2-ISb-NM,-0.6143584412599328
Pt2S2-CH-NM,-0.7751930283410823
Pt2Se2-CH-NM,-0.8116493365867322
Pt2Te2-CH-NM,-1.1312594143869443
Pt2Cl2-GaSe-NM,0.6014483589143678
Au2Se2-CH-NM,-0.507818741580431
Au2Te2-CH-NM,-0.6479917799227244
Au2Br2-CH-NM,0.5311902988910647
Au2I2-CH-NM,0.6900612780993186
Hg2Se2-CH-NM,0.0013697974209271626
Hg2Te2-CH-NM,0.0010611364251149372
Hg2F2-CH-NM,-0.027206760042070403
Hg2Cl2-CH-NM,0.0005454311549102705
Hg2Br2-CH-NM,0.0020579893084252208
Hg2I2-GaSe-NM,0.7323536356477903
Tl2Se2-CH-NM,-1.0962188434423827
Tl2Te2-CH-NM,-1.0327838360648398
Tl2Cl2-CH-NM,2.1573930403204113
Tl2Br2-ISb-NM,1.949918760742702
Tl2I2-CH-NM,1.7750509759001674
Pb2Te2-CH-NM,0.7947577738301428
Pb2F2-CH-NM,0.09781290694322299
Pb2Cl2-CH-NM,0.28135981919455016
Pb2Br2-CH-NM,0.26943691289139016
Pb2I2-ISb-NM,-0.6021270537221372
Bi2S2-CH-NM,0.3770637379145569
Bi2Se2-CH-NM,0.29826351122445705
Bi2Te2-CH-NM,0.0992691025168259
Bi2F2-CH-NM,-1.4462959152494608
Bi2Cl2-CH-NM,0.004473977205279969
Bi2Br2-CH-NM,0.0027800417750476047
Bi2I2-CH-NM,0.001425335906836785
Co2Se2-FeSe-NM,-0.6376015835752409
Co2Te2-FeSe-NM,-0.5646108912100523
Fe2S2-FeSe-NM,-0.3059096101694041
Hf2O2-FeSe-NM,-0.24409066570451257
Hf2S2-FeSe-NM,-0.4737475705554411
Hf2Se2-FeSe-NM,-0.5271037674251965
Hf2Te2-FeSe-NM,-0.5552868232960924
Ir2O2-FeSe-NM,-0.45526984904703155
Ir2S2-FeSe-NM,-1.0496069163895085
Ir2Se2-FeSe-NM,-0.8556659408720751
Ir2Te2-FeSe-NM,-0.8509371994636893
Mo2O2-FeSe-NM,-0.5237461811796081
Mo2S2-FeSe-NM,-0.28690458894953624
Mo2Se2-FeSe-NM,-0.22436573329086307
Mo2Te2-FeSe-NM,-0.15239777698721674
Nb2O2-FeSe-NM,-0.8259113735586414
Nb2S2-FeSe-NM,-0.7576408978851993
Nb2Se2-FeSe-NM,-0.5913200434480892
Nb2Te2-FeSe-NM,-0.4987573894386414
Ni2S2-FeSe-NM,-0.8329741103744315
Ni2Se2-FeSe-NM,-0.6235799785961329
Ni2Te2-FeSe-NM,-0.2394216291073577
Os2O2-FeSe-NM,-0.41361531771426624
Os2S2-FeSe-NM,-0.4871946601175887
Os2Se2-FeSe-NM,-0.36894378334536215
Os2Te2-FeSe-NM,-0.38195256432615515
Pb2O2-FeSe-NM,0.6043955326543364
Pb2S2-FeSe-NM,0.48075177180454304
Pb2Se2-FeSe-NM,0.3929443910733298
Pb2Te2-FeSe-NM,0.3003048654721283
Pt2O2-FeSe-NM,0.31425562740136265
Pt2S2-FeSe-NM,-0.03138345807432381
Pt2Se2-FeSe-NM,-0.021785142600855983
Pt2Te2-FeSe-NM,-0.05728062118604775
Re2O2-FeSe-NM,-0.6193989175582219
Re2S2-FeSe-NM,-1.0530604962820014
Re2Se2-FeSe-NM,-0.9267879077127277
Re2Te2-FeSe-NM,-0.7914990504303772
Rh2O2-FeSe-NM,-0.4886402780834545
Rh2S2-FeSe-NM,-0.946227836994134
Rh2Se2-FeSe-NM,-0.968825346444909
Rh2Te2-FeSe-NM,-1.028287325412074
Ru2O2-FeSe-NM,-0.2927762447679421
Ru2S2-FeSe-NM,-0.46706898509806266
Ru2Se2-FeSe-NM,-0.4610054988294822
Ru2Te2-FeSe-NM,-0.4524001124687801
Sc2O2-FeSe-NM,-1.473905759637573
Sc2S2-FeSe-NM,-0.23777746997401614
Sc2Se2-FeSe-NM,-0.3152720026500711
Sc2Te2-FeSe-NM,-0.4031511969061519
Ta2O2-FeSe-NM,-0.728908747716019
Ta2S2-FeSe-NM,-0.8521012924185046
Ta2Se2-FeSe-NM,-0.7746587490090181
Ta2Te2-FeSe-NM,-0.7139039949926955
Ti2S2-FeSe-NM,-0.575996917747025
Ti2Se2-FeSe-NM,-0.5590075866211311
Ti2Te2-FeSe-NM,-0.518844753618237
V2O2-FeSe-NM,-0.8335008549659135
W2O2-FeSe-NM,-0.2767731611526732
W2S2-FeSe-NM,-0.24296814059173422
W2Se2-FeSe-NM,-0.19266278372191634
W2Te2-FeSe-NM,-0.1374542475311775
Zr2O2-FeSe-NM,-0.36809321754560953
Zr2S2-FeSe-NM,-0.618994091206242
Zr2Se2-FeSe-NM,-0.6542280639029174
Zr2Te2-FeSe-NM,-0.6860561535400548
Ca2F2-PbSe-NM,-0.8512833814149132
Ti2I2-FeSe-NM,-0.9638170149830091
V2Cl2-FeSe-NM,-0.05805286139181905
V2I2-FeSe-NM,0.007856279639419612
Ca2Cl2-FeSe-NM,-0.6476678786390814
Ti2Cl2-FeSe-NM,-0.9576945337436792
V2Br2-FeSe-NM,-0.020834074003335437
Ti2Br2-FeSe-NM,-0.9331355651340317
Cu2F2-FeSe-NM,0.28203039049847733
Cu2Cl2-FeSe-NM,1.2309867980764089
Cu2Br2-FeSe-NM,1.1592914711141733
Cu2I2-FeSe-NM,1.2505829398183919
Ga2Cl2-FeSe-NM,1.2116594414099113
Ga2I2-FeSe-NM,0.9661294173285624
Sr2F2-PbSe-NM,-0.778282650186603
Sr2Br2-FeSe-NM,-0.600150998784459
Zr2F2-FeSe-NM,-1.3520436952774504
Zr2Cl2-FeSe-NM,-1.0679123142000084
Zr2Br2-FeSe-NM,-1.0139361090664833
Zr2I2-FeSe-NM,-0.9871676630036141
Ru2F2-FeSe-NM,-0.7839012430664558
Pd2Cl2-FeSe-NM,-0.3268389401541833
Pd2Br2-FeSe-NM,-0.19896465410600245
Ag2F2-FeSe-NM,0.946712148568367
Ag2Cl2-FeSe-NM,1.4131523363648542
Ag2Br2-FeSe-NM,1.2412754088201365
Ag2I2-FeSe-NM,1.209177490919808
Cd2F2-FeSe-NM,-0.7159541698104434
In2Cl2-FeSe-NM,1.2412579941466342
In2I2-FeSe-NM,1.0550736319170262
Sn2Br2-FeSe-NM,-1.402210068796702
Cs2F2-FeSe-NM,3.1807747950631398
Ba2Cl2-FeSe-NM,-1.3822382912869524
Ba2Br2-FeSe-NM,-1.091941552721879
Hf2Cl2-FeSe-NM,-1.1455263725944398
Hf2Br2-FeSe-NM,-1.1132551643480733
Hf2I2-FeSe-NM,-1.1312440696983324
Ta2F2-FeSe-NM,-0.01585875118091731
Au2Cl2-FeSe-NM,0.45571595076311994
Au2Br2-FeSe-NM,0.6218135412951658
Au2I2-FeSe-NM,0.6317690001226393
Hg2Br2-FeSe-NM,-0.27866478452539145
Tl2Br2-FeSe-NM,1.5239431386590307
Tl2I2-FeSe-NM,1.4002852010137636
Ag2Te2-GaSe-NM,-0.9727913585404798
Al2S2-GaSe-NM,1.2965942971934055
Al2Se2-GaSe-NM,1.222678086111243
Al2Te2-GaSe-NM,1.147617479060265
Au2S2-GaSe-NM,-1.0876363717454571
Au2Se2-GaSe-NM,-1.0477074838207072
Au2Te2-GaSe-NM,-1.039344334845723
Bi2S2-GaSe-NM,-0.3538840361200899
Bi2Se2-GaSe-NM,0.4300457331956397
Bi2Te2-GaSe-NM,0.40863418856891937
Co2S2-GaSe-NM,-0.9200090216741494
Co2Se2-GaSe-NM,-0.8032235070939098
Cu2Se2-GaSe-NM,-0.9372337742808288
Cu2Te2-GaSe-NM,-0.7753501954516129
Fe2S2-GaSe-NM,-0.570478691973682
Fe2Se2-GaSe-NM,-0.55606499762102
Ga2S2-GaSe-NM,0.957980006482884
Ga2Se2-GaSe-NM,0.7566337274436548
Ga2Te2-GaSe-NM,0.6429117876076099
Hf2S2-GaSe-NM,-0.6035544807329355
Hf2Te2-GaSe-NM,-0.17000536617880666
In2S2-GaSe-NM,0.8787481168687813
In2Se2-GaSe-NM,0.7361011539982443
In2Te2-GaSe-NM,0.656161498974904
Ir2S2-GaSe-NM,-0.133217518945839
Ir2Se2-GaSe-NM,0.0005244854279889687
Ir2Te2-GaSe-NM,-0.968299422788147
Mo2Se2-CH-NM-2,-0.46117428496017
Nb2S2-GaSe-NM,-0.23361315718018363
Nb2Se2-GaSe-NM,-0.21781857509099795
Nb2Te2-GaSe-NM,-0.24982581675004917
Ni2S2-GaSe-NM,-0.9056536189752168
Ni2Se2-GaSe-NM,-0.9018040601325699
Ni2Te2-GaSe-NM,-0.8599411412742738
Os2S2-GaSe-NM,-0.9765400560496768
Pd2S2-GaSe-NM,-1.0022452825730335
Pd2Se2-GaSe-NM,-0.8817269330803857
Pd2Te2-GaSe-NM,-0.9561115027275954
Pt2S2-GaSe-NM,-1.0529958727404318
Pt2Se2-GaSe-NM,-0.9741551178365309
Pt2Te2-GaSe-NM,-1.0595165764786636
Rh2S2-GaSe-NM,-0.3438598282581068
Rh2Se2-GaSe-NM,-0.2923861871363577
Rh2Te2-GaSe-NM,-0.538219989809849
Ru2S2-GaSe-NM,-0.824490350348603
Ru2Se2-GaSe-NM,-0.7851792152269125
S2Sb2-GaSe-NM,-1.0123927632175111
Sb2Se2-GaSe-NM,0.3667415574853984
Sc2S2-GaSe-NM,0.0004070849000281151
Sc2Se2-GaSe-NM,0.00024787399775655903
Sc2Te2-GaSe-NM,0.00040143859333935443
Ta2S2-GaSe-NM,-0.3968631125751184
Ta2Se2-GaSe-NM,-0.44662784230978236
Ti2S2-GaSe-NM,-0.5585431759864049
Tl2S2-GaSe-NM,0.41870478113067083
Tl2Se2-GaSe-NM,0.3252022837772811
Tl2Te2-GaSe-NM,0.26721393444104624
W2S2-GaSe-NM,-0.4105989019587912
W2Se2-CH-NM-2,-0.41448988066322867
W2Te2-GaSe-NM,-0.6556518952031634
Zr2S2-GaSe-NM,-0.5900634918519602
Zr2Se2-GaSe-NM,-0.2939501793374576
Zr2Te2-GaSe-NM,0.11598002569398809
FeO2-GeS2-NM,-0.4614872349448893
FeS2-GeS2-NM,-0.7676915962885803
FeF2-GeS2-NM,-0.0712423633504664
NiSe2-GeS2-NM,-0.7711515752483333
NiTe2-GeS2-NM,-0.8827287402239806
NiCl2-GeS2-NM,3.3034776706237334e-06
CuTe2-GeS2-NM,-1.2730006145166672
CuF2-GeS2-NM,-0.11799912066124182
CuBr2-GeS2-NM,-0.8277486343832547
CuI2-GeS2-NM,-0.983586468841608
ZnS2-GeS2-NM,-1.6292757834545564
ZnSe2-GeS2-NM,-1.6079348536822764
ZnF2-GeS2-NM,2.5053382537125812
ZnCl2-GeS2-NM,2.1158384852928127
ZnI2-GeS2-NM,1.3122904724094877
GaSe2-GeS2-NM,-1.403097961079881
GeS2-GeS2-NM,0.7617324360133518
GeSe2-GeS2-NM,0.4304734717661908
Cl2Ge-GeS2-NM,0.7613565289982391
GeI2-GeS2-NM,0.7324593985916571
RbTe2-GeS2-NM,-1.8329514265938427
RbI2-Undefined-NM,-1.7628077236526956
GaTe2-GeS2-NM,-1.4519510377403508
GeO2-GeS2-NM,1.6210991039059102
GeTe2-GeS2-NM,0.08762043414006189
F2Ge-GeS2-NM,0.940121742275181
Br2Ge-GeS2-NM,0.780777320832128
RbSe2-GeS2-NM,-1.6397893184699754
KSe2-GeS2-NM,-1.8470456068993673
KTe2-GeS2-NM,-1.9033649895119922
CaSe2-GeS2-NM,-1.3536443248072723
CaTe2-GeS2-NM,-1.5338513431863403
CaBr2-GeS2-NM,3.26626717542266
CaI2-GeS2-NM,2.5586820902104197
ScS2-GeS2-NM,-0.8607624431673134
ScSe2-GeS2-NM,-0.9984226591106499
ScTe2-GeS2-NM,-1.0920175512952892
TiO2-GeS2-NM,1.32141018120161
TiS2-GeS2-NM,0.6091883431373277
TiSe2-GeS2-NM,0.4745174949254385
TiTe2-GeS2-NM,0.3131665406621941
VF2-GeS2-NM,-0.4887863446126816
MnS2-GeS2-NM,-0.10570024037426613
FeSe2-GeS2-NM,-0.7157985948547863
CoO2-GeS2-NM,-0.5162069650393826
CuSe2-GeS2-NM,-1.292639370424959
CuCl2-GeS2-NM,-0.7170088148721643
ZnTe2-GeS2-NM,-1.5690236866010505
ZnBr2-GeS2-NM,1.7214389621348958
GaS2-GeS2-NM,-1.3793779033161175
SrTe2-GeS2-NM,-1.3329497011922204
YTe2-GeS2-NM,-0.9197006030857149
YF2-GeS2-NM,1.622561562810125
YCl2-GeS2-NM,1.1781175881670327
ZrO2-GeS2-NM,1.9711495324829171
ZrS2-GeS2-NM,1.030780919685053
ZrSe2-GeS2-NM,0.8362530175970935
ZrTe2-GeS2-NM,0.5817305075478113
ZrF2-GeS2-NM,-0.6593718874220347
ZrCl2-GeS2-NM,-0.6079067422386275
NbS2-GeS2-NM,0.5726069110314583
NbSe2-GeS2-NM,0.4028000745889607
NbF2-GeS2-NM,-0.6386142085184755
NbCl2-GeS2-NM,-0.6402746422557996
NbBr2-GeS2-NM,-0.6551625041943091
MoO2-GeS2-NM,-0.401802491867861
MoS2-GeS2-NM,-0.3009095369016994
MoSe2-GeS2-NM,-0.16394611293738148
RuO2-GeS2-NM,-0.8161649877253802
RuS2-GeS2-NM,-0.9339373495966545
RuSe2-GeS2-NM,-0.881723820593065
RuF2-GeS2-NM,0.09671918257625163
RhO2-GeS2-NM,-0.8281528270179086
RhI2-GeS2-NM,-0.4757889666025997
PdSe2-GeS2-NM,-1.1531365234108664
PdTe2-GeS2-NM,-1.0270407829797645
PdCl2-GeS2-NM,-0.7363094956161844
PdBr2-GeS2-NM,-0.8010289459481472
PdI2-GeS2-NM,-0.9474919088847302
AgSe2-GeS2-NM,-1.660450087123371
AgTe2-GeS2-NM,-1.56257926721467
AgF2-Undefined-NM,-0.49227114898626134
AgCl2-GeS2-NM,-0.836953732398391
AgBr2-GeS2-NM,-0.8058824352238257
AgI2-GeS2-NM,-0.8650114333202277
CdSe2-GeS2-NM,-1.4882555619434985
CdTe2-GeS2-NM,-1.506075718939559
CdF2-GeS2-NM,2.2777027283990976
CdCl2-GeS2-NM,1.9734812045303438
CdBr2-GeS2-NM,1.6710844234773312
CdI2-GeS2-NM,1.36238441820712
InS2-GeS2-NM,-1.2257972111852782
InSe2-GeS2-NM,-1.2720143164440312
InTe2-GeS2-NM,-1.3451111557625461
SnO2-GeS2-NM,1.531263178692796
SnS2-GeS2-NM,0.9227676720447398
SnSe2-GeS2-NM,0.6234242412033767
SnTe2-GeS2-NM,0.3497612038874488
SnF2-GeS2-NM,1.0517579760145057
SnCl2-GeS2-NM,0.8618426122850837
SnBr2-GeS2-NM,0.8012702509902208
SnI2-GeS2-NM,0.8004037764281113
S2Sb-GeS2-NM,0.41712132001137336
SbSe2-GeS2-NM,0.21961509392631942
BaTe2-GeS2-NM,-1.1806565625976722
HfO2-GeS2-NM,2.1215470825499483
HfS2-GeS2-NM,1.1273478549199947
HfSe2-GeS2-NM,0.9308568942519685
HfTe2-GeS2-NM,0.6673306769700322
HfF2-GeS2-NM,-0.5705732358630916
HfCl2-GeS2-NM,-0.5861652765987614
HfBr2-GeS2-NM,-0.6078671535917723
HfI2-GeS2-NM,-0.5645775143292047
TaS2-GeS2-NM,0.6399339436820708
TaSe2-GeS2-NM,0.4813737427354834
TaTe2-GeS2-NM,0.2625833620858313
TaF2-GeS2-NM,-0.6929884133022736
TaCl2-GeS2-NM,-0.6206023601172349
TaBr2-GeS2-NM,-0.6210744447278165
WO2-GeS2-NM,0.02163087950129674
WS2-GeS2-NM,-0.4479898329794396
ReS2-GeS2-NM,-0.2652918018795204
ReF2-GeS2-NM,-0.3019091243385858
OsF2-GeS2-NM,-0.2534480105394941
IrS2-GeS2-NM,-0.5430117407999373
IrTe2-GeS2-NM,-0.7653817606812591
PtO2-GeS2-NM,-0.09943044581421767
PtI2-GeS2-NM,-0.9393646798806313
AuTe2-GeS2-NM,-1.2773546159770448
AuCl2-GeS2-NM,-0.7498341109010198
AuBr2-GeS2-NM,-0.8482273115578066
AuI2-GeS2-NM,-0.950691784382561
HgO2-GeS2-NM,8.900123809433553e-05
HgTe2-GeS2-NM,-1.3849776354902177
HgF2-GeS2-NM,1.4897304278751617
HgCl2-GeS2-NM,1.4205311840477668
HgBr2-GeS2-NM,1.2124191771387156
HgI2-GeS2-NM,0.9991021277593809
TlSe2-GeS2-NM,-1.2803617562994904
TlTe2-GeS2-NM,-1.3548298254889395
TlF2-GeS2-NM,1.118830424264916
TlI2-GeS2-NM,0.5257792901339641
PbO2-GeS2-NM,1.0338000663155045
PbS2-GeS2-NM,0.6208372208886623
PbSe2-GeS2-NM,0.37587251448124426
PbTe2-GeS2-NM,0.12016917374065864
PbF2-GeS2-NM,1.6077173665017719
PbCl2-GeS2-NM,1.301332586327226
PbBr2-GeS2-NM,1.216740772171141
PbI2-GeS2-NM,1.1384686428664748
BiS2-GeS2-NM,0.22403762650438935
BiSe2-GeS2-NM,0.054244315493464736
BiF2-GeS2-NM,0.826330464027729
Cd2P2S6-MnPSe3-NM,0.9747919540730134
Sc2P2S6-ScPSe3-NM,0.4235126922515401
Sc2P2Te6-MnPSe3-NM,-0.2643168676112277
Fe2P2S6-MnPSe3-NM,0.43219322860641024
Fe2P2Se6-MnPSe3-NM,0.32324523572218866
Fe2P2Te6-MnPSe3-NM,0.28611121154981395
Co2P2Se6-MnPSe3-NM,-0.07540243682589942
Co2P2Te6-MnPSe3-NM,-0.15887713339702
Cu2P2Se6-MnPSe3-NM,-0.1170772426572996
Ir2P2Te6-MnPSe3-NM,0.050155629689842635
Zn2P2Se6-MnPSe3-NM,0.6871356315730792
Zn2P2Te6-MnPSe3-NM,0.41475165315980733
Zr2P2S6-Undefined-NM,0.45273035897749064
Zr2P2Se6-Undefined-NM,0.2804398016168161
Zr2P2Te6-Undefined-NM,-0.16867817141363234
Mo2P2S6-Undefined-NM,0.10901945126665963
Mo2P2Se6-Undefined-NM,0.03190353702305095
Mo2P2Te6-Undefined-NM,-0.014826632612869711
Ru2P2S6-MnPSe3-NM,0.3392739530037334
Ru2P2Se6-MnPSe3-NM,0.2379889022489856
Ru2P2Te6-MnPSe3-NM,0.2686421724168763
Rh2P2Se6-MnPSe3-NM,0.01652872176118547
Rh2P2Te6-MnPSe3-NM,-0.022512136459339718
Pd2P2S6-MnPSe3-NM,0.0004165637249431212
Pd2P2Se6-MnPSe3-NM,-0.01175232812339475
Pd2P2Te6-MnPSe3-NM,-0.03698214000895909
Hg2P2Se6-MnPSe3-NM,0.42031441834425637
Co2P2S6-MnPSe3-NM,-0.11757894529653491
Rh2P2S6-MnPSe3-NM,-0.18285139036240355
Cd2P2Se6-MnPSe3-NM,0.7049144394013889
Hf2P2S6-Undefined-NM,0.49171517034479845
Hf2P2Se6-Undefined-NM,0.30531807234435854
Hf2P2Te6-Undefined-NM,0.04571922837003072
Ta2P2S6-Undefined-NM,-0.00159745794236487
Ta2P2Se6-Undefined-NM,0.23171154258577825
W2P2S6-Undefined-NM,0.035158084667327005
W2P2Se6-Undefined-NM,-0.03483907142533221
Os2P2S6-ScPSe3-NM,0.13357601338862113
Os2P2Se6-MnPSe3-NM,-0.009819274869878889
Os2P2Te6-MnPSe3-NM,0.16058698949542788
Ir2P2S6-MnPSe3-NM,0.015309015289085797
Ir2P2Se6-MnPSe3-NM,0.008818479599670128
Pt2P2S6-MnPSe3-NM,0.000537119389293767
Pt2P2Se6-Undefined-NM,0.19563272046568753
Pt2P2Te6-MnPSe3-NM,-0.05500347777597154
Hg2P2S6-MnPSe3-NM,0.6237833062968735
Cu2P2S6-MnPSe3-NM,-0.053098992096737914
Cd2P2Te6-MnPSe3-NM,0.48395943838481115
Ge2P2Te6-Undefined-NM,0.4289263058857908
Cu2P2Te6-MnPSe3-NM,-0.25350791118361043
Ga2P2Se6-MnPSe3-NM,-0.1590251243639801
Ga2P2Te6-Undefined-NM,0.24974187221190172
Ge2P2S6-MnPSe3-NM,0.7022674378345491
Ge2P2Se6-MnPSe3-NM,0.5242020755114986
In2P2S6-Undefined-NM,0.4254781232427434
In2P2Se6-MnPSe3-NM,-0.05060707400289538
In2P2Te6-MnPSe3-NM,-0.13149257620070523
Sn2P2S6-MnPSe3-NM,0.5917124067687175
Sn2P2Se6-MnPSe3-NM,0.4654120161188885
Sn2P2Te6-MnPSe3-NM,0.2615502738878718
P2Sb2Se6-ScPSe3-NM,0.546165139569968
Tl2P2S6-MnPSe3-NM,-0.12080275766836665
Tl2P2Se6-MnPSe3-NM,-0.14196605457896866
Tl2P2Te6-MnPSe3-NM,-0.20096551010972855
Pb2P2S6-MnPSe3-NM,0.8499637159971504
Pb2P2Se6-MnPSe3-NM,0.7041575745901754
Bi2P2S6-VPSe3-NM,0.6019647860279451
Bi2P2Se6-ScPSe3-NM,0.6030763325459862
Bi2P2Te6-ScPSe3-NM,0.42663756980306133
Ag2P2S6-MnPSe3-NM,-0.04490344982982074
Ag2P2Se6-MnPSe3-NM,-0.05098974102443305
Ag2P2Te6-MnPSe3-NM,-0.183032908453766
Al2P2S6-ScPSe3-NM,0.6936596485957487
Al2P2Se6-ScPSe3-NM,0.3697804028636034
Al2P2Te6-MnPSe3-NM,-0.36002966096602396
Au2P2S6-Undefined-NM,-0.012769871151182497
Au2P2Se6-Undefined-NM,-0.0031169503745943072
Au2P2Te6-MnPSe3-NM,-0.1465446705604662
Sc2P2Se6-ScPSe3-NM,0.34614628960109595
Nb2P2Te6-Undefined-NM,-0.26399512716510953
P2Sb2Te6-ScPSe3-NM,0.3872117662773914
Zn2P2S6-MnPSe3-NM,1.019276854412021
Ta2P2Te6-Undefined-NM,0.1367117478732065
Pb2P2Te6-MnPSe3-NM,0.5109079608072302
Hg2P2Te6-MnPSe3-NM,0.25256396692457983
Ni2P2Te6-MnPSe3-NM,-0.12414771096251602
AgBr2-CdI2-NM,-0.31186739768587535
AgI2-CdI2-NM,-0.4627986523887062
AlBr2-CdI2-NM,1.4703833480937714
AlCl2-CdI2-NM,1.7013313287455833
AlI2-CdI2-NM,0.8782134274272855
AuBr2-CdI2-NM,-0.2780948878818139
AuCl2-CdI2-NM,-0.2772185162529667
AuI2-CdI2-NM,-0.383248821371608
BaBr2-CdI2-NM,2.7685268907544387
BaCl2-CdI2-NM,3.0493050871884257
BaI2-CdI2-NM,2.3853912074502284
CaCl2-CdI2-NM,2.7527704459175584
CaI2-CdI2-NM,2.0683167384131558
CdBr2-CdI2-NM,1.6436058470465902
CdCl2-CdI2-NM,1.9705397314281958
CdI2-CdI2-NM,1.2186352192986476
CuI2-CdI2-NM,-0.5220133011952178
FeBr2-CdI2-NM,0.6075605188154051
FeCl2-CdI2-NM,0.6365372306713744
FeI2-CdI2-NM,0.5826415568584383
GaBr2-CdI2-NM,0.8738819717585706
GaI2-CdI2-NM,0.359629659064679
Br2Ge-CdI2-NM,1.174241158726046
Cl2Ge-CdI2-NM,1.2704052803870987
GeI2-CdI2-NM,1.0216990235278742
HfBr2-CdI2-NM,-0.2942333230413294
HfCl2-CdI2-NM,-0.34133362322192173
HfI2-CdI2-NM,-0.2504817179581874
HgBr2-CdI2-NM,1.1420644636654063
HgCl2-CdI2-NM,1.3616201103014647
HgI2-CdI2-NM,0.7870797483233943
InCl2-CdI2-NM,1.2572383149866901
InI2-CdI2-NM,0.6327401987876796
IrBr2-CdI2-NM,0.6138871613699284
IrI2-CdI2-NM,0.6083005670399892
MgBr2-CdI2-NM,2.5023380866082334
MgCl2-CdI2-NM,3.0657920672681227
MgI2-CdI2-NM,1.9882510199549206
MoBr2-CdI2-NM,-0.818726852921586
MoCl2-CdI2-NM,-0.9179571368196956
NbBr2-CdI2-NM,-0.3468795381555994
NbCl2-CdI2-NM,-0.40736492503090393
NbI2-CdI2-NM,-0.2802577702215179
OsBr2-CdI2-NM,0.673313055535832
OsCl2-CdI2-NM,0.7230922585955547
OsI2-CdI2-NM,0.6510837478349905
PbBr2-CdI2-NM,1.477182680836891
PbCl2-CdI2-NM,1.5947507809118424
PbI2-CdI2-NM,1.3466835890709115
PdI2-CdI2-NM,-0.35425440919841855
PtI2-CdI2-NM,-0.3345709778979863
ReCl2-CdI2-NM,-0.8834147118414148
RhI2-CdI2-NM,0.5644024531462898
RuBr2-CdI2-NM,0.6851955613101266
RuCl2-CdI2-NM,0.734844942724835
RuI2-CdI2-NM,0.65565965112661
ScBr2-CdI2-NM,1.1840513141544822
ScCl2-CdI2-NM,1.4422972197460402
ScI2-CdI2-NM,0.8635416065918411
SnBr2-CdI2-NM,1.1798727721347202
SnCl2-CdI2-NM,1.261322185258154
SnI2-CdI2-NM,1.0713524180632266
SrBr2-CdI2-NM,3.0085578621600035
SrCl2-CdI2-NM,3.32144687400844
SrI2-CdI2-NM,2.4170395941832608
TaBr2-CdI2-NM,-0.32082642580566945
TaCl2-CdI2-NM,-0.38188655655263837
TaI2-CdI2-NM,-0.26906536934841707
TiCl2-CdI2-NM,-0.26571744629127014
TlBr2-CdI2-NM,0.7663767638318235
TlCl2-CdI2-NM,0.8962749376371529
TlI2-CdI2-NM,0.25810449977812655
WBr2-CdI2-NM,-0.7828135258025941
WCl2-CdI2-NM,-0.8547745289172263
WI2-CdI2-NM,-0.7528116302408834
YBr2-CdI2-NM,1.3185632497013542
YCl2-CdI2-NM,1.6132330475242191
YI2-CdI2-NM,0.9724916577514684
ZnBr2-CdI2-NM,1.6277694587418459
ZnCl2-CdI2-NM,2.096517321888295
ZnI2-CdI2-NM,1.0067434183216348
ZrBr2-CdI2-NM,-0.3333367056764437
ZrCl2-CdI2-NM,-0.38207321446095366
ZrI2-CdI2-NM,-0.2710549252123664
SbTe2-CdI2-NM,-0.3436296081979826
MoSb2-CdI2-NM,-0.08781030483866159
NbAs2-CdI2-NM,-1.044191508013842
Bi2Nb-CdI2-NM,-1.0958895145573404
SbSe2-CdI2-NM,0.036547268987085775
MoAs2-CdI2-NM,-0.15276482148245935
NbSb2-CdI2-NM,-1.058545392905816
AsBr2-CdI2-NM,0.8815211695587747
AsSe2-CdI2-NM,-0.3578799974332567
AsS2-CdI2-NM,-0.12154625225101993
AsTe2-CdI2-NM,-0.7260719144157586
BiSe2-CdI2-NM,-0.2080805445259219
BiS2-CdI2-NM,0.12396733461014807
BiTe2-CdI2-NM,-0.4969161097032379
CrAs2-CdI2-NM,-0.06040843519859801
HfAs2-CdI2-NM,-1.5316739477753423
Bi2Hf-CdI2-NM,-1.5492385116874399
HfSb2-CdI2-NM,-1.55453089403795
S2Sb-CdI2-NM,0.39764980732834004
TaAs2-CdI2-NM,-1.1686724909841961
TaSb2-CdI2-NM,-1.2238219250951263
TiAs2-CdI2-NM,-1.3538776708715132
Bi2Ti-CdI2-NM,-1.132404057755302
TiSb2-CdI2-NM,-1.1544530887857842
VAs2-CdI2-NM,-1.015361360316782
VSb2-CdI2-NM,-0.8149760358960251
WAs2-CdI2-NM,-0.2520722157626612
ZrAs2-CdI2-NM,-1.6118824257220494
Bi2Zr-CdI2-NM,-1.4227636868415878
ZrSb2-CdI2-NM,-1.4503810203015561
AgI2-MoS2-NM,-0.3418185796422466
AlI2-MoS2-NM,0.425842402097541
AuBr2-MoS2-NM,-0.0844682946506302
AuCl2-MoS2-NM,-0.19795763796288157
BaBr2-MoS2-NM,2.3133670268269095
BaCl2-MoS2-NM,2.48597224973257
BaI2-MoS2-NM,2.0835315430389576
Br2Ge-MoS2-NM,1.2471055605266534
CaBr2-MoS2-NM,2.3238867019081013
CaCl2-MoS2-NM,2.482692794819124
CaI2-MoS2-NM,1.870968576771677
CdBr2-MoS2-NM,1.3524366284331608
CdCl2-MoS2-NM,1.6818776215675977
CdI2-MoS2-NM,0.9325906240186267
Cl2Ge-MoS2-NM,1.396125383236259
CuI2-MoS2-NM,-0.391922958260481
GaBr2-MoS2-NM,0.5109421051518374
GaCl2-MoS2-NM,0.9219568482422058
GaI2-MoS2-NM,-0.021722478204240062
HfBr2-MoS2-NM,0.42423989471300766
HfCl2-MoS2-NM,0.46773384653519967
HfI2-MoS2-NM,0.38595458171345876
HgCl2-MoS2-NM,1.2965992602577256
HgI2-MoS2-NM,0.5846327993721923
InBr2-MoS2-NM,0.8327001890824491
InCl2-MoS2-NM,0.9756700987567305
InI2-MoS2-NM,0.31564689295966913
IrBr2-MoS2-NM,-0.2914325096873851
IrCl2-MoS2-NM,-0.39277841493001553
IrI2-MoS2-NM,-0.2517600355265746
MgBr2-MoS2-NM,2.0356417749676856
MgCl2-MoS2-NM,2.5232771199463797
MgI2-MoS2-NM,1.6677891190349456
MoBr2-MoS2-NM,-0.30358012444116433
MoCl2-MoS2-NM,-0.5312310045693791
NbBr2-MoS2-NM,0.25126453367483337
NbCl2-MoS2-NM,0.2666545729316189
NbI2-MoS2-NM,0.2595273815643271
OsI2-MoS2-NM,-0.2125575881530411
PbBr2-MoS2-NM,1.624566098673889
PbCl2-MoS2-NM,1.7136598622467392
PbI2-MoS2-NM,1.372561232289692
PdBr2-MoS2-NM,-0.15021991977864654
PdI2-MoS2-NM,-0.0015197764254273743
PtBr2-MoS2-NM,-0.23452944993331085
PtCl2-MoS2-NM,-0.3238849407553978
PtI2-MoS2-NM,-0.12516644527400975
RhI2-MoS2-NM,-0.284594064431257
SnBr2-MoS2-NM,1.3190441990954074
SnCl2-MoS2-NM,1.3860191080895428
SnI2-MoS2-NM,1.090368294152946
SrBr2-MoS2-NM,2.5989993036752463
SrCl2-MoS2-NM,2.7333935219743553
SrI2-MoS2-NM,2.2435701693947974
TaBr2-MoS2-NM,0.24447091692712128
TaCl2-MoS2-NM,0.2531696177486721
TaI2-MoS2-NM,0.2581944359056778
TiBr2-MoS2-NM,0.31898323543987783
TiCl2-MoS2-NM,0.36095116407360295
TiI2-MoS2-NM,0.2345699621887443
TlBr2-MoS2-NM,0.5159022417941099
TlCl2-MoS2-NM,0.6677180105096963
TlI2-MoS2-NM,-0.02079187041983484
WBr2-MoS2-NM,-0.3130405594735477
WCl2-MoS2-NM,-0.5519171416137916
WI2-MoS2-NM,-0.18215655965220728
ZnBr2-MoS2-NM,1.2772803207528143
ZnCl2-MoS2-NM,1.6904866809555397
ZnI2-MoS2-NM,0.6504244734844644
ZrBr2-MoS2-NM,0.4287929950051006
ZrCl2-MoS2-NM,0.4765461636416732
ZrI2-MoS2-NM,0.3832895372615837
TiAs2-MoS2-NM,-1.2374228478917075
S2Sb-MoS2-NM,-0.09925302768675343
TaSb2-MoS2-NM,-1.211703418404073
SbTe2-MoS2-NM,-0.9639992024767913
Bi2Ti-MoS2-NM,-0.9351687090397942
TaAs2-MoS2-NM,-1.240036564353452
BiSe2-MoS2-NM,-0.617846462350945
BiS2-MoS2-NM,-0.3838865975738666
BiTe2-MoS2-NM,-0.9164252582143988
CrAs2-MoS2-NM,-0.11484050057757424
HfAs2-MoS2-NM,-1.594676880556327
Bi2Hf-MoS2-NM,-1.375890216896559
HfSb2-MoS2-NM,-1.463052004154883
MoAs2-MoS2-NM,-0.28766183629162445
MoSb2-MoS2-NM,-0.20280203270489214
NbAs2-MoS2-NM,-1.164109499749825
Bi2Nb-MoS2-NM,-1.1064927149591512
NbSb2-MoS2-NM,-1.0724022702088416
SbSe2-MoS2-NM,-0.585323583959719
TiSb2-MoS2-NM,-1.0213328580168248
VAs2-MoS2-NM,-0.9168971764222551
VSb2-MoS2-NM,-0.7367209671114624
WAs2-MoS2-NM,-0.49713470447507524
ZrAs2-MoS2-NM,-1.5075124477894446
Bi2Zr-MoS2-NM,-1.3800128252447923
ZrSb2-MoS2-NM,-1.383272280571551
Ag2I6-BiI3-NM,-0.12009026064023365
Al2Br6-BiI3-NM,1.9665681921969818
Al2Cl6-BiI3-NM,2.5037564174809357
Al2I6-BiI3-NM,1.3201751956937995
As2Br6-BiI3-NM,1.190105067794643
As2I6-BiI3-NM,1.0692425843931783
Au2I6-BiI3-NM,0.001295265327465004
Bi2Br6-BiI3-NM,1.4915038583643692
Bi2Cl6-BiI3-NM,1.5844605726479755
Bi2I6-BiI3-NM,1.3163805624394975
Br6Sb2-BiI3-NM,1.2078531254908542
Co2Br6-BiI3-NM,0.5894685489248943
Co2Cl6-BiI3-NM,0.6442131856045368
Co2I6-BiI3-NM,0.40199694292767074
Cu2I6-BiI3-NM,-0.13891269127885245
Ga2Br6-BiI3-NM,1.2315976829645843
Ga2Cl6-BiI3-NM,1.640653686495769
Ga2I6-BiI3-NM,0.7421656114643821
Hf2Br6-BiI3-NM,-0.275025633626874
Hf2Cl6-BiI3-NM,-0.29572863241365716
Hf2I6-BiI3-NM,-0.2452692926897393
I6Sb2-BiI3-NM,1.0907853067349336
In2Br6-BiI3-NM,1.4798920340848312
In2Cl6-BiI3-NM,1.8896434550372938
In2I6-BiI3-NM,1.015919068951663
Ir2Br6-BiI3-NM,0.7729780909526798
Ir2Cl6-BiI3-NM,0.8723123213760273
Ir2I6-BiI3-NM,0.7151457719810389
Os2I6-BiI3-NM,-0.08265396740545292
Rh2Br6-BiI3-NM,0.7120913961878729
Rh2Cl6-BiI3-NM,0.796205492779723
Rh2I6-BiI3-NM,0.6231847951571002
Ru2I6-BiI3-NM,-0.03850375238529394
Sc2Br6-BiI3-NM,1.3188580692384286
Sc2Cl6-BiI3-NM,1.6000117980743678
Sc2I6-BiI3-NM,1.006046506938807
Ta2Br6-BiI3-NM,-0.3339772291440017
Ta2Cl6-BiI3-NM,-0.39362029726369774
Ta2I6-BiI3-NM,-0.2594221088357761
Tl2Br6-BiI3-NM,1.0429719820639891
Tl2Cl6-BiI3-NM,1.3486172985291554
Tl2I6-BiI3-NM,0.6461391595144023
W2Cl6-BiI3-NM,0.37155514242482324
Y2Br6-BiI3-NM,2.029362253975491
Y2Cl6-BiI3-NM,2.36445621542002
Y2I6-BiI3-NM,1.5879054432290467
Ag2Br6-AgBr3-NM,0.0047635766731110325
Ag2I6-AgBr3-NM,-0.46704255858770466
Al2Br6-TiCl3-NM,1.4673516504229784
Al2Cl6-TiCl3-NM,1.9629578297273325
Al2I6-TiCl3-NM,0.8062175169582637
Au2Br6-AgBr3-NM,0.004829751043937464
Au2Cl6-AgBr3-NM,0.005420989254526113
Au2I6-AgBr3-NM,0.0047845964634141485
Bi2Br6-AgBr3-NM,1.3654786680104287
Bi2Cl6-AgBr3-NM,1.5201404784878596
Bi2I6-TiCl3-NM,1.2515413101150832
Cu2Br6-AgBr3-NM,0.004528919922087163
Cu2I6-AgBr3-NM,-0.08358139220532738
Ga2Br6-TiCl3-NM,0.8183358009509514
Ga2Cl6-TiCl3-NM,1.216289571346831
Ga2I6-TiCl3-NM,0.26231492196519746
In2Br6-TiCl3-NM,1.1486669781167316
In2Cl6-AgBr3-NM,1.5074156952991993
In2I6-TiCl3-NM,0.6293965901381149
Ir2Br6-TiCl3-NM,0.15740121543919178
Ir2Cl6-Undefined-NM,0.26333399782623973
Ir2I6-TiCl3-NM,0.11469352115904727
Nb2Br6-TiCl3-NM,-0.10807134248670744
Nb2Cl6-TiCl3-NM,-0.09048186832378147
Os2I6-TiCl3-NM,-0.25225204937368106
Pd2Br6-AgBr3-NM,-0.1682348794057564
Pd2I6-AgBr3-NM,-0.2694915258158211
Pt2I6-AgBr3-NM,-0.23410479854155994
Re2Br6-TiCl3-NM,0.04612849135429607
Re2Cl6-TiCl3-NM,0.022744557810583297
Rh2Br6-Undefined-NM,0.2507450461775294
Rh2Cl6-Undefined-NM,0.30163444160045094
Rh2I6-TiCl3-NM,0.05669769599823129
Ru2I6-TiCl3-NM,-0.31076055009237824
Sc2Br6-TiCl3-NM,1.1446119329178248
Sc2Cl6-AgBr3-NM,1.354236535746812
Sc2I6-TiCl3-NM,0.9533601802941005
Ta2Br6-TiCl3-NM,-0.18144825211440882
Ta2Cl6-TiCl3-NM,-0.1655543272268859
Ta2I6-TiCl3-NM,-0.15404850260515296
Tl2Br6-TiCl3-NM,0.778659752248119
Tl2Cl6-AgBr3-NM,1.0291361515079227
Tl2I6-TiCl3-NM,0.2887370910968959
W2Br6-TiCl3-NM,0.1562698747267008
W2Cl6-TiCl3-NM,0.35548984051660365
Y2Br6-AgBr3-NM,1.692394764458907
Y2Cl6-AgBr3-NM,2.048208584651923
Y2I6-TiCl3-NM,1.3487060029812248
Cr2C-CdI2-NM,-0.8419024681192043
Hf2CF2-Ti2CO2-NM,-0.19504629514367486
Mo2CF2-Ti2CO2-NM,-0.6008655403896206
Nb2CF2-Ti2CO2-NM,-0.632593385767005
Sc2CF2-Ti2CO2-NM,0.5859182259932345
Ta2CF2-Ti2CO2-NM,-0.7216950379541149
Ti2CF2-Ti2CO2-NM,-0.15982117203808097
W2CF2-Ti2CO2-NM,-0.7062305678884384
Y2CF2-Ti2CO2-NM,0.7586265655020086
Zr2CF2-Ti2CO2-NM,-0.20532145445595806
Mo2CH2O2-Ti2CH2O2-NM,-0.6777698280620407
Sc2CH2O2-Ti2CH2O2-NM,0.520907451805985
Ti2CH2O2-Ti2CH2O2-NM,-0.5736379471652727
Y2CH2O2-Ti2CH2O2-NM,0.6715058240076763
Hf2C-CdI2-NM,-0.5844149444226616
Hf2CO2-Ti2CO2-NM,0.5159292679264141
Mo2C-CdI2-NM,-1.5428043877438307
Mo2CO2-Ti2CO2-NM,-0.3849074175566331
Nb2C-CdI2-NM,-0.27732202870700595
Nb2CO2-Ti2CO2-NM,-0.37306075123429694
Sc2CO2-Ti2CO2-NM,-1.5739481338852852
Ta2CO2-Ti2CO2-NM,-0.3654062340007075
Ti2CO2-Ti2CO2-NM,0.2298537707138399
W2CO2-Ti2CO2-NM,-0.5201664170248151
Zr2CO2-Ti2CO2-NM,0.5234334000655751
Sc2C-CdI2-NM,-1.1166944640999499
Ta2C-CdI2-NM,-0.10022302123753876
V2C-CdI2-NM,-0.026027611776888376
W2C-CdI2-NM,-0.6438271666803301
Y2C-CdI2-NM,-1.2141540599800906
Y2N-CdI2-NM,-1.1917567028497882
Zr2H2NO2-Ti2CH2O2-NM,-0.3216227590771613
Zr2N-CdI2-NM,-0.8699563390893353
Zr2F2N-Ti2CO2-NM,-0.24100356448433632
Zr2NO2-Ti2CO2-NM,1.0810101848809495
Hf2H2NO2-Ti2CH2O2-NM,-0.45825832659543814
Hf2NO2-Ti2CO2-NM,1.0566013735759423
Hf2N-CdI2-NM,-0.7926580482935447
Mo2F2N-Ti2CO2-NM,-0.9597192212852467
Nb2NO2-Ti2CO2-NM,-0.4389732939758294
Nb2N-CdI2-NM,-0.5607210143668356
Sc2F2N-Ti2CO2-NM,1.058130129605164
Sc2NO2-Ti2CO2-NM,-0.8201317782896801
Sc2N-CdI2-NM,-1.1054797904979288
Ta2F2N-Ti2CO2-NM,-0.3892936297247241
Ta2NO2-Ti2CO2-NM,-0.4445197721029814
Ta2N-CdI2-NM,-0.2567420210054357
Ti2F2N-Ti2CO2-NM,-0.18996980038384098
Ti2NO2-Ti2CO2-NM,0.7551932717396409
V2N-CdI2-NM,-0.1306239055844462
W2F2N-Ti2CO2-NM,-1.0505077785362997
Y2F2N-Ti2CO2-NM,1.191058957053697
Hf3C2F2-Ti3C2O2-NM,-0.008362983794407957
Mo3C2F2-Ti3C2O2-NM,-0.6893019659163183
Nb3C2F2-Ti3C2O2-NM,-0.5538086230674711
Sc3C2F2-Ti3C2O2-NM,-0.5353807441551712
Ta3C2F2-Ti3C2O2-NM,-0.4498429859228292
Ti3C2F2-Ti3C2O2-NM,-0.1139577574300316
W3C2F2-Ti3C2O2-NM,-0.8316498028706865
Zr3C2F2-Ti3C2O2-NM,0.00990125858812396
Hf3C2H2O2-Ti3C2H2O2-NM,-1.0834999374129077
Mo3C2H2O2-Ti3C2H2O2-NM,-0.6401608889817119
Nb3C2H2O2-Ti3C2H2O2-NM,-0.46985274290381224
Sc3C2H2O2-Ti3C2H2O2-NM,0.0015036436845046574
Ta3C2H2O2-Ti3C2H2O2-NM,-0.38335067164600156
Ti3C2H2O2-Ti3C2H2O2-NM,-0.8878808190655917
W3C2H2O2-Ti3C2H2O2-NM,-0.7670230040323643
Zr3C2H2O2-Ti3C2H2O2-NM,-0.8474624492491153
Hf3C2O2-Ti3C2O2-NM,0.3150539275517742
Mo3C2-Ti3C2-NM,-0.773583734222217
Mo3C2O2-Ti3C2O2-NM,-0.4752915091048106
Nb3C2-Ti3C2-NM,-0.34643984173634484
Nb3C2O2-Ti3C2O2-NM,-0.04129074472465746
Sc3C2O2-Ti3C2O2-NM,-0.7965991709561001
Ta3C2O2-Ti3C2O2-NM,0.013609620673031576
Ti3C2O2-Ti3C2O2-NM,0.055046806940149136
W3C2O2-Ti3C2O2-NM,-0.5042471080252172
Y3C2O2-Ti3C2O2-NM,-0.515968492174211
Zr3C2O2-Ti3C2O2-NM,0.3167655903216751
Sc3C2-Ti3C2-NM,0.17485674767473047
Ta3C2-Ti3C2-NM,-0.161063782175828
V3C2-Ti3C2-NM,-0.13876700811047563
W3C2-Ti3C2-NM,-0.47170318639373016
Y3C2-Ti3C2-NM,0.05980047655625426
Hf3F2N2-Ti3C2O2-NM,-0.2820726709130261
Hf3H2N2O2-Ti3C2H2O2-NM,-0.9564785661217204
Hf3N2O2-Ti3C2O2-NM,0.0918780740510774
Mo3F2N2-Ti3C2O2-NM,-0.8417632651457116
Nb3N2-Ti3C2-NM,-0.5573160485801791
Sc3F2N2-Ti3C2O2-NM,0.9607197109874589
Sc3N2O2-Ti3C2O2-NM,0.027575107477974047
Ta3F2N2-Ti3C2O2-NM,-0.21013848601317814
Ta3N2-Ti3C2-NM,-0.39399399917667993
Ti3N2O2-Ti3C2O2-NM,0.00843359085102324
Ti3N2-Ti3C2-NM,0.02812572302620494
W3F2N2-Ti3C2O2-NM,-0.8200786163722648
W3H2N2O2-Ti3C2H2O2-NM,-0.8764047868702016
W3N2O2-Ti3C2O2-NM,-0.8407733509212937
Y3F2N2-Ti3C2O2-NM,0.9903553080388001
Zr3N2O2-Ti3C2O2-NM,0.13573132722759856
Hf4C3F2-Ti4C3O2-NM,-0.45036372228363714
Mo4C3F2-Ti4C3O2-NM,-0.5392067917487453
Nb4C3F2-Ti4C3O2-NM,-0.674550509382109
Sc4C3F2-Ti4C3O2-NM,-1.2643711038846495
Ta4C3F2-Ti4C3O2-NM,-0.6544258441385685
Ti4C3F2-Ti4C3O2-NM,-0.30417399082939717
W4C3F2-Ti4C3O2-NM,-0.6118109608506549
Y4C3F2-Ti4C3O2-NM,-1.0927055423808885
Zr4C3F2-Ti4C3O2-NM,-0.45207134029389445
Mo4C3H2O2-Ti4C3H2O2-NM,-0.5397535282823803
Nb4C3H2O2-Ti4C3H2O2-NM,-0.6727496824520431
Sc4C3H2O2-Ti4C3H2O2-NM,-1.2305236403336326
Ti4C3H2O2-Ti4C3H2O2-NM,-0.3386632545363535
W4C3H2O2-Ti4C3H2O2-NM,-0.5950139104307275
Y4C3H2O2-Ti4C3H2O2-NM,-1.070012686214767
Hf4C3-Ti4C3-NM,-0.624824917624566
Hf4C3O2-Ti4C3O2-NM,-0.23039956153843053
Mo4C3-Ti4C3-NM,-1.3297364901640647
Mo4C3O2-Ti4C3O2-NM,-0.6537356719415839
Nb4C3-Ti4C3-NM,-0.6759328575385297
Nb4C3O2-Ti4C3O2-NM,-0.4708282518088218
Sc4C3O2-Ti4C3O2-NM,-1.164510316626951
Ta4C3O2-Ti4C3O2-NM,-0.4814065875568486
Ti4C3O2-Ti4C3O2-NM,-0.3551327374159984
W4C3O2-Ti4C3O2-NM,-0.6966606685353416
Y4C3O2-Ti4C3O2-NM,-0.9040967407316078
Zr4C3O2-Ti4C3O2-NM,-0.22986806125592416
Sc4C3-Ti4C3-NM,-0.09004649457695481
Ta4C3-Ti4C3-NM,-0.44434387376827544
W4C3-Ti4C3-NM,-1.6876428434770043
Y4C3-Ti4C3-NM,-0.1833281639299473
Hf4F2N3-Ti4C3O2-NM,-0.3831305024241556
Hf4H2N3O2-Ti4C3H2O2-NM,-0.4770658247020549
Hf4N3O2-Ti4C3O2-NM,-0.5002138399181437
Hf4N3-Ti4C3-NM,-0.6748294917800053
Mo4F2N3-Ti4C3O2-NM,0.08283976561691313
Mo4N3-Ti4C3-NM,-0.5245620009650233
Nb4N3-Ti4C3-NM,-1.5058071301899487
Sc4F2N3-Ti4C3O2-NM,0.715197115689534
Sc4N3O2-Ti4C3O2-NM,-0.836603934247759
Ta4H2N3O2-Ti4C3H2O2-NM,-0.7789150104562951
Ti4F2N3-Ti4C3O2-NM,-0.26647325245494485
Ti4N3O2-Ti4C3O2-NM,-0.34176240188425455
W4N3-Ti4C3-NM,-0.5311770715058742
Y4F2N3-Ti4C3O2-NM,0.8547183072936108
Y4N3O2-Ti4C3O2-NM,-0.6188304739882552
Zr4F2N3-Ti4C3O2-NM,-0.3963929708130208
Zr4N3O2-Ti4C3O2-NM,-0.4610743058989232
Zr4N3-Ti4C3-NM,-0.7729355242942509
CrAsSb-MoSSe-NM,-0.11941959302231171
CrSeTe-MoSSe-NM,0.2415155949393565
CrSSe-MoSSe-NM,0.26955624555269797
CrSTe-MoSSe-NM,0.09879287366538207
BiHfAs-MoSSe-NM,-1.0554886851835572
HfAsSb-MoSSe-NM,-1.451679225375591
BiHfSb-MoSSe-NM,-1.417922010124007
HfBrCl-MoSSe-NM,0.45360835219664547
HfBrI-MoSSe-NM,0.417089836690942
HfClI-MoSSe-NM,0.46008237692275045
HfSeTe-MoSSe-NM,0.21569696594396973
HfSSe-MoSSe-NM,0.5749372155706232
HfSTe-MoSSe-NM,0.14101553692360866
BiMoAs-MoSSe-NM,-0.269988679616954
MoAsSb-MoSSe-NM,-0.32233589154815534
BiMoSb-MoSSe-NM,-0.17963015408479555
MoBrCl-MoSSe-NM,-0.33190703172533725
MoClI-MoSSe-NM,-0.12264763719634494
MoSeTe-MoSSe-NM,0.5241843305798218
MoSTe-MoSSe-NM,0.41296766860274536
BiNbAs-MoSSe-NM,-0.9326917485380265
NbAsSb-MoSSe-NM,-0.8111119219624096
BiNbSb-MoSSe-NM,-1.0043421657965603
NbBrCl-MoSSe-NM,0.2691526964775332
NbBrI-MoSSe-NM,0.27425511858036916
NbClI-MoSSe-NM,0.3171930860486802
NbSeTe-MoSSe-NM,0.04699455788099822
NbSSe-MoSSe-NM,0.2384975434839667
NbSTe-MoSSe-NM,0.06312326371034477
BiTaAs-MoSSe-NM,-0.9791074032731173
TaAsSb-MoSSe-NM,-0.8915464370206274
BiTaSb-MoSSe-NM,-1.1768416091304605
TaBrCl-MoSSe-NM,0.2592253146718669
TaBrI-MoSSe-NM,0.2738251931048854
TaClI-MoSSe-NM,0.3194248250771317
TaSeTe-MoSSe-NM,-0.02185044336146031
TaSSe-MoSSe-NM,0.21735337097658597
TaSTe-MoSSe-NM,-0.028246598006403004
BiTiAs-MoSSe-NM,-0.7245686750252783
TiAsSb-MoSSe-NM,-1.0731292926631417
BiTiSb-MoSSe-NM,-0.9672205468430656
TiBrCl-MoSSe-NM,0.34504129419554475
TiBrI-MoSSe-NM,0.28469375695674026
TiClI-MoSSe-NM,0.32386028128072114
TiSeTe-MoSSe-NM,0.14824160838039666
TiSSe-MoSSe-NM,0.3424894601951618
TiSTe-MoSSe-NM,0.1371235640453938
BiVAs-MoSSe-NM,-0.6083196062213169
VAsSb-MoSSe-NM,-0.6565996981375535
BiVSb-MoSSe-NM,-0.6946943992295328
BiWAs-MoSSe-NM,-0.45082651188143924
WAsSb-MoSSe-NM,-0.49418695757199416
BiWSb-MoSSe-NM,-0.38844490252459607
WBrCl-MoSSe-NM,-0.3296207998089841
WBrI-MoSSe-NM,-0.03146562314728497
WClI-MoSSe-NM,-0.036766920053298735
WSeTe-MoSSe-NM,0.5247519987850017
WSSe-MoSSe-NM,0.6020600297870523
WSTe-MoSSe-NM,0.47230225958591004
BiZrAs-MoSSe-NM,-1.020961010840904
ZrAsSb-MoSSe-NM,-1.1294640731605716
BiZrSb-MoSSe-NM,-1.348131873927271
ZrBrCl-MoSSe-NM,0.457802753353081
ZrBrI-MoSSe-NM,0.4143616224749506
ZrClI-MoSSe-NM,0.45971741463417176
ZrSeTe-MoSSe-NM,0.27535857113418927
ZrSSe-MoSSe-NM,0.6081005414765172
ZrSTe-MoSSe-NM,0.21993375489207173
AsClTe-MoSSe-NM,0.7568658915860961
BiBrS-MoSSe-NM,1.1148617796634737
BiClS-MoSSe-NM,1.1976406441169467
BiClSe-MoSSe-NM,1.1684660291724265
BiIS-MoSSe-NM,0.8896057612609704
BiClTe-MoSSe-NM,0.9054024318408713
BrSSb-MoSSe-NM,0.8047089936506028
ClSbSe-MoSSe-NM,0.9054775167351079
BrSbTe-MoSSe-NM,0.7680192704072966
ClSSb-MoSSe-NM,0.8948342179425333
ISbSe-MoSSe-NM,0.6836333019035133
ClSbTe-MoSSe-NM,0.8763957370802197
BiISe-MoSSe-NM,0.9664164766389892
BiBrTe-MoSSe-NM,0.9414992324954837
BiITe-MoSSe-NM,0.9079979990222552
BrSbSe-MoSSe-NM,0.8093330779058172
ISSb-MoSSe-NM,0.6862755955032294
ISbTe-MoSSe-NM,0.6489887037943594
AsBrS-MoSSe-NM,0.7639234780687435
AsClS-MoSSe-NM,0.8651100415051767
AsBrSe-MoSSe-NM,0.7927910405422193
AsClSe-MoSSe-NM,0.8704179494171806
AsISe-MoSSe-NM,0.44251814638212683
AsIS-MoSSe-NM,0.3364543818728857
AsBrTe-MoSSe-NM,0.6864305815004172
AsITe-MoSSe-NM,0.4316541425967057
BiBrSe-MoSSe-NM,1.0865502740488835
Ge2S2-SnS-NM,0.8947642423588326
Ge2Se2-SnS-NM,0.5703176980807301
Ge2Te2-SnS-NM,0.4154654352277875
P4-P-NM,0.5481677271372734
Pb2S2-PbS-NM,0.9144564952662123
Pb2Se2-PbS-NM,0.7328910391083766
Pb2Te2-PbS-NM,0.6777563607112363
S2Si2-SnS-NM,0.8409490151947376
Se2Si2-SnS-NM,0.6898436165336105
Si2Te2-SnS-NM,0.18491292588430927
Sn2S2-SnS-NM,0.8231971637268298
Sn2Se2-SnS-NM,0.5607236948977988
Sn2Te2-PbS-NM,0.41605858394803685
As4-P-NM,0.4932025321130478
Al2S2-PbSe-NM,-1.1790644466819893
Al2Se2-PbSe-NM,-1.3499380964195042
Al2Te2-PbSe-NM,-1.289098202170572
Bi2S2-PbSe-NM,-0.6706532665282573
Bi2Se2-PbSe-NM,-0.6466639015981623
Bi2Te2-PbSe-NM,-0.7018946617422108
Cd2S2-PbSe-NM,-0.09751651345399323
Cd2Se2-PbSe-NM,-0.3929742741294913
Cd2Te2-PbSe-NM,-0.8063481565252255
Ga2S2-PbSe-NM,-1.9121219733769426
Ga2Se2-PbSe-NM,-1.6370233236718532
Ga2Te2-PbSe-NM,-1.3069202202375996
Ge2S2-PbSe-NM,0.004713532514346932
Ge2Se2-PbSe-NM,0.026141857458187024
Ge2Te2-PbSe-NM,-0.1458098927066702
In2S2-PbSe-NM,-2.100379214028318
In2Se2-PbSe-NM,-1.834409648326135
In2Te2-PbSe-NM,-1.5054565756973333
Pb2S2-PbSe-NM,0.36536559434125565
Pb2Se2-PbSe-NM,0.33977637137882044
Pb2Te2-PbSe-NM,0.30027012455359603
S2Sb2-PbSe-NM,-0.6493427151587138
S2Si2-PbSe-NM,-0.23758115193242968
Sb2Se2-PbSe-NM,-0.6599396641273223
Sb2Te2-PbSe-NM,-0.6944369112798192
Se2Si2-PbSe-NM,-0.2990052654247622
Si2Te2-PbSe-NM,-0.5327553388881624
Zn2S2-PbSe-NM,-0.4729302253169152
Zn2Se2-PbSe-NM,-0.7796189399982141
Zn2Te2-PbSe-NM,-0.8617039221490553
Ag2S4-PdS2-NM,-0.7247066941130794
Ag2Se4-PdS2-NM,-0.658698514867065
Ag2Te4-PdS2-NM,-0.550652972495638
Al2S4-WTe2-NM,-1.6899727758986012
Al2Se4-WTe2-NM,-1.5795550582082292
Al2Te4-CdI2-NM,-0.9377302924473915
Au2S4-PdS2-NM,-0.6808674769380593
Au2Se4-PdS2-NM,-0.5242332989457614
Au2Te4-PdS2-NM,-0.5231899460596051
Bi2S4-WTe2-NM,-0.7687104874325063
Bi2Te4-WTe2-NM,-0.18087896904554818
Cd2S4-PdS2-NM,0.8780105025123367
Cd2Se4-WTe2-NM,0.867339972795112
Cd2Te4-WTe2-NM,0.7024038467381923
Cu2S4-PdS2-NM,-0.7586844323653165
Cu2Se4-PdS2-NM,-0.5712010560196107
Cu2Te4-PdS2-NM,-0.5580382459548805
Ga2Se4-MnS2-NM,-0.4834404512766439
Ga2Te4-PdS2-NM,-0.8006800696170145
Ge2S4-WTe2-NM,0.2535866317358631
Ge2Se4-WTe2-NM,0.06636891033221734
Ge2Te4-MnS2-NM,0.018828524288730858
In2S4-Undefined-NM,0.44040006737725906
In2Se4-MnS2-NM,-0.38401450872440934
In2Te4-MnS2-NM,-0.36513982053309657
Ir2S4-PdS2-NM,-0.6482110891785756
Ir2Se4-PdS2-NM,-0.709147777553989
Ir2Te4-PdS2-NM,-0.538709205326805
Ni2S4-PdS2-NM,0.4863411359116484
Ni2Se4-PdS2-NM,0.538124476000603
Ni2Te4-PdS2-NM,0.5309393014200074
Os2S4-MnS2-NM,0.06438401458839121
Os2Se4-MnS2-NM,0.0926908947745309
Os2Te4-MnS2-NM,0.09374519242593937
Pb2S4-WTe2-NM,0.8356669826386465
Pb2Se4-WTe2-NM,0.6575355814187662
Pb2Te4-WTe2-NM,0.3455131985725579
Pd2S4-PdS2-NM,0.5205548889227885
Pd2Se4-PdS2-NM,0.5712743530529956
Pd2Te4-PdS2-NM,0.578867372797455
Pt2S4-PdS2-NM,0.7986692053189046
Pt2Se4-PdS2-NM,0.7618662356141156
Pt2Te4-PdS2-NM,0.6977009239882029
Rh2S4-PdS2-NM,-0.5404521477587947
Rh2Se4-PdS2-NM,-0.5159425711822787
Rh2Te4-PdS2-NM,-0.3908956038655326
Ru2S4-MnS2-NM,0.08163271930967829
Ru2Se4-MnS2-NM,0.06555246490280908
Ru2Te4-MnS2-NM,0.10581664097163433
S4Sb2-WTe2-NM,-0.8408067731082175
Sb2Te4-PdS2-NM,-0.35890525308012333
Sc2Te4-MnS2-NM,-0.8069127936002845
Sn2Se4-WTe2-NM,0.36866061252133986
Sn2Te4-WTe2-NM,-0.01751993386864645
Tl2S4-WTe2-NM,-0.8857124411553362
Tl2Se4-WTe2-NM,-0.8454631769579413
Tl2Te4-WTe2-NM,-0.5422860058956961
Zn2S4-PdS2-NM,0.9200622546089855
Zn2Se4-PdS2-NM,0.8142958462517197
Zn2Te4-PdS2-NM,0.6028497513864237
Br4C16Cl4Ge2H48N4-PbA2I4-NM,0.6574491724708317
Br4C16Cl4Ge2H48N4-PbA2I4-NM-2,1.1374108146959907
Br4C16Ge2H48I4N4-PbA2I4-NM,0.8872883739143106
Br4C16Ge2H48I4N4-PbA2I4-NM-2,0.5479193706496072
Br8C16Ge2H48N4-PbA2I4-NM,0.8210480278072197
C16Cl4Ge2H48I4N4-PbA2I4-NM,1.12573618703468
C16Cl4Ge2H48I4N4-PbA2I4-NM-2,0.5099380284901427
C16Cl8Ge2H48N4-PbA2I4-NM,1.1032246318481946
C16Ge2H48I8N4-PbA2I4-NM,0.5701870046473086
Pb2Br4C16Cl4H48N4-PbA2I4-NM,1.1397298964973301
Pb2Br4C16Cl4H48N4-PbA2I4-NM-2,1.313823973267171
Pb2Br4C16H48I4N4-PbA2I4-NM,1.1412985121026469
Pb2Br4C16H48I4N4-PbA2I4-NM-2,0.9478959564045805
Pb2Br8C16H48N4-PbA2I4-NM,1.1492395435241285
Pb2C16Cl4H48I4N4-PbA2I4-NM,1.2351176036747722
Pb2C16Cl4H48I4N4-PbA2I4-NM-2,0.9319132220465043
Pb2C16Cl8H48N4-PbA2I4-NM,1.3207547102383699
Pb2C16H48I8N4-PbA2I4-NM,0.9861927204484576
Sn2Br4C16Cl4H48N4-PbA2I4-NM,0.719207575385755
Sn2Br4C16Cl4H48N4-PbA2I4-NM-2,0.936873389241504
Sn2Br4C16H48I4N4-PbA2I4-NM,0.7277622256209131
Sn2Br4C16H48I4N4-PbA2I4-NM-2,0.5607818483856589
Sn2Br8C16H48N4-PbA2I4-NM,0.7297036465923491
Sn2C16Cl4H48I4N4-PbA2I4-NM,0.9461910870064844
Sn2C16Cl4H48I4N4-PbA2I4-NM-2,0.5496991952431787
Sn2C16Cl8H48N4-PbA2I4-NM,0.9630482742813036
Sn2C16H48I8N4-PbA2I4-NM,0.6061797558741293
Co4S8-ReS2-NM,0.09603719142393993
Co4Se8-CdI2-NM,-0.029834032328559138
In4Br8-Undefined-NM,0.8051210813633325
Ir4S8-ReS2-NM,0.3500874954097302
Ir4Se8-ReS2-NM,0.41373971664699605
Ir4Te8-ReS2-NM,0.24320762001582094
Nb4O8-Undefined-NM,0.28766147247446094
Re4O8-ReS2-NM,0.4950363753305906
Re4S8-ReS2-NM,0.5731235064276268
Re4Se8-ReS2-NM,0.5011406996170754
Re4Te8-ReS2-NM,0.3935818701614541
Rh4S8-ReS2-NM,0.33321532850378677
Rh4Se8-ReS2-NM,0.2556235540297573
Ta4O8-Undefined-NM,0.31166380870984234
AuO2-CdI2-NM,0.5725077662299687
AuS2-CdI2-NM,0.39881612801642286
AuS2-MoS2-NM,-0.3274216784816992
AuSe2-CdI2-NM,0.16918674373674278
AuSe2-MoS2-NM,-0.5567777101927102
AuTe2-CdI2-NM,-0.16573972553144886
AuTe2-MoS2-NM,-0.8676132992117543
CoS2-CdI2-NM,-0.7108754140272135
CoS2-MoS2-NM,-0.8882373812072251
CoSe2-CdI2-NM,-0.8591073065891948
CoSe2-MoS2-NM,-0.9011262627063349
CoTe2-CdI2-NM,-1.1252318397363181
CoTe2-MoS2-NM,-1.0121388401481126
CrO2-MoS2-NM,0.10599337180234399
CrS2-CdI2-NM,-0.026789009159369513
CrS2-MoS2-NM,0.27912644574041634
CrSe2-CdI2-NM,-0.017485470006402586
CrSe2-MoS2-NM,0.24578656344769054
CrTe2-MoS2-NM,0.20665949777834733
CuS2-CdI2-NM,-0.2541317607187466
CuS2-MoS2-NM,-0.28329260646478543
CuSe2-CdI2-NM,-0.8011521188752277
CuSe2-MoS2-NM,-0.4639978027287347
CuTe2-CdI2-NM,-1.4195562450432777
CuTe2-MoS2-NM,-0.5197327719671019
GeO2-CdI2-NM,1.6605632582716803
GeO2-MoS2-NM,0.9208111778168833
GeS2-CdI2-NM,0.4600792337432555
GeS2-MoS2-NM,-0.06373529735672542
GeSe2-CdI2-NM,0.051696393898667085
GeSe2-MoS2-NM,-0.6356542188518942
GeTe2-CdI2-NM,-0.42101263666817307
GeTe2-MoS2-NM,-1.269746586203358
HfO2-CdI2-NM,1.8265126996806524
HfO2-MoS2-NM,1.0305731785147256
HfS2-CdI2-NM,0.6968266732671388
HfS2-MoS2-NM,0.700456861020433
HfSe2-CdI2-NM,0.3982460443561956
HfSe2-MoS2-NM,0.5967671818534902
HfTe2-CdI2-NM,-0.03485154917177605
HfTe2-MoS2-NM,0.2619837927619262
HgO2-CdI2-NM,-0.41096311925397017
HgS2-MoS2-NM,-0.10020428638284323
HgSe2-CdI2-NM,-0.590065622829403
HgSe2-MoS2-NM,-0.009318396385368449
HgTe2-CdI2-NM,-1.2292108941342188
HgTe2-MoS2-NM,-0.9643137585169573
IrO2-CdI2-NM,-0.2781349945632219
IrS2-CdI2-NM,-0.6686517579928556
IrS2-MoS2-NM,-0.7362654132901812
IrSe2-CdI2-NM,-0.7166618370509295
IrSe2-MoS2-NM,-0.8398518193312289
IrTe2-CdI2-NM,-1.0129777505768423
IrTe2-MoS2-NM,-1.0752239788895817
MoO2-CdI2-NM,-0.49903304210311056
MoO2-MoS2-NM,0.32368556272483867
MoS2-CdI2-NM,-0.3095407189520082
MoS2-MoS2-NM,0.616647959117733
MoSe2-CdI2-NM,-0.12506689006721186
MoSe2-MoS2-NM,0.5520838556811009
MoTe2-CdI2-NM,-0.06070259190906282
MoTe2-MoS2-NM,0.46143789896536497
NbO2-MoS2-NM,0.5900627465243592
NbS2-CdI2-NM,-0.13682105801149036
NbS2-MoS2-NM,0.2631436382742653
NbSe2-CdI2-NM,-0.49310900393089696
NbSe2-MoS2-NM,0.17449272164360063
NbTe2-CdI2-NM,-0.41896648799791303
NbTe2-MoS2-NM,-0.048951268505286305
NiO2-CdI2-NM,0.6771062032550813
NiS2-CdI2-NM,0.24208078308563413
NiS2-MoS2-NM,-0.05198637847203297
NiSe2-CdI2-NM,0.07304698037093837
NiSe2-MoS2-NM,-0.26782108284492795
NiTe2-CdI2-NM,-0.22218967281527519
NiTe2-MoS2-NM,-0.5561547634783552
OsS2-CdI2-NM,-0.4141548684432739
OsS2-MoS2-NM,-0.5559383775546562
OsSe2-CdI2-NM,-0.444187103792135
OsSe2-MoS2-NM,-0.6739982534850307
OsTe2-CdI2-NM,-0.6801528393616806
OsTe2-MoS2-NM,-0.906206478974661
PbO2-MoS2-NM,0.3869441737450162
PbS2-CdI2-NM,0.5332029801070381
PbS2-MoS2-NM,1.304404934380236
PbSe2-CdI2-NM,0.16846521820664384
PbSe2-MoS2-NM,1.0690592958309935
PbTe2-CdI2-NM,-0.32747231999139187
PbTe2-MoS2-NM,-1.6398863077296006
PdO2-CdI2-NM,0.6698719421417492
PdO2-MoS2-NM,-0.016905040013349585
PdS2-CdI2-NM,0.5410904125958022
PdS2-MoS2-NM,0.00031371050488770963
PdSe2-CdI2-NM,0.3096374936509449
PdSe2-MoS2-NM,0.00040329652554904247
PdTe2-CdI2-NM,0.08740519079863819
PdTe2-MoS2-NM,-0.24608901856692555
PtO2-CdI2-NM,0.7232012695052967
PtS2-CdI2-NM,0.8039500975750665
PtS2-MoS2-NM,-0.25450176844473843
PtSe2-CdI2-NM,0.5748976478185333
PtSe2-MoS2-NM,-0.35469540808879285
PtTe2-CdI2-NM,0.30313487793084315
PtTe2-MoS2-NM,-0.3720822090886281
ReO2-CdI2-NM,-0.5057768917953605
ReO2-MoS2-NM,0.3808218080700305
ReS2-CdI2-NM,-0.14845375494229837
ReS2-MoS2-NM,0.10803341460342739
ReSe2-CdI2-NM,-0.10432818173146334
ReSe2-MoS2-NM,0.17614395754802967
ReTe2-CdI2-NM,-0.03348760161039228
ReTe2-MoS2-NM,0.15812021011979682
RhO2-CdI2-NM,-0.15835714977251775
RhS2-CdI2-NM,-0.5587108909802143
RhS2-MoS2-NM,-0.8305874671459679
RhSe2-CdI2-NM,-0.6857722482441683
RhSe2-MoS2-NM,-0.9074451137523406
RhTe2-CdI2-NM,-0.9789248014749401
RhTe2-MoS2-NM,-1.0945856675106818
RuO2-CdI2-NM,-0.17220240155300556
RuO2-MoS2-NM,-0.3009896103621923
RuS2-MoS2-NM,-0.6456921073153113
RuSe2-MoS2-NM,-0.7721420120594629
RuTe2-CdI2-NM,-0.7233615258250209
RuTe2-MoS2-NM,-0.9726811629904393
ScS2-CdI2-NM,-0.8923596277151981
ScSe2-CdI2-NM,-0.9909793385254894
ScTe2-CdI2-NM,-1.5804004343832831
ScTe2-MoS2-NM,-1.0190853895304162
SnO2-CdI2-NM,1.5718414922462063
SnO2-MoS2-NM,0.733778990184414
SnS2-CdI2-NM,0.9065365486954848
SnS2-MoS2-NM,0.5178633833666331
SnSe2-CdI2-NM,0.5156925197670568
SnSe2-MoS2-NM,0.12507503418621854
SnTe2-CdI2-NM,-0.05882768162367169
SnTe2-MoS2-NM,-1.0469894958842496
TaO2-CdI2-NM,1.221047828857048
TaO2-MoS2-NM,0.6551301384026307
TaS2-CdI2-NM,-0.05052755911681563
TaS2-MoS2-NM,0.31349116158310825
TaSe2-CdI2-NM,-0.34626466480264445
TaSe2-MoS2-NM,0.19563013144135263
TaTe2-CdI2-NM,-0.5560589164426541
TaTe2-MoS2-NM,-0.05030293821092203
TiO2-CdI2-NM,0.923286474360668
TiO2-MoS2-NM,0.636749451416816
TiS2-CdI2-NM,0.14404603684636094
TiS2-MoS2-NM,0.4880395818051649
TiSe2-CdI2-NM,-0.08318650237597706
TiSe2-MoS2-NM,0.38557901893040925
TiTe2-CdI2-NM,-0.23762851091270792
TiTe2-MoS2-NM,0.17763350034860695
VS2-CdI2-NM,-0.25588843445904036
VSe2-CdI2-NM,-0.2750326634642731
WO2-CdI2-NM,-0.46043659803195286
WO2-MoS2-NM,0.4280332577511505
WS2-CdI2-NM,-0.5391672001012882
WS2-MoS2-NM,0.625017574571084
WSe2-CdI2-NM,-0.17289614290425503
WSe2-MoS2-NM,0.5579740570251741
WTe2-CdI2-NM,-0.10585737238219464
WTe2-MoS2-NM,0.43187586123482435
ZrO2-CdI2-NM,1.7513361412189796
ZrO2-MoS2-NM,0.9773769691878558
ZrS2-CdI2-NM,0.7003102812437861
ZrS2-MoS2-NM,0.6615500345462777
ZrSe2-CdI2-NM,0.3760568613798443
ZrSe2-MoS2-NM,0.564208059017479
ZrTe2-CdI2-NM,-0.12030706783848566
ZrTe2-MoS2-NM,0.32249067415152466
AgH2-MoS2-NM,-1.800200040165553
AgLi2-MoS2-NM,-2.4587562394040376
AuH2-MoS2-NM,-1.3819784592780202
AuLi2-MoS2-NM,-0.21131830952425285
CoH2-MoS2-NM,-0.033895445695375705
CrLi2-MoS2-NM,-1.4335427381050525
CuH2-MoS2-NM,-1.116168233837964
CuLi2-MoS2-NM,-2.8144925586910503
HfH2-MoS2-NM,0.17819502662946338
HfLi2-MoS2-NM,-0.06468947760309668
IrH2-MoS2-NM,-0.02407049162595341
IrLi2-MoS2-NM,-1.73992482871328
MoH2-MoS2-NM,-0.6041735819239561
Li2Mo-MoS2-NM,-1.628632332264822
Li2Nb-MoS2-NM,-0.6416197710049838
NiH2-MoS2-NM,-1.060734681013048
Li2Ni-MoS2-NM,-2.1907873271483655
OsH2-MoS2-NM,-0.041305354770559466
Li2Os-MoS2-NM,-1.7932337789955362
Li2Pb-MoS2-NM,-0.5132807441772059
PtH2-MoS2-NM,-1.4420618204187265
Li2Pt-MoS2-NM,-2.1973583268929655
ReH2-MoS2-NM,-0.568667774726139
Li2Re-MoS2-NM,-1.1078157644881719
RhH2-MoS2-NM,-0.1659390375554877
Li2Rh-MoS2-NM,-1.565344093667101
RuH2-MoS2-NM,-0.028993447260491308
Li2Ru-MoS2-NM,-2.079041362781285
TaH2-MoS2-NM,0.0037587686133023286
TiH2-MoS2-NM,0.19417220912074468
Li2Ti-MoS2-NM,-0.3603545065367239
VH2-MoS2-NM,0.026584295718528644
Li2V-MoS2-NM,-0.5613271769424704
WH2-MoS2-NM,-0.3736708655765123
Li2W-MoS2-NM,-1.473239204086055
ZrH2-MoS2-NM,0.034535600843765335
Li2Zr-MoS2-NM,-0.32007047715370224
CrMo3S8-CrW3S8-NM,0.4236314013430257
CrW3S8-CrW3S8-NM,0.42723976447951884
CrW3Se8-CrW3S8-NM,0.3669154015662705
Mo2W2S8-CrWS4-NM,0.6175758274806542
Mo2W2Se8-CrWS4-NM,0.5500436877099973
Mo2W2Te8-CrWS4-NM,0.44471051075094026
Mo3WS8-CrW3S8-NM,0.6159407852810862
Mo3WSe8-CrW3S8-NM,0.5507278615342832
Mo3WTe8-CrW3S8-NM,0.45306567925677277
MoW3S8-CrW3S8-NM,0.6209816177752283
MoW3Se8-CrW3S8-NM,0.5537232059748551
MoW3Te8-CrW3S8-NM,0.43978628879160664
Hf2Ti2S8-CrWS4-NM,0.5742625614456158
Hf2Ti2Se8-CrWS4-NM,0.46790792445345086
Hf2Ti2Te8-CrWS4-NM,0.19471871310192967
Ti2Zr2S8-CrWS4-NM,0.5437534015513165
Ti2Zr2Se8-CrWS4-NM,0.4723448525968171
Ti2Zr2Te8-CrWS4-NM,0.22295877914435985
HfTi3S8-CrW3S8-NM,0.5344923330109809
HfTi3Se8-CrW3S8-NM,0.42309777709171764
HfTi3Te8-CrW3S8-NM,0.19732828602694977
Ti3ZrS8-CrW3S8-NM,0.5207262699582106
Ti3ZrSe8-CrW3S8-NM,0.43028178821223145
Ti3ZrTe8-CrW3S8-NM,0.2065966958071797
Hf3TiS8-CrW3S8-NM,0.6209775106288992
Hf3TiSe8-CrW3S8-NM,0.5211416902109889
Hf3TiTe8-CrW3S8-NM,0.231425290184115
TiZr3S8-CrW3S8-NM,0.6147416348587532
TiZr3Se8-CrW3S8-NM,0.5059334053335109
TiZr3Te8-CrW3S8-NM,0.2770349330511222
Hf2Zr2S8-CrWS4-NM,0.7376315516215195
Hf2Zr2Se8-CrWS4-NM,0.6024217908868191
Hf2Zr2Te8-CrWS4-NM,0.27919210627876007
HfZr3S8-CrW3S8-NM,0.7268638876340323
HfZr3Se8-CrW3S8-NM,0.5919398160918761
HfZr3Te8-CrW3S8-NM,0.30320409608628074
Hf3ZrS8-CrW3S8-NM,0.7308008032570844
Hf3ZrSe8-CrW3S8-NM,0.6028247086248963
Hf3ZrTe8-CrW3S8-NM,0.27009891340073966
Ag2Br2N2-FeOCl-NM,-0.8472247775939322
Ag2Br2O2-FeOCl-NM,-0.3468880843577376
Ag2Br2S2-FeOCl-NM,-0.3679485961477704
Ag2Br2Se2-FeOCl-NM,-0.19699072237084833
Ag2Cl2N2-FeOCl-NM,-0.8076666300189799
Ag2Cl2O2-FeOCl-NM,-0.20491022970873796
Ag2Cl2S2-FeOCl-NM,-0.2351221552600149
Ag2Cl2Se2-FeOCl-NM,-0.14086034257706195
Ag2I2N2-FeOCl-NM,-0.5934854677662565
Ag2I2O2-FeOCl-NM,-0.5628959903619446
Ag2I2S2-FeOCl-NM,-0.456013376061434
Ag2I2Se2-FeOCl-NM,-0.8361674240484929
Al2Br2N2-FeOCl-NM,-1.003592646954646
Al2Br2O2-FeOCl-NM,1.8294389068281989
Al2Br2S2-FeOCl-NM,1.1780969631750886
Al2Br2Se2-FeOCl-NM,0.8720395760091554
Al2Cl2N2-FeOCl-NM,-1.4242006672497385
Al2Cl2O2-FeOCl-NM,2.5325841293947535
Al2Cl2S2-FeOCl-NM,1.15526000608376
Al2Cl2Se2-FeOCl-NM,0.7860970519990551
Al2I2O2-FeOCl-NM,1.09342181339969
Al2I2S2-FeOCl-NM,0.9664844049291298
Al2I2Se2-FeOCl-NM,0.882240398255206
Au2Br2N2-FeOCl-NM,-0.9205917545084432
Au2Br2O2-FeOCl-NM,-0.239023326731312
Au2Br2S2-FeOCl-NM,-0.3785959911044913
Au2Br2Se2-FeOCl-NM,-0.4169269339757698
Au2Cl2N2-FeOCl-NM,-0.9013078825151305
Au2Cl2O2-FeOCl-NM,-0.174652648445532
Au2Cl2Se2-FeOCl-NM,-0.43135433413542623
Au2I2N2-FeOCl-NM,-0.7683353893755371
Au2I2O2-FeOCl-NM,-0.44484710265493643
Au2I2S2-FeOCl-NM,-0.41947444902737635
Au2I2Se2-FeOCl-NM,-0.42240557675423607
Bi2Br2N2-FeOCl-NM,-0.4468212789427961
Bi2Br2O2-FeOCl-NM,1.16999234830324
Bi2Br2S2-FeOCl-NM,0.9350246829808191
Bi2Br2Se2-FeOCl-NM,0.6895211153330637
Bi2Cl2N2-FeOCl-NM,-0.33688059033614276
Bi2Cl2O2-FeOCl-NM,1.2941877536228552
Bi2Cl2S2-FeOCl-NM,0.9373970366800525
Bi2Cl2Se2-FeOCl-NM,0.6975896108766991
Bi2I2N2-FeOCl-NM,-1.247095138359644
Bi2I2O2-FeOCl-NM,0.9897823353342403
Bi2I2S2-FeOCl-NM,0.83729906174034
Bi2I2Se2-FeOCl-NM,0.6785428099766009
Br2Ge2N2-FeOCl-NM,0.7827183001418976
Br2Ge2O2-FeOCl-NM,-0.8173613177014684
Br2Ge2S2-FeOCl-NM,-0.7742131030537507
Br2Ge2Se2-FeOCl-NM,-0.768628146517311
Cl2Ge2N2-FeOCl-NM,0.8593033824353297
Cl2Ge2O2-FeOCl-NM,-0.8098941328514031
Cl2Ge2S2-FeOCl-NM,-0.8324342584142818
Cl2Ge2Se2-FeOCl-NM,-0.7972284173168331
Co2Br2N2-FeOCl-NM,-0.5831780553729629
Co2Br2O2-FeOCl-NM,0.14113369505075382
Co2Br2S2-FeOCl-NM,0.006286055795318173
Co2Br2Se2-FeOCl-NM,-0.05694951328874017
Co2Cl2N2-FeOCl-NM,-0.5534256495384321
Co2Cl2O2-FeOCl-NM,0.19379723511168515
Co2Cl2S2-FeOCl-NM,0.009721268262777128
Co2Cl2Se2-FeOCl-NM,-0.024563859902135145
Co2I2N2-FeOCl-NM,-0.8708469979634084
Co2I2O2-FeOCl-NM,-0.03393528541733138
Co2I2S2-FeOCl-NM,-0.0370731533925194
Co2I2Se2-FeOCl-NM,-0.1392491661028951
Cu2Br2N2-FeOCl-NM,-0.7039890249214453
Cu2Br2O2-FeOCl-NM,-0.46962485686407623
Cu2Cl2O2-FeOCl-NM,-0.2779359488674875
Cu2Cl2Se2-FeOCl-NM,-0.3151815273057259
Cu2I2N2-FeOCl-NM,-1.01968742177694
Cu2I2O2-FeOCl-NM,-0.4853122519349993
Cu2I2S2-FeOCl-NM,-0.5962512313179581
Cu2I2Se2-FeOCl-NM,-0.4024760558683787
Cu2Cl2S2-FeOCl-NM,-0.41198421200552254
Cu2Br2Se2-FeOCl-NM,-0.2617233189127767
Fe2I2S2-FeOCl-NM,-0.568734001772422
Ga2Br2N2-FeOCl-NM,-0.982527466383224
Ga2Br2O2-FeOCl-NM,1.0581606776251662
Ga2Br2S2-FeOCl-NM,0.7193238992274947
Ga2Br2Se2-FeOCl-NM,0.39437399322705724
Ga2Cl2N2-FeOCl-NM,-1.4387253811276164
Ga2Cl2O2-FeOCl-NM,1.516075725015885
Ga2Cl2S2-FeOCl-NM,0.6605584398268051
Ga2Cl2Se2-FeOCl-NM,0.32926133486320225
Ga2I2N2-FeOCl-NM,-1.3069945442846171
Ga2I2O2-FeOCl-NM,0.4794872571102296
Ga2I2S2-FeOCl-NM,0.47936540721085785
Ga2I2Se2-FeOCl-NM,0.45559158737798605
Ge2I2N2-FeOCl-NM,0.05577841152651649
Ge2I2O2-FeOCl-NM,-1.1362954468224926
Ge2I2S2-FeOCl-NM,-0.863247682297187
Ge2I2Se2-FeOCl-NM,-0.8335594991847821
Hf2Br2N2-FeOCl-NM,0.832479084304132
Hf2Br2O2-FeOCl-NM,-0.8464958132348933
Hf2Br2S2-FeOCl-NM,-1.1085247555446083
Hf2Br2Se2-FeOCl-NM,-1.0393160459539228
Hf2Cl2N2-FeOCl-NM,0.824679927456895
Hf2Cl2O2-FeOCl-NM,-0.8814186575471757
Hf2Cl2S2-FeOCl-NM,-1.1259031697263837
Hf2Cl2Se2-FeOCl-NM,-1.0610596580078853
Hf2I2N2-FeOCl-NM,0.7135968563570109
Hf2I2O2-FeOCl-NM,-0.7238613653888379
Hf2I2S2-FeOCl-NM,-1.1051904458574489
Hf2I2Se2-FeOCl-NM,-1.0210683576535033
Hg2Br2N2-FeOCl-NM,-0.29719117561269576
Hg2Cl2N2-FeOCl-NM,-0.29687449959710144
Hg2Cl2S2-FeOCl-NM,-1.3365869836564892
Hg2Cl2Se2-FeOCl-NM,-1.0945897852332538
Hg2I2N2-FeOCl-NM,-0.4541104566642404
Hg2I2O2-FeOCl-NM,-0.8673631398570827
Hg2I2S2-FeOCl-NM,-0.47344210326429886
Hg2Br2Se2-FeOCl-NM,-0.9494156294598837
Hg2I2Se2-FeOCl-NM,-1.048254781671026
In2Br2N2-FeOCl-NM,-1.007585317279058
In2Br2O2-FeOCl-NM,1.2017233884831098
In2Br2S2-FeOCl-NM,0.9882116787839338
In2Br2Se2-FeOCl-NM,0.6571163852675335
In2Cl2N2-FeOCl-NM,-1.0963794105523355
In2Cl2O2-FeOCl-NM,1.3901562671265868
In2Cl2S2-FeOCl-NM,0.9027259082092178
In2Cl2Se2-FeOCl-NM,0.5848057146271205
In2I2N2-FeOCl-NM,-0.7319537725005854
In2I2O2-FeOCl-NM,0.686532949209733
In2I2S2-FeOCl-NM,0.8676339711144815
In2I2Se2-FeOCl-NM,0.7017404764395726
Ir2Br2N2-FeOCl-NM,-0.9897416037105095
Ir2Br2O2-FeOCl-NM,0.1883174888219971
Ir2Br2S2-FeOCl-NM,0.1790413705623751
Ir2Br2Se2-FeOCl-NM,0.04466125044263738
Ir2Cl2N2-FeOCl-NM,-1.0895203657198316
Ir2Cl2O2-FeOCl-NM,0.2384333935997946
Ir2Cl2S2-FeOCl-NM,0.16860805244774887
Ir2Cl2Se2-FeOCl-NM,0.03219014035261182
Ir2I2N2-FeOCl-NM,-0.813366208790938
Ir2I2O2-FeOCl-NM,0.046762241213492504
Ir2I2S2-FeOCl-NM,0.12727776291620949
Ir2I2Se2-FeOCl-NM,0.014891434597904235
Mo2Br2N2-FeOCl-NM,-0.5169561137832719
Mo2Br2O2-FeOCl-NM,-0.7579008315174299
Mo2Br2S2-FeOCl-NM,-0.6572997322038059
Mo2Br2Se2-FeOCl-NM,-0.6380798538409914
Mo2Cl2N2-FeOCl-NM,-0.6946666869372019
Mo2Cl2O2-FeOCl-NM,-0.9953852673268886
Mo2I2N2-FeOCl-NM,-0.3367176988996862
Mo2I2O2-FeOCl-NM,-0.5474251006013261
Mo2I2Se2-FeOCl-NM,-0.5215342970923446
Nb2Br2N2-FeOCl-NM,-0.8404242659822856
Nb2Br2O2-FeOCl-NM,-0.8300532608412816
Nb2Br2S2-FeOCl-NM,-0.7016841007599021
Nb2Br2Se2-FeOCl-NM,-0.569095817617415
Nb2Cl2N2-FeOCl-NM,-0.8745336308410263
Nb2Cl2O2-FeOCl-NM,-0.8313947166094371
Nb2Cl2S2-FeOCl-NM,-0.6899722128862983
Nb2Cl2Se2-FeOCl-NM,-0.5091782576606705
Nb2I2N2-FeOCl-NM,-0.8339599012417643
Nb2I2O2-FeOCl-NM,-0.6663606134876758
Nb2I2S2-FeOCl-NM,-0.6244408782316123
Nb2I2Se2-FeOCl-NM,-0.5619482172040168
Ni2Br2S2-FeOCl-NM,-0.9145170275470819
Ni2Br2Se2-FeOCl-NM,-1.040341226932049
Ni2Cl2N2-FeOCl-NM,-0.16813306937094447
Ni2Cl2S2-FeOCl-NM,-1.02146854542626
Ni2I2N2-FeOCl-NM,-0.6422031513701365
Ni2I2S2-FeOCl-NM,-0.9544882588317404
Ni2I2Se2-FeOCl-NM,-0.9718781947535367
Ni2Br2N2-FeOCl-NM,-0.2119068471907056
Ni2Cl2Se2-FeOCl-NM,-1.0440926633242509
Os2Br2N2-FeOCl-NM,-0.4623706453279385
Os2Br2O2-FeOCl-NM,-0.3578729682445178
Os2Br2S2-FeOCl-NM,-0.9908342744709329
Os2Br2Se2-FeOCl-NM,-0.8873179674059997
Os2Cl2N2-FeOCl-NM,-0.37027161979784307
Os2Cl2O2-FeOCl-NM,-0.3618207928899861
Os2Cl2S2-FeOCl-NM,-1.012711457704069
Os2Cl2Se2-FeOCl-NM,-0.9207944259422371
Os2I2O2-FeOCl-NM,-0.5855785131808083
Os2I2S2-FeOCl-NM,-0.8896731386888247
Os2I2Se2-FeOCl-NM,-0.8715418748186944
Pb2Br2N2-FeOCl-NM,0.005341079984540514
Pb2Br2O2-FeOCl-NM,-0.5054002189535843
Pb2Br2S2-FeOCl-NM,-0.6539368222999575
Pb2Cl2N2-FeOCl-NM,-0.017752346207576687
Pb2Cl2O2-FeOCl-NM,-0.5184226633418411
Pb2Cl2S2-FeOCl-NM,-0.6845210092266238
Pb2Cl2Se2-FeOCl-NM,-1.5078788784967891
Pb2I2N2-FeOCl-NM,0.01325711971708003
Pb2I2O2-FeOCl-NM,-0.6174116734919466
Pb2I2S2-FeOCl-NM,-0.691997661321412
Pb2I2Se2-FeOCl-NM,-0.7414057879738731
Pb2Br2Se2-FeOCl-NM,-1.3670033153485528
Pd2Br2N2-FeOCl-NM,-0.0655047556591932
Pd2Br2O2-FeOCl-NM,-0.6592975887440296
Pd2Br2S2-FeOCl-NM,-1.1943183153742127
Pd2Cl2N2-FeOCl-NM,-0.03164748251595685
Pd2Cl2O2-FeOCl-NM,-0.6849112558756963
Pd2Cl2S2-FeOCl-NM,-1.1734284509660944
Pd2Cl2Se2-FeOCl-NM,-1.1311190089066114
Pd2I2N2-FeOCl-NM,-0.6334729082409359
Pd2I2O2-FeOCl-NM,-0.6667673637176924
Pd2I2S2-FeOCl-NM,-1.132736726435083
Pd2I2Se2-FeOCl-NM,-1.0790285567568862
Pt2Br2N2-FeOCl-NM,0.05550952977799379
Pt2Br2O2-FeOCl-NM,-0.7797126278341022
Pt2Br2S2-FeOCl-NM,-1.212120074602794
Pt2Br2Se2-FeOCl-NM,-1.1885926266515872
Pt2Cl2N2-FeOCl-NM,0.12599602352672024
Pt2Cl2O2-FeOCl-NM,-0.873401781372145
Pt2Cl2S2-FeOCl-NM,-1.208121007957168
Pt2Cl2Se2-FeOCl-NM,-1.1794125002093898
Pt2I2N2-FeOCl-NM,-0.0983700785987328
Pt2I2O2-FeOCl-NM,-0.5685165288306139
Pt2I2S2-FeOCl-NM,-1.1944967441394732
Pt2I2Se2-FeOCl-NM,-1.1870826414679367
Rh2Br2N2-FeOCl-NM,-0.7373899301271135
Rh2Br2O2-FeOCl-NM,0.09187678271114799
Rh2Br2S2-FeOCl-NM,0.06414927011468965
Rh2Br2Se2-FeOCl-NM,-0.04522184021399745
Rh2Cl2N2-FeOCl-NM,-0.9895322611283615
Rh2Cl2O2-FeOCl-NM,0.14784420543490237
Rh2Cl2Se2-FeOCl-NM,-0.010323545309262038
Rh2I2N2-FeOCl-NM,-0.9232856577499694
Rh2I2O2-FeOCl-NM,-0.04501940482668676
Rh2I2S2-FeOCl-NM,0.006827858751866166
Rh2I2Se2-FeOCl-NM,-0.1518328518907153
Rh2Cl2S2-FeOCl-NM,0.05591200279697849
Ru2Br2N2-FeOCl-NM,-0.5271221930364267
Ru2Br2O2-FeOCl-NM,-0.6312126277731007
Ru2Br2S2-FeOCl-NM,-0.958064011687764
Ru2Br2Se2-FeOCl-NM,-0.8312668493201195
Ru2Cl2N2-FeOCl-NM,-0.482968116956018
Ru2Cl2O2-FeOCl-NM,-0.6054766161648638
Ru2Cl2S2-FeOCl-NM,-0.9698902751057334
Ru2Cl2Se2-FeOCl-NM,-0.7985677184801155
Ru2I2S2-FeOCl-NM,-0.8269846222756063
Ru2I2Se2-FeOCl-NM,-0.7883153474550975
Ru2I2N2-FeOCl-NM,-0.5130328632322885
Sc2Br2N2-FeOCl-NM,-0.7101907639947408
Sc2Br2O2-FeOCl-NM,1.1520953996219723
Sc2Br2S2-FeOCl-NM,1.0189389711938217
Sc2Br2Se2-FeOCl-NM,0.7800464241750321
Sc2Cl2N2-FeOCl-NM,-0.9814236220820994
Sc2Cl2O2-FeOCl-NM,1.612244663023992
Sc2Cl2S2-FeOCl-NM,0.9881605910469023
Sc2Cl2Se2-FeOCl-NM,0.717503479317259
Sc2I2N2-FeOCl-NM,-1.094677101086372
Sc2I2O2-FeOCl-NM,0.7098219343304272
Sc2I2S2-FeOCl-NM,0.8667809503273028
Sc2I2Se2-FeOCl-NM,0.7791233759878001
Sn2Br2N2-FeOCl-NM,0.7231260186221256
Sn2Br2O2-FeOCl-NM,-0.39817975924013255
Sn2Br2S2-FeOCl-NM,-0.7831471583025944
Sn2Br2Se2-FeOCl-NM,-0.751879478896451
Sn2Cl2N2-FeOCl-NM,0.7438198159021102
Sn2Cl2O2-FeOCl-NM,-0.47537105419405146
Sn2Cl2S2-FeOCl-NM,-0.8673304923133487
Sn2Cl2Se2-FeOCl-NM,-0.8280528581935426
Sn2I2N2-FeOCl-NM,0.6009602080161843
Sn2I2O2-FeOCl-NM,-0.5960107592887
Sn2I2S2-FeOCl-NM,-0.7962395933564165
Sn2I2Se2-FeOCl-NM,-0.7945154818421323
Ta2Br2O2-FeOCl-NM,-0.8507792907345271
Ta2Br2S2-FeOCl-NM,-0.7061738067460984
Ta2Br2Se2-FeOCl-NM,-0.5514297104287404
Ta2Cl2N2-FeOCl-NM,-1.0960309928532923
Ta2Cl2O2-FeOCl-NM,-0.8508617217864517
Ta2Cl2S2-FeOCl-NM,-0.704188491647671
Ta2Cl2Se2-FeOCl-NM,-0.5096881734064586
Ta2I2N2-FeOCl-NM,-0.8738642454787825
Ta2I2O2-FeOCl-NM,-0.7828887519085553
Ta2I2S2-FeOCl-NM,-0.671718031282554
Ta2I2Se2-FeOCl-NM,-0.5669786846509671
Ta2Br2N2-FeOCl-NM,-0.8965807525839582
Ti2Br2N2-FeOCl-NM,0.3589219408574135
Ti2Br2O2-FeOCl-NM,-0.5359511894315604
Ti2Br2S2-FeOCl-NM,-0.716568185273196
Ti2Cl2N2-FeOCl-NM,0.3504472414622515
Ti2I2N2-FeOCl-NM,0.08118124566626175
Ti2I2O2-FeOCl-NM,-0.5052433311572122
Ti2I2S2-FeOCl-NM,-0.7238940763552559
Tl2Br2N2-FeOCl-NM,-0.7262830282986208
Tl2Br2O2-FeOCl-NM,0.6788342749262081
Tl2Cl2N2-FeOCl-NM,-0.7725748715640529
Tl2Cl2O2-FeOCl-NM,0.7011625479363734
Tl2I2N2-FeOCl-NM,-0.5980266918293994
Tl2I2O2-FeOCl-NM,0.3047261997529791
Tl2I2S2-FeOCl-NM,0.22594503532505078
V2Br2N2-FeOCl-NM,-0.5022679585951156
V2Cl2N2-FeOCl-NM,-0.5101490002264829
W2Br2N2-FeOCl-NM,-0.7303957320966961
W2Br2O2-FeOCl-NM,-1.000150061008163
W2Br2Se2-FeOCl-NM,-0.6126573980007974
W2Cl2N2-FeOCl-NM,-0.9611432230345409
W2Cl2O2-FeOCl-NM,-1.1742570241468697
W2Cl2S2-FeOCl-NM,-0.6462955880874582
W2Cl2Se2-FeOCl-NM,-0.6370484227740233
W2I2N2-FeOCl-NM,-0.4573075705571303
W2I2O2-FeOCl-NM,-0.6195913578042012
W2I2Se2-FeOCl-NM,-0.6347009589750208
Zr2Br2N2-FeOCl-NM,0.8321332830265595
Zr2Br2O2-FeOCl-NM,-0.8232717715289353
Zr2Br2S2-FeOCl-NM,-1.0753250097930678
Zr2Br2Se2-FeOCl-NM,-1.012441132827311
Zr2Cl2N2-FeOCl-NM,0.8232884072940374
Zr2Cl2O2-FeOCl-NM,-0.8669408642536021
Zr2Cl2Se2-FeOCl-NM,-1.0318730834286909
Zr2I2N2-FeOCl-NM,0.6494435811869715
Zr2I2O2-FeOCl-NM,-0.7480749567419563
Zr2I2S2-FeOCl-NM,-1.0712836527672664
Zr2I2Se2-FeOCl-NM,-0.9999795461507401
Zr2Cl2S2-FeOCl-NM,-1.0911132256598544
Al2O2-GaS-NM,0.754972368076662
Al2S2-GaS-NM,1.2839737707699006
Al2Se2-GaS-NM,1.1785866508935403
Al2Te2-GaS-NM,1.0408898477151833
Au2O2-GaS-NM,-0.8610068237170562
Au2S2-GaS-NM,-1.0862746438742126
Au2Se2-GaS-NM,-0.9536440075006832
Au2Te2-GaS-NM,-0.0030548184320737647
Bi2O2-GaS-NM,0.5983556197539676
Bi2S2-GaS-NM,0.3666835316009228
Bi2Se2-GaS-NM,0.2590861531203973
Bi2Te2-GaS-NM,-0.10302107067032651
Co2O2-GaS-NM,-0.22913939775335215
Co2S2-GaS-NM,-0.4076415695582501
Co2Se2-GaS-NM,-0.3296536160132073
Co2Te2-GaS-NM,-0.6427399090263568
Cu2S2-GaS-NM,-0.14669629412688343
Cu2Se2-GaS-NM,-0.06576417955775425
Cu2Te2-GaS-NM,-0.04031065005544305
Fe2O2-GaS-NM,-0.4190618967445359
Fe2S2-GaS-NM,-0.5390516764443772
Fe2Se2-GaS-NM,-0.6057306668623462
Ga2O2-GaS-NM,0.8155622601060427
Ga2S2-GaS-NM,1.0099108140135915
Ga2Se2-GaS-NM,0.7991126659477027
Ga2Te2-GaS-NM,0.6623687237923608
Hf2O2-GaS-NM,-0.6061019093422081
Hf2S2-GaS-NM,-0.47704253491919546
Hf2Se2-GaS-NM,-0.31151718594745154
Hf2Te2-GaS-NM,-0.14855014429239122
In2O2-GaS-NM,0.34839616977543797
In2S2-GaS-NM,0.9060986379323535
In2Se2-GaS-NM,0.7709289691571853
In2Te2-GaS-NM,0.6933776498604592
Ir2O2-GaS-NM,0.04519074185245699
Ir2S2-GaS-NM,0.13974149458606616
Ir2Se2-GaS-NM,0.24524847521799842
Ir2Te2-GaS-NM,-0.8938085940015144
Mo2O2-GaS-NM,-0.019344684070835998
Mo2S2-GaS-NM,-0.09130759525841448
Mo2Se2-GaS-NM,-0.08723924001737976
Mo2Te2-GaS-NM,-0.28333466882604985
Nb2O2-GaS-NM,-0.42782664618027694
Nb2S2-GaS-NM,-0.37241577303561346
Nb2Se2-GaS-NM,-0.2817943832106266
Nb2Te2-GaS-NM,-0.25077112487493575
Ni2S2-GaS-NM,-0.9268101192056597
Ni2Se2-GaS-NM,-0.8608489604069939
Ni2Te2-GaS-NM,-0.734975144056865
Os2O2-GaS-NM,-0.7294466938921406
Os2S2-GaS-NM,-0.9185600187422208
Os2Se2-GaS-NM,-0.8318832513269777
Os2Te2-GaS-NM,-0.9673155853922678
Pd2O2-GaS-NM,-0.3682290368867381
Pd2S2-GaS-NM,-1.0477681906625778
Pd2Se2-GaS-NM,-0.8868862150988536
Pd2Te2-GaS-NM,-1.0372143334531834
Pt2O2-GaS-NM,-0.2595455639815245
Pt2S2-GaS-NM,-1.0803770929123901
Pt2Se2-GaS-NM,-0.9830522490874699
Pt2Te2-GaS-NM,-1.1142902774668246
Re2O2-GaS-NM,0.0005599784965579863
Re2S2-GaS-NM,-0.9784281964565608
Re2Se2-GaS-NM,-0.8900153976139389
Re2Te2-GaS-NM,-0.7563175586235098
Rh2O2-GaS-NM,0.031826963991609954
Rh2S2-GaS-NM,-0.07847897792896671
Rh2Se2-GaS-NM,0.009967788217303757
Rh2Te2-GaS-NM,-0.32032169569654967
Ru2O2-GaS-NM,-0.6219672601048826
Ru2S2-GaS-NM,-0.8583242175279563
Ru2Se2-GaS-NM,-0.79384035840617
Ru2Te2-GaS-NM,-0.810859312387139
Sc2O2-GaS-NM,0.5606127486077985
Sc2S2-GaS-NM,0.46688066605744377
Sc2Se2-GaS-NM,0.4259439622780893
Sc2Te2-GaS-NM,0.2747433705252086
Ta2O2-GaS-NM,-0.5233632373079626
Ta2S2-GaS-NM,-0.4033853120496823
Ta2Se2-GaS-NM,-0.4514129485466638
Ti2O2-GaS-NM,-0.38223830670676007
Ti2S2-GaS-NM,-0.35569853634810955
Ti2Se2-GaS-NM,-0.2522729598389554
Ti2Te2-GaS-NM,0.16087577709234496
Tl2O2-GaS-NM,0.04421422297916872
Tl2S2-GaS-NM,0.44139388531910706
Tl2Se2-GaS-NM,0.3520667223334381
Tl2Te2-GaS-NM,0.2985806016228281
V2S2-GaS-NM,0.1447519944610021
V2Se2-GaS-NM,0.17896327104602172
V2Te2-GaS-NM,0.1827041029227054
W2O2-GaS-NM,9.005495716639542e-05
W2S2-GaS-NM,-0.019637864485153797
W2Se2-GaS-NM,-0.022705813248916393
W2Te2-GaS-NM,-0.00929226079425403
Zr2O2-GaS-NM,-0.6726191230594074
Zr2S2-GaS-NM,-0.26906855469654994
Zr2Se2-GaS-NM,0.019006557424021048
Zr2Te2-GaS-NM,0.3128330968262474
Co2S6-Undefined-NM,-0.9315991254325382
Co2Se6-Undefined-NM,-0.4389000905774604
Co2Te6-VTe3-NM,-0.9877773321450378
Fe2Te6-VTe3-NM,-0.5399044291966745
Hf2O6-TiS3-NM,1.6262113314653257
Hf2S6-TiS3-NM,0.6287096172918734
Hf2Se6-TiS3-NM,0.2952443893409568
Hf2Te6-TiS3-NM,-0.27251681484090523
Ir2O6-Undefined-NM,-0.4226424342844025
Ir2S6-Undefined-NM,-0.31347192098226195
Ir2Se6-VTe3-NM,-0.8642829540916462
Ir2Te6-VTe3-NM,-0.9990118857005372
Mo2S6-TiS3-NM,-0.6229319749892652
Mo2Se6-VTe3-NM,-0.5572913870908419
Mo2Te6-VTe3-NM,-0.5735189617804635
Nb2O6-TiS3-NM,-1.5085672337748057
Nb2S6-TiS3-NM,-0.7371816505978632
Nb2Se6-TiS3-NM,-0.8139886820920512
Nb2Te6-TiS3-NM,-0.6193360445747771
Ni2S6-VTe3-NM,-0.5655411695344114
Ni2Se6-VTe3-NM,-1.0350136798257412
Ni2Te6-VTe3-NM,-0.7608105116628339
Os2Se6-VTe3-NM,-0.39444663922984075
Os2Te6-VTe3-NM,-0.37411250372971405
Pb2Te6-Undefined-NM,0.3218209201076488
Pt2Se6-VTe3-NM,-0.36190057270473786
Pt2Te6-VTe3-NM,-0.569966309676627
Rh2O6-Undefined-NM,-0.7680791316953243
Rh2Te6-VTe3-NM,-1.0496265764248627
Ru2Se6-VTe3-NM,0.16343538115620007
Ru2Te6-VTe3-NM,-0.5746245042275001
Sc2S6-TiS3-NM,-0.8618391270486587
Sc2Se6-TiS3-NM,-0.930665908039182
Sc2Te6-VTe3-NM,-1.0159554215997513
Ta2O6-TiS3-NM,-1.5415949878707198
Ta2S6-TiS3-NM,-1.1801969721835333
Ta2Se6-TiS3-NM,-0.9621297733011984
Ta2Te6-TiS3-NM,-0.7183629470547469
Ti2O6-TiS3-NM,0.8646830728275746
Ti2S6-TiS3-NM,0.22493175466096357
Ti2Se6-TiS3-NM,0.08942223587849459
Ti2Te6-TiS3-NM,-0.24714482113174072
V2O6-TiS3-NM,-0.6528194998735721
V2S6-TiS3-NM,-0.5469226378222324
W2S6-TiS3-NM,-0.6618774035744575
W2Te6-VTe3-NM,-0.5692175005447723
Zr2O6-TiS3-NM,1.6618447605958167
Zr2S6-TiS3-NM,0.6703978168620777
Zr2Se6-TiS3-NM,0.35498838811510236
Zr2Te6-TiS3-NM,-0.2516472757370067
Ag2Br4-CdI2-NM,-0.3131681474001296
Ag2I4-CdI2-NM,-0.4398514947574488
Au2Br4-WTe2-NM,-0.27794732421634794
Au2I4-WTe2-NM,-0.36710849845079824
Au2O4-WTe2-NM,-0.22910806196247382
Co2S4-CdI2-NM,-0.5568314611537443
Co2Se4-CdI2-NM,-0.6673482859356582
Co2Te4-CdI2-NM,-0.9998791909040318
Cu2I4-CdI2-NM,-0.3730143968160136
Cu2Te4-WTe2-NM,-1.6710945891274467
Fe2S4-WTe2-NM,0.28255301966513113
Fe2Se4-WTe2-NM,0.2433778096902094
Fe2Te4-WTe2-NM,0.12362994811027284
Hf2Br4-WTe2-NM,0.4741703773863665
Hf2Cl4-WTe2-NM,0.4751331747815878
Hf2I4-WTe2-NM,0.3619170000705821
Hg2Te4-WTe2-NM,-0.949921917789189
Ir2Br4-WTe2-NM,-0.255632403313468
Ir2O4-CdI2-NM,-0.44034561878705236
Ir2S4-WTe2-NM,-0.5006260049826099
Ir2Se4-WTe2-NM,-0.4011013035812494
Ir2Te4-CdI2-NM,-0.7322102279279378
Mo2Cl4-CdI2-NM,-0.5827997992031316
Mo2I4-WTe2-NM,-0.04835309903244721
Mo2O4-WTe2-NM,-0.13796798048576767
Mo2S4-WTe2-NM,0.005247817483122168
Mo2Se4-WTe2-NM,0.018524642640879357
Mo2Te4-WTe2-NM,-0.11580941722341474
Nb2Cl4-WTe2-NM,-0.5036381475582812
Nb2O4-CdI2-NM,-0.2782887077847799
Os2O4-WTe2-NM,0.23145045982369963
Os2S4-WTe2-NM,0.37953277713492434
Os2Se4-WTe2-NM,0.3990529459365629
Os2Te4-WTe2-NM,0.4095116342008538
Pd2Cl4-WTe2-NM,-0.08088079404967714
Re2Br4-WTe2-NM,-0.16384949510046046
Re2Cl4-WTe2-NM,-0.8292684915095866
Re2I4-WTe2-NM,-0.28510229173866686
Re2O4-WTe2-NM,-0.8572905195799939
Re2S4-WTe2-NM,-0.6937280314148515
Re2Se4-WTe2-NM,-0.4675388343207726
Re2Te4-WTe2-NM,-0.25984126694107657
Rh2S4-WTe2-NM,-0.34842940630963704
Rh2Se4-WTe2-NM,-0.3811320015380142
Rh2Te4-WTe2-NM,-0.7051965152689083
Ru2O4-WTe2-NM,0.11283678719279966
Ru2S4-WTe2-NM,0.4339819017782151
Ru2Se4-WTe2-NM,0.4309215040542005
Ru2Te4-WTe2-NM,0.3212095805870326
Ta2Br4-WTe2-NM,-0.2650562273423549
Ta2I4-WTe2-NM,-0.26334054534877077
Ta2O4-CdI2-NM,-0.2502641200093105
Ti2Cl4-WTe2-NM,0.20972059882625757
Ti2O4-WTe2-NM,0.9622309095093395
W2Cl4-CdI2-NM,-0.5932577794452802
W2O4-WTe2-NM,-0.16062211183502006
W2S4-WTe2-NM,-0.002519445719267268
W2Se4-WTe2-NM,0.020681372866864223
W2Te4-WTe2-NM,-0.046902803956762655
Y2Br4-CdI2-NM,-0.44324512429568813
Y2Cl4-CdI2-NM,-0.4219009597234298
Y2I4-WTe2-NM,-0.46044320908887615
Zr2Br4-WTe2-NM,0.3623966761129988
Zr2Cl4-WTe2-NM,0.353479782184423
Zr2I4-WTe2-NM,0.29504241349560256
C2F2-CH-NM,1.220780004582656
C2H2-CH-NM,2.0388328063561385
F2Ge2-CH-NM,0.06869771867120862
Ge2H2-CH-NM,0.4240872324079322
F2Si2-CH-NM,0.5316760837830362
H2Si2-CH-NM,1.0653909483073736
CF2Si-CH2Si-NM,1.0207679137623413
CH2Si-CH2Si-NM,1.7662272315383913
Sn2F2-CH-NM,0.001449469333345886
Sn2H2-CH-NM,0.25795460820325977
Hf4Cl4S4-HfBrS-NM,-0.2459388514806828
Hf4Cl4Se4-HfBrS-NM,-0.2797856057216963
Hf4I4Se4-HfBrS-NM,-0.23944553081647055
Zr4Br4Se4-HfBrS-NM,-0.19203389569280852
Zr4Cl4Se4-HfBrS-NM,-0.2052464474947631
Zr4I4S4-HfBrS-NM,-0.15565568298633226
