Ag2O2-AuSe-NM,1.8293412917767906
Ag2S2-AuSe-NM,1.890754593708441
Ag2Te2-AuSe-NM,1.2589412189726912
Au2O2-AuSe-NM,1.3281249736437832
Au2S2-AuSe-NM,2.372810998013692
Au2Se2-AuSe-NM,2.0780147720478936
Au2Te2-AuSe-NM,1.7422672957685938
Cu2O2-AuSe-NM,1.7263590103496762
Cu2S2-AuSe-NM,1.8030580404010164
Cu2Se2-AuSe-NM,1.654450185333873
AlAs-BN-NM,2.9671610097870644
AlN-BN-NM,4.8747493678311615
AlSb-GeSe-NM,2.0280838531263714
AsB-BN-NM,1.1881552496653618
BN-BN-NM,6.1287544673013095
BP-BN-NM,1.361716889120115
BSb-BN-NM,0.5513885378099415
GaAs-GeSe-NM,1.7562739509012024
GaN-BN-NM,3.481245312547073
GaP-GeSe-NM,2.7844443008660615
GeO-GeSe-NM,3.3777613198414063
GeS-GeSe-NM,3.4922143346931867
GeSe-GeSe-NM,3.1454774297719807
GeTe-GeSe-NM,2.293146906494079
HgO-BN-NM,0.025195746505690675
HgS-BN-NM,0.7236707407317446
HgSe-GeSe-NM,0.4233383782147899
HgTe-GeSe-NM,0.27880058863410584
InAs-GeSe-NM,1.233830861239777
InN-BN-NM,1.5650492301701968
InP-GeSe-NM,1.9096813913102388
InSb-GeSe-NM,0.9447311585024376
PbO-GeSe-NM,3.4070686025695682
PbS-GeSe-NM,2.7249373777012336
PbSe-GeSe-NM,2.2800110783840104
PbTe-GeSe-NM,1.5002534549900912
SnO-GeSe-NM,2.7555531733992398
SnS-GeSe-NM,3.263470587594423
SnSe-GeSe-NM,3.0448602518542045
SnTe-GeSe-NM,2.385569304623058
AsBrS-BiTeI-NM,2.478398661958135
AsClS-BiTeI-NM,2.731480928069245
AsBrSe-BiTeI-NM,2.2841091991538747
AsClSe-BiTeI-NM,2.5198534311860987
AsISe-BiTeI-NM,1.8683216814373196
AsIS-BiTeI-NM,2.0481120616119965
AsBrTe-BiTeI-NM,2.2374882415650235
AsClTe-BiTeI-NM,2.3866039102040535
AsITe-BiTeI-NM,1.7248528481950969
BiBrS-BiTeI-NM,1.8764621998537656
BiClS-BiTeI-NM,1.936683627876414
BiBrSe-BiTeI-NM,1.521213764920621
BiClSe-BiTeI-NM,1.628459954663155
BiISe-BiTeI-NM,1.4030877623896063
BiIS-BiTeI-NM,1.6023169650283164
BiBrTe-BiTeI-NM,1.1862018071880316
BiClTe-BiTeI-NM,1.1982747632781856
BiITe-BiTeI-NM,1.0700282358726583
BrSSb-BiTeI-NM,2.2774699291026934
ClSSb-BiTeI-NM,2.3736716625580483
BrSbSe-BiTeI-NM,1.9887316151343393
ClSbSe-BiTeI-NM,2.127708045924475
ISbSe-BiTeI-NM,1.7893788448272876
ISSb-BiTeI-NM,2.0519144057291085
BrSbTe-BiTeI-NM,1.902123927204468
ClSbTe-BiTeI-NM,2.103108012935163
ISbTe-BiTeI-NM,1.572426860213377
ZrSSe-BiTeI-NM,2.232158745386647
ZrSTe-BiTeI-NM,0.8119966056499541
CrSTe-BiTeI-NM,0.12101054264326389
HfSeTe-BiTeI-NM,1.1029153894055495
HfSSe-BiTeI-NM,2.431945912796512
HfSTe-BiTeI-NM,1.002259661723611
MoSTe-BiTeI-NM,0.47834306442556884
TiSSe-BiTeI-NM,0.776523028163183
VBrCl-BiTeI-FM,3.8014398853140334
VBrI-BiTeI-FM,3.5176502953104394
VClI-BiTeI-FM,3.5935938276559853
WSTe-BiTeI-NM,0.47634442989694664
As2-C-NM,2.4513703467097763
C2-C-NM,0.0002564957267392476
Ge2-C-NM,0.024906775170386197
Si2-C-NM,0.0015933804358061465
Sn2-C-NM,0.08248983228936257
C6N2-C3N-NM,2.263970015620063
Ti2S2-CH-NM,0.11739861403821417
Ti2Br2-CH-NM,0.01910965870044834
Ti2Br2-CH-AFM,0.9948255226577102
V2I2-CH-NM,0.15236728007412847
V2I2-CH-AFM,0.20366839180847762
Cr2Cl2-CH-AFM,2.074499415006306
Cr2Br2-CH-AFM,1.9274697938256202
Cr2I2-CH-AFM,1.9986586001247175
Mn2S2-CH-AFM,2.8882446762681333
Mn2Se2-CH-AFM,2.8126056614666437
Mn2Te2-CH-AFM,2.023300861758146
Mn2Br2-CH-AFM,1.9268038209598244
Fe2F2-CH-AFM,1.2944702426019439
Fe2Cl2-CH-AFM,0.8837776177523261
Fe2Br2-CH-FM,0.02835801636376073
Fe2Br2-CH-AFM,0.25854298641577655
Co2Br2-CH-AFM,1.0361966576683788
Cu2Cl2-CH-NM,3.5606963376284115
Cu2Br2-CH-NM,3.4233528965141344
Cu2I2-CH-NM,3.359049485087538
Zn2S2-CH-NM,3.7713145457679995
Zn2Se2-CH-NM,2.6335309052897666
Zn2Te2-CH-NM,1.2938448405431962
Zr2S2-CH-NM,0.06661219911602256
Zr2Se2-CH-NM,0.11339345829610636
Zr2Cl2-CH-NM,0.03647860632743383
Zr2Br2-CH-NM,0.0445888995147109
Pd2F2-GaSe-NM,2.4878016654043513
Ag2F2-Undefined-NM,2.9330787396931073
Ag2Cl2-CH-NM,3.050483563304977
Ag2Br2-CH-NM,2.9623770335906077
Ag2I2-CH-NM,2.7818495819334284
Cd2S2-CH-NM,2.6959230246938475
Cd2Se2-CH-NM,2.197360631023562
Cd2Te2-CH-NM,1.3305995781073516
In2I2-CH-NM,2.474057733883535
S2Sb2-CH-NM,0.5606691082691952
Sb2Se2-CH-NM,0.4079815756313845
Cl2Sb2-CH-NM,0.4308584334166272
Br2Sb2-CH-NM,0.4393230591053805
I2Sb2-ISb-NM,0.621055847490019
Hf2S2-CH-NM,0.13528477202439065
Hf2Se2-CH-NM,0.120458307011866
Re2S2-CH-NM,0.31937587787650706
Ir2S2-CH-NM,0.9799204088303709
Ir2Se2-CH-NM,0.9783606477082343
Pt2Cl2-GaSe-NM,2.2639428600684326
Au2Br2-CH-NM,1.4287865390910024
Au2I2-CH-NM,1.6277261599102892
Hg2Se2-CH-NM,0.28871739923054784
Hg2Te2-CH-NM,0.14127830023546717
Hg2Cl2-CH-NM,0.13000415325542392
Hg2Br2-CH-NM,0.18958052067329234
Hg2I2-GaSe-NM,1.9463816969313847
Tl2Cl2-CH-NM,4.697821544075497
Tl2Br2-ISb-NM,4.003675927664027
Tl2I2-CH-NM,3.2616269160195497
Pb2Te2-CH-NM,1.5191769933744137
Pb2F2-CH-NM,0.33417519713600385
Pb2Cl2-CH-NM,0.7022154509287549
Pb2Br2-CH-NM,0.6889994121840507
Bi2S2-CH-NM,0.6743213457388118
Bi2Se2-CH-NM,0.5359589832361726
Bi2Te2-CH-NM,0.4089122363416836
Bi2Cl2-CH-NM,1.6709609655318087
Bi2Br2-CH-NM,1.666956595288283
Bi2I2-CH-NM,1.4767008265897796
Fe2Br2-FeSe-FM,0.2299854187928025
Cr2O2-FeSe-AFM,3.7609400595818463
Fe2Se2-FeSe-AFM,0.028802395593704233
Mn2O2-FeSe-AFM,3.2095117350820166
Mn2S2-FeSe-AFM,3.64797244997606
Mn2Se2-FeSe-AFM,3.398834587497236
Mn2Te2-FeSe-AFM,2.711069515656762
Pb2O2-FeSe-NM,1.1747494507449197
Pb2S2-FeSe-NM,1.3946031703811015
Pb2Se2-FeSe-NM,1.3057713285498722
Pb2Te2-FeSe-NM,0.9197046894620429
Pt2O2-FeSe-NM,1.463025074847935
Pt2Se2-FeSe-NM,0.08235100449181498
Fe2I2-FeSe-FM,0.13516871784220152
Cr2Cl2-FeSe-AFM,1.806750233785087
K2Br2-FeSe-NM,5.4696213452375275
Ca2I2-FeSe-FM,1.169715451300687
V2F2-FeSe-AFM,1.08494405369959
Cr2Br2-FeSe-AFM,1.852084951478315
Co2F2-FeSe-AFM,0.21496910724676965
K2F2-FeSe-NM,7.021843569419415
K2Cl2-FeSe-NM,6.1397771767758345
K2I2-FeSe-NM,4.784008898574658
Cr2I2-FeSe-AFM,2.235372345746079
Ni2Cl2-FeSe-AFM,0.5303959372753537
Cu2F2-FeSe-NM,0.5170301718514168
Cu2Cl2-FeSe-NM,3.6567472735256104
Cu2Br2-FeSe-NM,3.4752210215370996
Cu2I2-FeSe-NM,3.5517361607400177
Ga2Cl2-FeSe-NM,3.3242221785962425
Ga2I2-FeSe-NM,2.959321260497223
Rb2F2-FeSe-NM,6.552578158599866
Rb2Cl2-FeSe-NM,5.891091601890369
Rb2Br2-FeSe-NM,5.268172177145077
Rb2I2-FeSe-NM,4.612563320157292
Sr2I2-FeSe-FM,0.7067851652906081
Ag2F2-FeSe-NM,3.7293994435251827
Ag2Cl2-FeSe-NM,3.4617874740319556
Ag2Br2-FeSe-NM,3.0915123928650945
Ag2I2-FeSe-NM,2.921885453642047
In2Cl2-FeSe-NM,3.0019979386755806
In2I2-FeSe-NM,2.6415285756522384
Cs2F2-FeSe-NM,6.0586074735185305
Cs2Cl2-FeSe-NM,5.654182203452806
Cs2Br2-FeSe-NM,5.145467471447715
Au2Cl2-FeSe-NM,0.7768962385689107
Au2Br2-FeSe-NM,1.222277762293436
Au2I2-FeSe-NM,1.5915963578351833
Tl2Br2-FeSe-NM,3.284950765888463
Tl2I2-FeSe-NM,3.0011047948413907
Al2S2-GaSe-NM,3.553904299453582
Al2Se2-GaSe-NM,3.51450775281799
Al2Te2-GaSe-NM,2.90423197552276
Bi2Se2-GaSe-NM,0.7914983213706679
Bi2Te2-GaSe-NM,0.5861240633694471
Ga2S2-GaSe-NM,3.138799261948513
Ga2Se2-GaSe-NM,2.4346261270801515
Ga2Te2-GaSe-NM,1.9307896521541197
In2S2-GaSe-NM,2.430436707792258
In2Se2-GaSe-NM,1.997507042701225
In2Te2-GaSe-NM,1.7078203535615026
Ir2Se2-GaSe-NM,0.10100811038883373
Mn2Se2-GaSe-AFM,1.454189284724273
Mn2Te2-GaSe-AFM,1.1402304780030277
Sb2Se2-GaSe-NM,0.7544986680344695
Sc2Te2-GaSe-NM,0.0020516069326909914
Ti2Te2-GaSe-NM,0.15021065097948194
Tl2S2-GaSe-NM,1.1700562499266802
Tl2Se2-GaSe-NM,0.8757672713337521
Tl2Te2-GaSe-NM,0.6376606661470927
V2Se2-GaSe-NM,0.35069732263748266
V2Te2-GaSe-NM,1.0479419400650631
Zr2Te2-GaSe-NM,0.2516516734780291
MnCl2-GeS2-FM,5.020536656831107
MnBr2-GeS2-FM,4.425053992556638
FeBr2-GeS2-FM,1.913686661008245
FeI2-GeS2-FM,1.918108956963905
CoF2-GeS2-FM,3.695448646950382
CoCl2-GeS2-FM,2.583482586316547
CoI2-GeS2-FM,2.4481214017555635
NiCl2-GeS2-NM,0.024457638283392313
ZnF2-GeS2-NM,6.9877910653039095
ZnCl2-GeS2-NM,5.696369521544278
ZnI2-GeS2-NM,3.41893639614533
GeS2-GeS2-NM,2.686387698366265
GeSe2-GeS2-NM,1.722116971809206
Cl2Ge-GeS2-NM,3.803833528785347
GeI2-GeS2-NM,2.493481965199276
GeO2-GeS2-NM,4.9714422832663505
GeTe2-GeS2-NM,0.6289567667490441
F2Ge-GeS2-NM,4.550769950255878
Br2Ge-GeS2-NM,3.1342945480695437
CaF2-GeS2-NM,8.700528674383591
CaCl2-GeS2-NM,6.922663944493424
CaBr2-GeS2-NM,5.96701182369039
CaI2-GeS2-NM,5.127417063056988
TiO2-GeS2-NM,5.9110056798243304
TiS2-GeS2-NM,3.462957190260324
TiSe2-GeS2-NM,2.886271128148641
TiTe2-GeS2-NM,2.013269894122927
VTe2-GeS2-FM,0.21468091468827977
MnI2-GeS2-FM,3.8692904799936945
FeCl2-GeS2-FM,1.911155638705332
CoBr2-GeS2-FM,2.861640006854439
ZnBr2-GeS2-NM,4.506822120290835
SrF2-GeS2-NM,8.153290854911111
SrCl2-GeS2-NM,6.605988828845339
SrBr2-GeS2-NM,5.7454126647758
SrI2-GeS2-NM,4.897694128761516
ZrO2-GeS2-NM,6.41031867890349
ZrS2-GeS2-NM,3.7450302674973988
ZrSe2-GeS2-NM,3.1750171730439414
ZrTe2-GeS2-NM,2.099743177074128
RuF2-GeS2-NM,1.2490793904931698
CdF2-GeS2-NM,5.993029271211118
CdCl2-GeS2-NM,4.984492468622904
CdBr2-GeS2-NM,4.087255761582869
CdI2-GeS2-NM,3.2895499878926833
SnO2-GeS2-NM,3.7601695548204663
SnS2-GeS2-NM,2.7243083681998836
SnSe2-GeS2-NM,1.9290392098014124
SnTe2-GeS2-NM,1.1232169288830807
SnF2-GeS2-NM,4.019917026071042
SnCl2-GeS2-NM,3.4928275977673304
SnBr2-GeS2-NM,3.146267356490494
SnI2-GeS2-NM,2.4402261715119096
BaF2-GeS2-NM,7.699924672118782
BaCl2-GeS2-NM,6.4837855709037875
BaBr2-GeS2-NM,5.70266276995076
BaI2-GeS2-NM,4.913659054970508
HfO2-GeS2-NM,6.108462964183751
HfS2-GeS2-NM,3.8435357026422654
HfSe2-GeS2-NM,3.2205254714263214
HfTe2-GeS2-NM,2.1564599440766763
TaO2-GeS2-FM,1.881378689977329
PtF2-GeS2-FM,0.8954203911942216
HgF2-GeS2-NM,4.032036613546616
HgCl2-GeS2-NM,3.707917201975317
HgBr2-GeS2-NM,3.061738018109891
HgI2-GeS2-NM,2.3970432404775206
PbO2-GeS2-NM,2.467522432059246
PbS2-GeS2-NM,1.7360714860077482
PbSe2-GeS2-NM,1.1561524682721847
PbTe2-GeS2-NM,0.5252284682114556
PbF2-GeS2-NM,4.59089238611661
PbCl2-GeS2-NM,3.7160697257179156
PbBr2-GeS2-NM,3.117052885023681
PbI2-GeS2-NM,2.4022182690455054
Cd2P2S6-MnPSe3-NM,3.3408695587588584
Sc2P2S6-ScPSe3-NM,2.2671483269970953
Cr2P2Se6-ScPSe3-AFM,1.6643936092389577
Fe2P2S6-MnPSe3-NM,1.9520128281235543
Fe2P2Se6-MnPSe3-NM,1.4155949983089884
Fe2P2Te6-MnPSe3-NM,1.460929276594491
Ir2P2Te6-MnPSe3-NM,0.2728412853458497
Zn2P2Se6-MnPSe3-NM,2.392187996927055
Zn2P2Te6-MnPSe3-NM,1.2837211485073294
Zr2P2S6-Undefined-NM,1.657159248408352
Zr2P2Se6-Undefined-NM,1.3440829112051866
Nb2P2S6-MnPSe3-NM,0.6794503933553222
Nb2P2S6-MnPSe3-AFM,0.7397766719778898
Mo2P2S6-Undefined-NM,0.7809690209270994
Mo2P2Se6-Undefined-NM,0.4888648780850312
Ru2P2S6-MnPSe3-NM,1.1699636574419128
Ru2P2Se6-MnPSe3-NM,0.9249095520594088
Ru2P2Te6-MnPSe3-NM,1.2631945718391735
Rh2P2Se6-MnPSe3-NM,0.06302461497475365
Hg2P2Se6-MnPSe3-NM,1.563060000249501
Cd2P2Se6-MnPSe3-NM,2.368844417032705
Hf2P2S6-Undefined-NM,1.7311491112793826
Hf2P2Se6-Undefined-NM,1.408202653037868
Hf2P2Te6-Undefined-NM,0.5762868016245004
Ta2P2Se6-Undefined-NM,0.935969213843963
W2P2S6-Undefined-NM,0.43891405093216107
W2P2Se6-Undefined-NM,0.33087923135742237
Os2P2S6-ScPSe3-NM,0.3683953391423378
Os2P2Te6-MnPSe3-NM,0.9274435402847285
Ir2P2S6-MnPSe3-NM,0.06396706583426015
Ir2P2Se6-MnPSe3-NM,0.07275280260183958
Pt2P2S6-MnPSe3-NM,0.05616361267242986
Pt2P2Se6-Undefined-NM,0.9381600684503654
Hg2P2S6-MnPSe3-NM,2.3119082077597386
Cd2P2Te6-MnPSe3-NM,1.4724297929960501
Ge2P2Te6-Undefined-NM,1.499591990379884
Ga2P2Te6-Undefined-NM,0.9525527191261693
Ge2P2S6-MnPSe3-NM,2.528270217046917
Ge2P2Se6-MnPSe3-NM,1.9042476084768258
In2P2S6-Undefined-NM,1.4305326227568798
Sn2P2S6-MnPSe3-NM,1.9815037734491334
Sn2P2Se6-MnPSe3-NM,1.3540497083477157
Sn2P2Te6-MnPSe3-NM,1.0322068666584114
P2Sb2Se6-ScPSe3-NM,1.5027953188686978
Pb2P2S6-MnPSe3-NM,2.312137450299419
Pb2P2Se6-MnPSe3-NM,1.722114316976243
Bi2P2S6-VPSe3-NM,1.3498504212703273
Bi2P2Se6-ScPSe3-NM,1.1920158957954825
Bi2P2Te6-ScPSe3-NM,0.8187035819531192
Al2P2S6-ScPSe3-NM,2.6103265556544564
Al2P2Se6-ScPSe3-NM,1.6516238122573805
Sc2P2Se6-ScPSe3-NM,1.5461723748135057
P2Sb2Te6-ScPSe3-NM,0.9907690893878659
V2P2S6-MnPSe3-AFM,2.7697307996384106
Zn2P2S6-MnPSe3-NM,3.5900583949674862
Ta2P2Te6-Undefined-NM,0.6999543956505806
Pb2P2Te6-MnPSe3-NM,1.3853765402673113
Hg2P2Te6-MnPSe3-NM,0.908848291745493
BaBr2-CdI2-NM,6.050049416446448
BaCl2-CdI2-NM,6.97681030501074
BaI2-CdI2-NM,5.100548408119339
CaBr2-CdI2-NM,6.286147049980412
CaCl2-CdI2-NM,7.526308068261651
CaI2-CdI2-NM,5.273580436002163
CdBr2-CdI2-NM,4.158939328205569
CdCl2-CdI2-NM,5.176434245379272
CdI2-CdI2-NM,3.2980226402006476
CoBr2-CdI2-FM,3.472962623384347
CoCl2-CdI2-FM,3.79163893692379
FeBr2-CdI2-NM,3.2752694629771915
FeCl2-CdI2-NM,3.5581882469681974
FeI2-CdI2-NM,2.9059036697116603
Br2Ge-CdI2-NM,3.6615590217848375
Cl2Ge-CdI2-NM,4.246102151640009
GeI2-CdI2-NM,3.0956395742308525
HgBr2-CdI2-NM,2.927897983164752
HgCl2-CdI2-NM,3.5986409404098865
HgI2-CdI2-NM,2.223303527713493
MgBr2-CdI2-NM,5.744420890628533
MgCl2-CdI2-NM,7.294068617459455
MgI2-CdI2-NM,4.553947545382522
MnBr2-CdI2-FM,4.553500684461174
MnCl2-CdI2-FM,4.963138078119329
MnI2-CdI2-FM,3.788374768954207
NiBr2-CdI2-FM,3.4322822577203844
NiCl2-CdI2-FM,4.2199816469610205
NiI2-CdI2-FM,2.2313604445964854
OsBr2-CdI2-NM,2.4241529922566905
OsCl2-CdI2-NM,2.713526574137678
OsI2-CdI2-NM,2.2085398748752416
PbBr2-CdI2-NM,3.3776936111041165
PbCl2-CdI2-NM,4.112834528523775
PbI2-CdI2-NM,2.551800554566438
PdBr2-CdI2-FM,1.7151724414523266
PdCl2-CdI2-FM,2.2657587160626163
PtBr2-CdI2-FM,1.562950411115178
PtCl2-CdI2-FM,2.0126571263905983
ReI2-CdI2-FM,0.3038028527677775
RuBr2-CdI2-NM,2.541624949676126
RuCl2-CdI2-NM,2.8305018060399294
RuI2-CdI2-NM,2.3042274830425895
SnBr2-CdI2-NM,3.413856737672085
SnCl2-CdI2-NM,4.036824135576308
SnI2-CdI2-NM,2.820256649180486
SrBr2-CdI2-NM,6.081798040330591
SrCl2-CdI2-NM,7.124439255048239
SrI2-CdI2-NM,5.090456101061262
VBr2-CdI2-FM,3.6957905296268265
VCl2-CdI2-FM,3.932019640331305
VI2-CdI2-FM,3.4006111908256003
ZnBr2-CdI2-NM,4.583360016376636
ZnCl2-CdI2-NM,5.941570172621746
ZnI2-CdI2-NM,2.994194592509272
AlCl2-MoS2-FM,1.1769855041842285
BaBr2-MoS2-NM,5.3515545184337645
BaCl2-MoS2-NM,6.115429479736512
BaI2-MoS2-NM,4.345197757968178
Br2Ge-MoS2-NM,3.6047245648271202
CaBr2-MoS2-NM,5.569122979307893
CaCl2-MoS2-NM,6.38419088394221
CaI2-MoS2-NM,4.443002797947576
CdBr2-MoS2-NM,3.373303256993041
CdCl2-MoS2-NM,4.346415096810726
CdI2-MoS2-NM,2.4759170705989164
Cl2Ge-MoS2-NM,3.9811532037378647
FeBr2-MoS2-FM,0.0985767578232728
FeCl2-MoS2-FM,0.08841851825969949
FeI2-MoS2-FM,0.11168370418967222
HfBr2-MoS2-NM,2.100847837163831
HfCl2-MoS2-NM,2.3430855878067365
HfI2-MoS2-NM,1.7684361511628428
HgBr2-MoS2-NM,2.458718900666394
HgCl2-MoS2-NM,3.2365147757875947
HgI2-MoS2-NM,1.6717476363378008
MgBr2-MoS2-NM,4.662362212936525
MgCl2-MoS2-NM,6.062543426890128
MgI2-MoS2-NM,3.510113894214509
MnBr2-MoS2-FM,4.2123476823588115
MnCl2-MoS2-FM,4.593153007114468
MnI2-MoS2-FM,3.290162180761433
NiBr2-MoS2-FM,1.5777539517218615
NiCl2-MoS2-FM,2.135447736151119
NiI2-MoS2-FM,0.7608572141033149
OsBr2-MoS2-FM,0.6734577892470726
OsCl2-MoS2-FM,1.3140938074736157
PbBr2-MoS2-NM,3.4235518220897463
PbCl2-MoS2-NM,3.856050489231359
PbI2-MoS2-NM,2.543222534529356
PdCl2-MoS2-FM,0.7428954947678652
RuBr2-MoS2-FM,0.5592349046430096
RuCl2-MoS2-FM,0.9131145788546324
ScBr2-MoS2-FM,1.4803804994073737
ScCl2-MoS2-FM,1.5125263830037992
ScI2-MoS2-FM,1.2682842733179236
SnBr2-MoS2-NM,3.2779541176735076
SnCl2-MoS2-NM,3.580824879759962
SnI2-MoS2-NM,2.77913035001518
SrBr2-MoS2-NM,5.413297272565654
SrCl2-MoS2-NM,6.230140660849411
SrI2-MoS2-NM,4.477354234110452
TiBr2-MoS2-NM,1.2819408847346732
TiCl2-MoS2-NM,1.6454980944253492
TiI2-MoS2-NM,0.828403365678688
VI2-MoS2-FM,1.3407011093572025
YBr2-MoS2-FM,1.562619702841341
YCl2-MoS2-FM,1.769750647715823
YI2-MoS2-FM,1.2051109430261133
ZnBr2-MoS2-NM,3.4487712140629654
ZnCl2-MoS2-NM,4.71849101949681
ZnI2-MoS2-NM,2.3088774498231595
ZrBr2-MoS2-NM,1.99568374635717
ZrCl2-MoS2-NM,2.157221135147701
ZrI2-MoS2-NM,1.6788275154132348
Ag2Br6-BiI3-AFM,0.7654310599075105
Ag2Br6-BiI3-FM,0.8294854895995281
Ag2Cl6-BiI3-AFM,1.288376215988702
Ag2Cl6-BiI3-FM,1.2753885148749164
Al2Br6-BiI3-NM,5.096215525501218
Al2Cl6-BiI3-NM,6.989825206554174
Al2I6-BiI3-NM,2.9553118392141995
As2Br6-BiI3-NM,3.500148562979101
As2I6-BiI3-NM,2.749056319374288
Au2Br6-BiI3-AFM,0.9690953426334734
Au2Br6-BiI3-FM,0.88850991539663
Au2Cl6-BiI3-AFM,1.32178764865288
Au2Cl6-BiI3-FM,1.298747245655398
Au2I6-BiI3-NM,0.11021077885589481
Bi2Br6-BiI3-NM,2.930056556165099
Bi2Cl6-BiI3-NM,3.3211316596989016
Bi2I6-BiI3-NM,2.22806385199359
Br6Sb2-BiI3-NM,3.2318820332307556
Co2Br6-BiI3-NM,3.143333003681894
Co2Cl6-BiI3-NM,3.602494116311914
Co2I6-BiI3-NM,1.984945284319625
Cr2Br6-BiI3-AFM,3.6543846959482935
Cr2Br6-BiI3-FM,3.478666179084649
Cr2Cl6-BiI3-AFM,4.2654340052539865
Cr2Cl6-BiI3-FM,4.045185716146422
Cr2I6-BiI3-AFM,2.2962988243331592
Cr2I6-BiI3-FM,2.090387427620729
Cu2Br6-BiI3-AFM,1.0435172434566709
Cu2Br6-BiI3-FM,0.7055962872100721
Cu2Cl6-BiI3-AFM,1.7626925116800871
Cu2Cl6-BiI3-FM,1.5084060487812874
Ga2Br6-BiI3-NM,3.6885567204758107
Ga2Cl6-BiI3-NM,5.224404924140627
Ga2I6-BiI3-NM,1.897862430813587
I6Sb2-BiI3-NM,2.6241575719431247
In2Br6-BiI3-NM,3.839900034232886
In2Cl6-BiI3-NM,5.120987932307446
In2I6-BiI3-NM,2.459443440582228
Ir2Br6-BiI3-NM,2.899752740526968
Ir2Cl6-BiI3-NM,3.317588714318923
Ir2I6-BiI3-NM,2.488938322773489
Mn2Cl6-BiI3-FM,0.8732488654678638
Mn2I6-BiI3-FM,0.06123627436769796
Mo2Br6-BiI3-AFM,3.3209668934907177
Mo2Cl6-BiI3-AFM,3.3756278147702083
Mo2I6-BiI3-AFM,2.9069848518689927
Mo2I6-BiI3-FM,2.505052036863585
Nb2I6-BiI3-FM,0.03810569311366985
Ni2Cl6-BiI3-FM,0.006985691674611161
Os2I6-BiI3-FM,0.056421495347485306
Pd2Br6-BiI3-FM,0.029129098909973727
Pd2I6-BiI3-FM,0.14043255294553658
Pt2I6-BiI3-FM,0.05771594527843815
Re2Br6-BiI3-FM,0.09136805672830128
Re2I6-BiI3-FM,0.07106380934674095
Rh2Br6-BiI3-NM,2.7761417900108345
Rh2Cl6-BiI3-NM,3.2066881270067014
Rh2I6-BiI3-NM,2.024249919337807
Ru2Br6-BiI3-FM,0.1275113303428368
Sc2Br6-BiI3-NM,4.98812542128882
Sc2Cl6-BiI3-NM,6.000652665952618
Sc2I6-BiI3-NM,3.7239771952566376
Ti2Cl6-BiI3-FM,0.15681735653133377
Tl2Br6-BiI3-NM,2.546267704643963
Tl2Cl6-BiI3-NM,3.537125933173482
Tl2I6-BiI3-NM,1.446226667828674
V2Cl6-BiI3-FM,0.026779141235950377
W2Br6-BiI3-AFM,2.5568452145999823
W2Cl6-BiI3-AFM,1.3162525399335085
W2Cl6-BiI3-NM,0.8831297062391703
W2I6-BiI3-AFM,2.3982461054993216
W2I6-BiI3-FM,2.029857985773842
Y2Br6-BiI3-NM,5.551140324893059
Y2Cl6-BiI3-NM,6.725866120971198
Y2I6-BiI3-NM,4.122063200583021
Al2Br6-TiCl3-NM,3.592964063913824
Al2Cl6-TiCl3-NM,5.288757008761785
Al2I6-TiCl3-NM,1.5539509969010328
Au2Cl6-AgBr3-NM,0.08593982861977345
Bi2Br6-AgBr3-NM,2.968873265936109
Bi2Cl6-AgBr3-NM,3.6297741731252575
Bi2I6-TiCl3-NM,1.8786609874177458
Co2Br6-AgBr3-AFM,1.1056723158741066
Co2Cl6-AgBr3-AFM,1.8945590906379746
Cr2Br6-TiCl3-AFM,2.6033013549747324
Cr2Br6-TiCl3-FM,1.915018451728242
Cr2Cl6-TiCl3-AFM,3.045989015071239
Cr2Cl6-TiCl3-FM,2.4450560558472794
Cr2I6-TiCl3-AFM,1.9614992752082507
Cr2I6-TiCl3-FM,1.2605346959492014
Fe2Br6-TiCl3-AFM,2.9397009897299125
Fe2Br6-TiCl3-FM,2.8152720862608716
Fe2Cl6-AgBr3-AFM,3.573519698061483
Fe2Cl6-TiCl3-FM,3.398485199306069
Ga2Br6-TiCl3-NM,2.2977094117969292
Ga2Cl6-TiCl3-NM,3.812814224303326
Ga2I6-TiCl3-NM,0.5816720629908025
In2Br6-TiCl3-NM,2.983688278519184
In2Cl6-AgBr3-NM,4.208928926152024
In2I6-TiCl3-NM,1.3564875503147582
Ir2Br6-TiCl3-NM,0.7703150290520615
Ir2Cl6-Undefined-NM,1.2330335564765234
Ir2I6-TiCl3-NM,0.75565215295899
Mo2Br6-TiCl3-AFM,1.6629951317466793
Mo2Cl6-TiCl3-AFM,0.847689355362319
Mo2Cl6-TiCl3-NM,0.8150148111902887
Mo2I6-TiCl3-AFM,1.6717279186307206
Os2Cl6-AgBr3-FM,0.27700690345637025
Re2Br6-TiCl3-NM,0.09785008806659401
Re2Cl6-TiCl3-NM,0.02798300491190242
Re2I6-AgBr3-NM,0.22633329291877313
Rh2Br6-Undefined-NM,1.1383358927080165
Rh2I6-TiCl3-NM,0.6348204109053066
Ru2Br6-AgBr3-FM,0.0728392657335557
Sc2Br6-TiCl3-NM,4.543618578777588
Sc2Cl6-AgBr3-NM,5.305092518405447
Ti2Br6-TiCl3-AFM,1.8255321921326995
Ti2Br6-TiCl3-FM,1.0714454939631874
Ti2Cl6-TiCl3-AFM,1.8585880822976977
Ti2Cl6-TiCl3-FM,0.8958101095676712
Ti2I6-TiCl3-AFM,1.6913683643583655
Ti2I6-TiCl3-FM,1.143542701774643
Tl2Br6-TiCl3-NM,1.8617828074729066
Tl2Cl6-AgBr3-NM,2.7254210313027074
Tl2I6-TiCl3-NM,0.6100581962651122
V2Cl6-AgBr3-FM,0.02283673114262097
W2Br6-TiCl3-NM,0.4708372754047374
W2Cl6-TiCl3-NM,1.1649142614732115
W2I6-TiCl3-AFM,0.23581726593537405
W2I6-TiCl3-NM,0.2514585222381933
Y2Br6-AgBr3-NM,4.90984483379608
Y2Cl6-AgBr3-NM,6.01392646570449
Y2I6-TiCl3-NM,3.7541758138782937
Cr2CF2-Ti2CO2-AFM,2.9622472518729213
Sc2CF2-Ti2CO2-NM,2.5468928429366384
Y2CF2-Ti2CO2-NM,2.1616615395077954
Cr2CH2O2-Ti2CH2O2-AFM,1.6229042547915509
Sc2CH2O2-Ti2CH2O2-NM,0.9544465665696423
Y2CH2O2-Ti2CH2O2-NM,1.101394659440534
Hf2CO2-Ti2CO2-NM,2.9110496811149424
Mn2CO2-Ti2CO2-AFM,2.411899678990639
Mn2CO2-Ti2CO2-FM,1.2376689253693671
Ti2CO2-Ti2CO2-NM,1.9905421277101145
Zr2CO2-Ti2CO2-NM,2.873313073638032
Ti2C-CdI2-AFM,0.3254482352925874
Zr2C-CdI2-AFM,0.4455866487167133
Sc3C2H2O2-Ti3C2H2O2-FM,0.06147452722210778
Hf3C2O2-Ti3C2O2-NM,1.2509620839973434
Ti3C2O2-Ti3C2O2-NM,1.4806297207157524
Zr3C2O2-Ti3C2O2-NM,1.314030795407153
Hf3N2O2-Ti3C2O2-NM,1.2068624119414988
Ti3N2O2-Ti3C2O2-NM,0.5413260982536212
Y3N2O2-Ti3C2O2-FM,1.9484817528236735
Zr3N2O2-Ti3C2O2-NM,1.1641299109147059
CrSeTe-MoSSe-NM,0.9940276939248328
CrSSe-MoSSe-NM,1.2406753060584685
CrSTe-MoSSe-NM,1.0946831064336684
HfBrCl-MoSSe-NM,2.216809340595698
HfBrI-MoSSe-NM,1.9178180999820946
HfClI-MoSSe-NM,1.9883234101900558
HfSeTe-MoSSe-NM,1.335092453748553
HfSSe-MoSSe-NM,2.0815309977262415
HfSTe-MoSSe-NM,1.251989196688648
MoSeTe-MoSSe-NM,1.5940140850839075
MoSSe-MoSSe-NM,1.9489241378101805
MoSTe-MoSSe-NM,1.746315522885155
TiBrCl-MoSSe-NM,1.4528931350958256
TiBrI-MoSSe-NM,1.0371138577924013
TiClI-MoSSe-NM,1.1874779541570317
TiSeTe-MoSSe-NM,1.4181105824446458
TiSSe-MoSSe-NM,2.0553499066869154
TiSTe-MoSSe-NM,1.398016466028286
VBrI-MoSSe-FM,1.5709126906529796
VSeTe-MoSSe-FM,1.0567265959902719
VSSe-MoSSe-FM,1.214708675375992
WSeTe-MoSSe-NM,1.493412056792512
WSSe-MoSSe-NM,1.9111655146654165
WSTe-MoSSe-NM,1.7447561551862436
ZrBrCl-MoSSe-NM,2.0708911401206764
ZrBrI-MoSSe-NM,1.8717960973301442
ZrClI-MoSSe-NM,1.934373126643816
ZrSeTe-MoSSe-NM,1.3581050585534222
ZrSSe-MoSSe-NM,2.1314803359732246
ZrSTe-MoSSe-NM,1.3351101246156305
AsClTe-MoSSe-NM,2.381636550872999
BiBrS-MoSSe-NM,2.2902295089541713
BiClS-MoSSe-NM,2.527832212098674
BiClSe-MoSSe-NM,2.102112516098129
BiIS-MoSSe-NM,1.2319853968574876
BiClTe-MoSSe-NM,1.1514052260022989
BrSSb-MoSSe-NM,2.626423109978705
ClSbSe-MoSSe-NM,2.645792789396069
BrSbTe-MoSSe-NM,2.1330618489726927
ClSSb-MoSSe-NM,2.7871808033262067
ISbSe-MoSSe-NM,1.922136328323386
ClSbTe-MoSSe-NM,2.1885961665806413
BiISe-MoSSe-NM,1.2405771423654677
BiBrTe-MoSSe-NM,1.1616007476813623
BiITe-MoSSe-NM,1.0227727821124435
BrSbSe-MoSSe-NM,2.4380986621469996
ISSb-MoSSe-NM,1.9380914603277275
ISbTe-MoSSe-NM,1.6603248399505448
AsBrS-MoSSe-NM,2.6001492133835935
AsClS-MoSSe-NM,2.916886730338521
AsBrSe-MoSSe-NM,2.383466504421917
AsClSe-MoSSe-NM,2.7158923817465723
AsISe-MoSSe-NM,1.3405988793667931
AsIS-MoSSe-NM,1.317698340537999
AsBrTe-MoSSe-NM,2.0709079113058695
AsITe-MoSSe-NM,1.2376522941939645
BiBrSe-MoSSe-NM,1.9527985934990135
Ge2S2-SnS-NM,2.60653855461745
Ge2Se2-SnS-NM,1.559182098831073
Ge2Te2-SnS-NM,1.1402929720942716
P4-P-NM,1.5111873683643162
Pb2S2-PbS-NM,1.8062432572321732
Pb2Se2-PbS-NM,1.3115478090383061
Pb2Te2-PbS-NM,0.8781854582243203
S2Si2-SnS-NM,2.2852201527069194
Se2Si2-SnS-NM,2.202963328222557
Si2Te2-SnS-NM,0.5799315716490829
Sn2S2-SnS-NM,2.1698400282456753
Sn2Se2-SnS-NM,1.4169145611392542
Sn2Te2-PbS-NM,0.9401693261174635
As4-P-NM,1.4202247747630452
Cd2S2-PbSe-NM,1.5384453698793426
Ge2S2-PbSe-NM,0.06580897255965401
Ge2Se2-PbSe-NM,0.04546774601840209
Pb2S2-PbSe-NM,0.09322617961118596
Pb2Se2-PbSe-NM,0.09646281076101193
Pb2Te2-PbSe-NM,0.2870910409180858
Sn2S2-PbSe-NM,0.14473344259652832
Sn2Se2-PbSe-NM,0.1723286851442658
Sn2Te2-PbSe-NM,0.06695955974036849
Cd2S4-PdS2-NM,2.603437038495696
Cd2Se4-WTe2-NM,2.2579001323815153
Cd2Te4-WTe2-NM,1.8392549472198207
Co2Se4-PdS2-AFM,2.334212646148706
Co2Se4-PdS2-FM,1.868798530377206
Co2Te4-PdS2-AFM,1.6526127344653991
Co2Te4-PdS2-FM,1.6905550032684784
Cr2S4-MnS2-AFM,1.0137089560654942
Cr2Te4-MnS2-AFM,0.8311716609516235
Fe2S4-MnS2-AFM,0.7502847466688207
Ge2S4-WTe2-NM,1.457596556999589
Ge2Se4-WTe2-NM,0.9459733276356124
Ge2Te4-MnS2-NM,0.21392762254182252
In2S4-Undefined-NM,1.560658185227388
Mn2S4-MnS2-AFM,2.593999695267882
Mn2S4-MnS2-FM,1.0796525025697967
Mn2Se4-MnS2-AFM,1.2828170017719875
Ni2S4-PdS2-NM,2.627936546612723
Ni2Se4-PdS2-NM,2.3756959421448567
Ni2Te4-PdS2-NM,1.7029218107151665
Os2S4-MnS2-NM,0.12175580960457877
Os2Se4-MnS2-NM,0.23150241250669534
Os2Te4-MnS2-NM,0.19172279000548453
Pb2S4-WTe2-NM,1.870421554524341
Pb2Se4-WTe2-NM,1.4537732171742332
Pb2Te4-WTe2-NM,0.6253191674206122
Pd2S4-PdS2-NM,2.547253101374743
Pd2Se4-PdS2-NM,2.2553401774148503
Pd2Te4-PdS2-NM,1.8574763051772574
Pt2S4-PdS2-NM,2.8947710703760534
Pt2Se4-PdS2-NM,2.442237901452234
Pt2Te4-PdS2-NM,2.0615111075018735
Ru2S4-MnS2-NM,0.24430659758064976
Ru2Se4-MnS2-NM,0.15885378348790358
Ru2Te4-MnS2-NM,0.22031365763821897
Sn2Se4-WTe2-NM,1.4013606151384226
Sn2Te4-WTe2-NM,0.4864934161528369
Zn2S4-PdS2-NM,3.004344592204326
Zn2Se4-PdS2-NM,2.3480099235044953
Zn2Te4-PdS2-NM,1.860944614816119
Co4S8-ReS2-NM,0.7814968380152121
In4Br8-Undefined-NM,2.405022048386025
Ir4S8-ReS2-NM,1.6947598894579592
Ir4Se8-ReS2-NM,1.6384253748525779
Ir4Te8-ReS2-NM,0.9344213199707407
Nb4O8-Undefined-NM,1.4812970464233561
Re4O8-ReS2-NM,2.2443102024504755
Re4S8-ReS2-NM,1.8536207076779796
Re4Se8-ReS2-NM,1.6209443017397733
Re4Te8-ReS2-NM,1.5151900578125488
Rh4S8-ReS2-NM,1.4979397293338992
Rh4Se8-ReS2-NM,1.1053079994498547
Ta4O8-Undefined-NM,1.4985285837235063
CrO2-MoS2-NM,2.0464452373771476
CrS2-MoS2-NM,1.3507827301479436
CrSe2-MoS2-NM,1.1284344191608056
CrTe2-MoS2-NM,0.8687082803736172
FeO2-MoS2-FM,0.641183087937562
GeO2-CdI2-NM,5.807623064594281
GeO2-MoS2-NM,3.2756404685073273
GeS2-CdI2-NM,1.8829481285211815
GeS2-MoS2-NM,1.1212702024794754
GeSe2-CdI2-NM,0.9476491544550261
HfO2-CdI2-NM,6.827162443729137
HfO2-MoS2-NM,3.847906584724051
HfS2-CdI2-NM,3.059480265768114
HfS2-MoS2-NM,2.347997799974514
HfSe2-CdI2-NM,2.193265624613192
HfSe2-MoS2-NM,1.9894434049692231
HfTe2-MoS2-NM,1.2483286370676525
HgO2-MoS2-FM,0.12761421166097797
HgS2-CdI2-FM,0.3110411983818775
MnO2-CdI2-FM,4.369888794869308
MnS2-CdI2-FM,1.1953101470952299
MoO2-MoS2-NM,2.4282483628339726
MoS2-MoS2-NM,2.0874393506372604
MoSe2-MoS2-NM,1.804162297991274
MoTe2-MoS2-NM,1.369604108877922
NiO2-CdI2-NM,3.3796772360472316
NiS2-CdI2-NM,1.4252990146206768
NiSe2-CdI2-NM,0.9376399012627965
OsO2-CdI2-FM,0.4669279156663264
PbO2-CdI2-NM,2.4886651446746026
PbO2-MoS2-NM,1.4666737779393886
PbS2-CdI2-NM,1.5168991294966858
PbS2-MoS2-NM,2.2988751579189426
PbSe2-CdI2-NM,0.8239753160084331
PbSe2-MoS2-NM,1.8474635635266052
PdO2-CdI2-NM,3.282454550533548
PdO2-MoS2-NM,0.14122019648751705
PdS2-CdI2-NM,1.932397569924425
PdS2-MoS2-NM,0.11811797711487992
PdSe2-CdI2-NM,1.302176698213201
PdSe2-MoS2-NM,0.31876547990875836
PtO2-CdI2-NM,3.6115626058831714
PtS2-CdI2-NM,2.6080994186503843
PtSe2-CdI2-NM,1.9332793801787351
PtTe2-CdI2-NM,1.1741207751727962
RuS2-CdI2-FM,0.14922753241165787
ScO2-MoS2-FM,3.945185498819232
ScS2-MoS2-FM,1.9906357838412225
ScSe2-MoS2-FM,1.538330168861034
SnO2-CdI2-NM,4.727299106143494
SnO2-MoS2-NM,2.581329776518656
SnS2-CdI2-NM,2.626554664535692
SnS2-MoS2-NM,1.7784657795099337
SnSe2-CdI2-NM,1.709762257541077
SnSe2-MoS2-NM,0.891050151189716
TiO2-CdI2-NM,5.364862769045023
TiO2-MoS2-NM,3.5846304996130196
TiS2-CdI2-NM,1.723287071916852
TiS2-MoS2-NM,2.416603563636138
TiSe2-CdI2-NM,0.5204680746239223
TiSe2-MoS2-NM,2.0456201859743826
TiTe2-MoS2-NM,1.3501468626855668
VS2-MoS2-FM,1.2499555765769785
VSe2-MoS2-FM,1.0867252447707014
VTe2-MoS2-FM,0.9197728101951644
WO2-MoS2-NM,2.4205405341000734
WS2-MoS2-NM,2.0549285900066074
WSe2-MoS2-NM,1.7304371317062133
WTe2-MoS2-NM,1.1408641561156432
ZrO2-CdI2-NM,6.691985781791497
ZrO2-MoS2-NM,3.68352925651021
ZrS2-CdI2-NM,2.8526595361851594
ZrS2-MoS2-NM,2.2973370065245833
ZrSe2-CdI2-NM,2.0200771390083685
ZrSe2-MoS2-NM,2.030375016926789
ZrTe2-MoS2-NM,1.2428351126350181
HfH2-MoS2-NM,0.28603736132752844
ScH2-MoS2-FM,0.5528929596631733
TiH2-MoS2-NM,0.388021802469787
ZrH2-MoS2-NM,0.229991968894659
Cr2Mo2S8-CrWS4-NM,1.5095885687524055
Cr2Mo2Se8-CrWS4-NM,1.276066874600126
Cr2Mo2Te8-CrWS4-NM,0.9798002763340935
Cr2W2S8-CrWS4-NM,1.4416861255033258
Cr2W2Se8-CrWS4-NM,1.2034381235611697
Cr2W2Te8-CrWS4-NM,0.8763845111557365
Cr3MoS8-CrW3S8-NM,1.3853227373607941
Cr3MoSe8-CrW3S8-NM,1.1632317108855723
Cr3WS8-CrW3S8-NM,1.3398459349297431
Cr3WSe8-CrW3S8-NM,1.1162371759170715
Cr3WTe8-CrW3S8-NM,0.841141239095355
CrMo3S8-CrW3S8-NM,1.6839570844377059
CrMo3Se8-CrW3S8-NM,1.4321898061184544
CrMo3Te8-CrW3S8-NM,1.104671749703559
CrW3S8-CrW3S8-NM,1.6080818385318931
CrW3Se8-CrW3S8-NM,1.332864213876784
CrW3Te8-CrW3S8-NM,0.9367921249634837
Mo2W2S8-CrWS4-NM,2.0615147475903943
Mo2W2Se8-CrWS4-NM,1.7490843965495402
Mo2W2Te8-CrWS4-NM,1.27869337420857
Mo3WS8-CrW3S8-NM,2.075739815233338
Mo3WSe8-CrW3S8-NM,1.7850799016279364
Mo3WTe8-CrW3S8-NM,1.3263473006179833
MoW3S8-CrW3S8-NM,2.064416252054782
MoW3Se8-CrW3S8-NM,1.7486238144791284
MoW3Te8-CrW3S8-NM,1.219551685297682
Hf2Ti2S8-CrWS4-NM,2.148984124243578
Hf2Ti2Se8-CrWS4-NM,1.6332917539484257
Hf2Ti2Te8-CrWS4-NM,0.7316265090896831
Ti2Zr2S8-CrWS4-NM,2.108479296076695
Ti2Zr2Se8-CrWS4-NM,1.6702012200713
Ti2Zr2Te8-CrWS4-NM,0.7773464782809714
HfTi3S8-CrW3S8-NM,2.2117677062584686
HfTi3Se8-CrW3S8-NM,1.5439398243408125
HfTi3Te8-CrW3S8-NM,0.7388216545442472
Ti3ZrS8-CrW3S8-NM,2.210103659453228
Ti3ZrSe8-CrW3S8-NM,1.5634161619972065
Ti3ZrTe8-CrW3S8-NM,0.7505164741689252
Hf3TiS8-CrW3S8-NM,2.195659824999016
Hf3TiSe8-CrW3S8-NM,1.6787528827755724
Hf3TiTe8-CrW3S8-NM,0.7422724617088912
TiZr3S8-CrW3S8-NM,2.2771357198945155
TiZr3Se8-CrW3S8-NM,1.785171899332615
TiZr3Te8-CrW3S8-NM,0.8217119330907608
Hf2Zr2S8-CrWS4-NM,2.1861735061631036
Hf2Zr2Se8-CrWS4-NM,1.7572341189062743
Hf2Zr2Te8-CrWS4-NM,0.7636522243983785
HfZr3S8-CrW3S8-NM,2.2249632284110237
HfZr3Se8-CrW3S8-NM,1.7745710382842226
HfZr3Te8-CrW3S8-NM,0.7971484184131842
Hf3ZrS8-CrW3S8-NM,2.176275813156514
Hf3ZrSe8-CrW3S8-NM,1.7099497178491507
Hf3ZrTe8-CrW3S8-NM,0.7283760162221515
Al2Br2O2-FeOCl-NM,5.5720123088548235
Al2Br2S2-FeOCl-NM,3.2098743571955546
Al2Br2Se2-FeOCl-NM,2.416047974395064
Al2Cl2O2-FeOCl-NM,7.372083377557055
Al2Cl2S2-FeOCl-NM,3.3028992483891715
Al2Cl2Se2-FeOCl-NM,2.3987854635883554
Al2I2O2-FeOCl-NM,3.1902084282702488
Al2I2S2-FeOCl-NM,2.444543618936197
Al2I2Se2-FeOCl-NM,2.2394258670645657
Bi2Br2O2-FeOCl-NM,2.788802999179108
Bi2Br2S2-FeOCl-NM,1.7378101239773165
Bi2Br2Se2-FeOCl-NM,1.3545617860718915
Bi2Cl2O2-FeOCl-NM,3.174829470470585
Bi2Cl2S2-FeOCl-NM,1.8479746818511678
Bi2Cl2Se2-FeOCl-NM,1.3923552192220434
Bi2I2O2-FeOCl-NM,2.1935664680591236
Bi2I2S2-FeOCl-NM,1.5685907581226473
Bi2I2Se2-FeOCl-NM,1.2902985257904218
Br2Ge2N2-FeOCl-NM,2.540211872943361
Cl2Ge2N2-FeOCl-NM,2.9543159532805046
Co2Br2O2-FeOCl-NM,0.8014140704213386
Co2Br2S2-FeOCl-NM,0.42779855003146094
Co2Cl2O2-FeOCl-NM,1.0272526402517306
Co2Cl2S2-FeOCl-NM,0.2903029048411545
Co2I2S2-FeOCl-NM,0.5790522727651732
Cr2Br2O2-FeOCl-AFM,3.4896362236083034
Cr2Br2O2-FeOCl-FM,2.963944118494631
Cr2Br2S2-FeOCl-AFM,2.140525726080524
Cr2Br2S2-FeOCl-FM,2.062352347747673
Cr2Br2Se2-FeOCl-AFM,1.2834703987825424
Cr2Br2Se2-FeOCl-FM,1.0801863174171917
Cr2Cl2O2-FeOCl-AFM,3.716624715793262
Cr2Cl2O2-FeOCl-FM,3.1205636495785676
Cr2Cl2S2-FeOCl-AFM,2.2180249011716406
Cr2Cl2S2-FeOCl-FM,2.114973467095587
Cr2Cl2Se2-FeOCl-AFM,1.2173396324883579
Cr2Cl2Se2-FeOCl-FM,0.9204305300331259
Cr2I2O2-FeOCl-AFM,2.317240535069926
Cr2I2O2-FeOCl-FM,2.1432203191088983
Cr2I2S2-FeOCl-AFM,1.6923436502544367
Cr2I2S2-FeOCl-FM,1.6161882286719247
Cr2I2Se2-FeOCl-AFM,1.1407595500342504
Cr2I2Se2-FeOCl-FM,0.9715494152237378
Fe2Br2O2-FeOCl-AFM,2.5296504010415815
Fe2I2O2-FeOCl-AFM,0.14911461976665596
Ga2Br2O2-FeOCl-NM,3.6160688927477853
Ga2Br2S2-FeOCl-NM,2.36139383889215
Ga2Br2Se2-FeOCl-NM,1.6787663828368222
Ga2Cl2O2-FeOCl-NM,4.963227489261703
Ga2Cl2S2-FeOCl-NM,2.416345517168778
Ga2Cl2Se2-FeOCl-NM,1.5663902132776086
Ga2I2O2-FeOCl-NM,1.9715383522895533
Ga2I2S2-FeOCl-NM,1.4910961212662697
Ga2I2Se2-FeOCl-NM,1.544442039359089
Ge2I2N2-FeOCl-NM,0.5035186211300688
Hf2Br2N2-FeOCl-NM,3.2998013148662406
Hf2Cl2N2-FeOCl-NM,3.351528673175001
Hf2I2N2-FeOCl-NM,2.663998865763487
In2Br2O2-FeOCl-NM,3.324226006743711
In2Br2S2-FeOCl-NM,2.7286859979882396
In2Br2Se2-FeOCl-NM,1.8869651080120204
In2Cl2O2-FeOCl-NM,4.270282489749613
In2Cl2S2-FeOCl-NM,2.6488589374999805
In2Cl2Se2-FeOCl-NM,1.7471837025861665
In2I2O2-FeOCl-NM,2.0307431725348186
In2I2S2-FeOCl-NM,2.2866655753670138
In2I2Se2-FeOCl-NM,2.0575070142726375
Ir2Br2O2-FeOCl-NM,1.4789215967712181
Ir2Br2S2-FeOCl-NM,1.1996443977434992
Ir2Br2Se2-FeOCl-NM,0.5975253436126902
Ir2Cl2O2-FeOCl-NM,1.5736631257219933
Ir2Cl2S2-FeOCl-NM,1.2006225090242713
Ir2Cl2Se2-FeOCl-NM,0.6090029142353592
Ir2I2O2-FeOCl-NM,1.0186692350890945
Ir2I2S2-FeOCl-NM,1.1263842623118017
Ir2I2Se2-FeOCl-NM,0.5861273837758265
Mn2Br2N2-FeOCl-AFM,2.380100097607483
Mn2Br2N2-FeOCl-FM,1.2946942581180132
Mn2Cl2N2-FeOCl-AFM,2.286839789640375
Mn2Cl2N2-FeOCl-FM,1.7431991153921111
Mn2I2N2-FeOCl-AFM,1.2651922344541457
Mo2I2S2-FeOCl-FM,1.0180513891499923
Pb2I2N2-FeOCl-NM,0.23651458315833063
Pd2Cl2N2-FeOCl-NM,0.31270929626958965
Pt2Br2N2-FeOCl-NM,1.3008417467209288
Pt2Cl2N2-FeOCl-NM,1.521513043697049
Pt2I2N2-FeOCl-NM,0.3200580946414655
Rh2Br2O2-FeOCl-NM,0.6773337154208334
Rh2Br2S2-FeOCl-NM,0.598309892212034
Rh2Br2Se2-FeOCl-NM,0.16467442285710465
Rh2Cl2O2-FeOCl-NM,0.7590276537075478
Rh2Cl2Se2-FeOCl-NM,0.19693873037771326
Rh2I2S2-FeOCl-NM,0.5775360106302796
Rh2Cl2S2-FeOCl-NM,0.6233539817777416
Sc2Br2O2-FeOCl-NM,5.324382070873003
Sc2Br2S2-FeOCl-NM,3.6243023008149122
Sc2Br2Se2-FeOCl-NM,2.888293718465053
Sc2Cl2O2-FeOCl-NM,6.4972532129590785
Sc2Cl2S2-FeOCl-NM,3.6160738785467057
Sc2Cl2Se2-FeOCl-NM,2.864190736935829
Sc2I2O2-FeOCl-NM,3.643015868218383
Sc2I2S2-FeOCl-NM,3.186698373484829
Sc2I2Se2-FeOCl-NM,2.7585668380699295
Sn2Br2N2-FeOCl-NM,2.378039354547852
Sn2Cl2N2-FeOCl-NM,2.3962635021850565
Sn2I2N2-FeOCl-NM,1.7597316155856655
Ti2Br2N2-FeOCl-NM,2.0842034440931814
Ti2Cl2N2-FeOCl-NM,2.0923398281946506
Ti2I2N2-FeOCl-NM,0.07760751302684266
Tl2Br2O2-FeOCl-NM,1.777892826339313
Tl2Cl2O2-FeOCl-NM,2.3266996382250507
Tl2I2O2-FeOCl-NM,0.8652814980074954
Tl2I2S2-FeOCl-NM,0.6910363245361582
W2I2S2-FeOCl-FM,0.26213885155060856
Zr2Br2N2-FeOCl-NM,3.111181392233688
Zr2Cl2N2-FeOCl-NM,3.147930366047877
Zr2I2N2-FeOCl-NM,2.290408920775113
Al2O2-GaS-NM,2.101360096395038
Al2S2-GaS-NM,3.5547538220356634
Al2Se2-GaS-NM,3.4351333171241505
Al2Te2-GaS-NM,3.0324237288029865
Au2Te2-GaS-NM,0.10339494972391117
Bi2O2-GaS-NM,1.318438739013465
Bi2S2-GaS-NM,0.5687419669376146
Bi2Se2-GaS-NM,0.27980878137881976
Ga2O2-GaS-NM,3.27092932064087
Ga2S2-GaS-NM,3.2980430615836696
Ga2Se2-GaS-NM,2.577987287439259
Ga2Te2-GaS-NM,2.1165946214182263
Hf2Te2-GaS-NM,0.534225858071317
In2O2-GaS-NM,2.1280509685853093
In2S2-GaS-NM,2.5113149257714626
In2Se2-GaS-NM,2.096974108668338
In2Te2-GaS-NM,1.8116609058408257
Ir2O2-GaS-NM,0.29321835265334906
Ir2S2-GaS-NM,0.7832384002383137
Ir2Se2-GaS-NM,1.0834704244282158
Mn2S2-GaS-AFM,0.6822319047996069
Mn2Se2-GaS-AFM,1.2968177016764921
Mn2Te2-GaS-AFM,1.0423629479428727
Re2O2-GaS-NM,0.3067578088735633
Rh2O2-GaS-NM,0.08031826910735074
Rh2S2-GaS-NM,1.1314487121504129
Rh2Se2-GaS-NM,1.3676798253133478
Sc2O2-GaS-NM,1.1967542670067441
Sc2S2-GaS-NM,1.01249216706558
Sc2Se2-GaS-NM,1.0025770524643645
Sc2Te2-GaS-NM,0.8398855138343727
Ti2Te2-GaS-NM,0.4910077621306335
Tl2S2-GaS-NM,1.2309185141463068
Tl2Se2-GaS-NM,0.9439993033108103
Tl2Te2-GaS-NM,0.7157447195223907
V2O2-GaS-AFM,0.6932609356223141
V2S2-GaS-NM,0.667157601635464
V2Se2-GaS-NM,0.8601862040798174
V2Te2-GaS-NM,0.9012475822313433
W2O2-GaS-NM,0.23242948841177533
W2Te2-GaS-NM,0.0967394151522809
Zr2Se2-GaS-NM,0.8512899068389257
Zr2Te2-GaS-NM,0.6809922542145282
Hf2O6-TiS3-NM,5.917462073470511
Hf2S6-TiS3-NM,2.1090175891177743
Hf2Se6-TiS3-NM,1.3897559268191675
Pb2Te6-Undefined-NM,0.8473291651550883
Ru2Se6-VTe3-NM,0.7204252342776065
Ti2O6-TiS3-NM,4.995167608901889
Ti2S6-TiS3-NM,1.452472977000255
Ti2Se6-TiS3-NM,0.9570537101305315
Zr2O6-TiS3-NM,5.779589890806058
Zr2S6-TiS3-NM,2.202288934932432
Zr2Se6-TiS3-NM,1.471132689409295
Cr2Br4-WTe2-AFM,3.2514265647952776
Cr2Br4-WTe2-FM,3.1012020285716777
Cr2Cl4-WTe2-AFM,3.67083864079332
Cr2Cl4-WTe2-FM,3.5029254561352734
Cr2S4-WTe2-NM,0.13177989884154218
Cr2Se4-WTe2-NM,0.10528370595821934
Cu2Br4-CdI2-AFM,0.14086682682611862
Fe2S4-WTe2-NM,1.5903645759614369
Fe2Se4-WTe2-NM,1.2433774023300272
Fe2Te4-WTe2-NM,0.7510652336136114
Hf2Br4-WTe2-NM,1.4160679890942096
Hf2Cl4-WTe2-NM,1.4558344448044582
Hf2I4-WTe2-NM,1.0541871845616377
Hg2O4-CdI2-FM,0.7782085053134704
Mn2Cl4-CdI2-FM,2.6894252822400535
Mn2S4-WTe2-AFM,1.0994450990943656
Mo2S4-WTe2-NM,0.06948461062999045
Mo2Se4-WTe2-NM,0.15608912624886517
Os2O4-WTe2-NM,1.0046225066191854
Os2S4-WTe2-NM,1.7685430882744406
Os2Se4-WTe2-NM,1.699776343169017
Os2Te4-WTe2-NM,1.4332041309024675
Re2I4-WTe2-FM,0.5501477653622304
Rh2Br4-CdI2-FM,1.6826547459879841
Rh2Cl4-WTe2-AFM,2.3331625095985027
Rh2Cl4-WTe2-FM,2.2668963287056765
Ru2O4-WTe2-NM,0.6998608756411051
Ru2S4-WTe2-NM,1.9014673188384856
Ru2Se4-WTe2-NM,1.6667066348648722
Ru2Te4-WTe2-NM,1.141576957955683
Ti2Cl4-WTe2-NM,1.0132722773283949
Ti2I4-WTe2-NM,0.46034400283016486
Ti2O4-WTe2-NM,5.5801935808343
V2Br4-CdI2-AFM,3.7444128234561522
V2Cl4-CdI2-AFM,3.9778535426999255
V2I4-CdI2-AFM,3.4724842086444156
W2Se4-WTe2-NM,0.12272616902920164
W2Te4-WTe2-NM,0.1697214432058677
Zr2Br4-WTe2-NM,1.172331706065661
Zr2Cl4-WTe2-NM,1.1488142471005782
Zr2I4-WTe2-NM,0.8905654354355074
C2F2-CH-NM,4.908943266382381
C2H2-CH-NM,4.4211110950264505
F2Ge2-CH-NM,0.3800804163974192
Ge2H2-CH-NM,1.4883506343670962
F2Si2-CH-NM,1.491619565114505
H2Si2-CH-NM,3.027761886285412
CF2Si-CH2Si-NM,3.305738481232441
CH2Si-CH2Si-NM,4.870741622325641
Sn2F2-CH-NM,0.409357393739886
Sn2H2-CH-NM,0.6848042591506873
Ti4I4Se4-HfBrS-FM,0.672081917439284
