Ag2O2-AuSe-NM,0.7695561377013802
Ag2S2-AuSe-NM,1.363846395368598
Ag2Se2-AuSe-NM,1.2144411624808944
Ag2Te2-AuSe-NM,1.0119296207597113
Au2O2-AuSe-NM,0.5175024539585014
Au2S2-AuSe-NM,1.6910756354391023
Au2Se2-AuSe-NM,1.5505351021818032
Au2Te2-AuSe-NM,1.3620965433481809
Cu2S2-AuSe-NM,1.0869092841705363
Cu2Se2-AuSe-NM,0.9889866913656342
AlAs-BN-NM,2.2371990688457677
AlN-BN-NM,3.613488038628502
AlSb-GeSe-NM,1.5058083429947682
AsB-BN-NM,0.7599111103595488
BN-BN-NM,4.66691014113718
BP-BN-NM,0.8983562705162571
BSb-BN-NM,0.32433643528214384
GaAs-GeSe-NM,1.2246276943734533
GaN-BN-NM,2.382394970650768
GaP-GeSe-NM,2.021915730200612
GeO-GeSe-NM,2.552242079324695
GeS-GeSe-NM,2.700322214012241
GeSe-GeSe-NM,2.4848339894403826
GeTe-GeSe-NM,1.9866876190683938
HgS-BN-NM,0.0767667143245987
HgTe-GeSe-NM,0.12403543683114959
InAs-GeSe-NM,0.8135049470586608
InN-BN-NM,0.665272614454143
InP-GeSe-NM,1.2759727327801937
InSb-GeSe-NM,0.7137692359866556
PbO-GeSe-NM,2.3342876273763187
PbS-GeSe-NM,2.2034540858679867
PbSe-GeSe-NM,2.0270341948199375
PbTe-GeSe-NM,1.6667770759978169
SnO-GeSe-NM,2.101934904976207
SnS-GeSe-NM,2.6083657036579178
SnSe-GeSe-NM,2.4611044654197647
SnTe-GeSe-NM,2.13091073067488
AsBrS-BiTeI-NM,1.9299381132998177
AsClS-BiTeI-NM,2.095026086055181
AsBrSe-BiTeI-NM,1.7838707947762353
AsClSe-BiTeI-NM,1.9871953538265192
AsISe-BiTeI-NM,1.611777496855272
AsIS-BiTeI-NM,1.795969230204135
AsBrTe-BiTeI-NM,1.8230760726276014
AsClTe-BiTeI-NM,2.043892292200134
AsITe-BiTeI-NM,1.5251485737351547
BiBrS-BiTeI-NM,2.1388796231975373
BiClS-BiTeI-NM,2.0764706626825458
BiBrSe-BiTeI-NM,1.8909790898658705
BiClSe-BiTeI-NM,1.9093831229600535
BiISe-BiTeI-NM,2.001168316845507
BiIS-BiTeI-NM,2.2067152298098214
BiBrTe-BiTeI-NM,1.832994089047995
BiClTe-BiTeI-NM,1.8094532350420203
BiITe-BiTeI-NM,1.87037735296241
BrSSb-BiTeI-NM,1.886174646933845
ClSSb-BiTeI-NM,1.8402155828978928
BrSbSe-BiTeI-NM,1.650395533305139
ClSbSe-BiTeI-NM,1.6949358856671106
ISbSe-BiTeI-NM,1.6417737201802598
ISSb-BiTeI-NM,1.8470240610280557
BrSbTe-BiTeI-NM,1.7496286544338202
ClSbTe-BiTeI-NM,1.9364534754601048
ISbTe-BiTeI-NM,1.541800674814707
WSeTe-BiTeI-NM,0.28691835896492357
ZrSSe-BiTeI-NM,1.260140294489758
BiCrAs-BiTeI-NM,0.06544349789010945
HfSSe-BiTeI-NM,1.629292076935508
MoSeTe-BiTeI-NM,0.2537195695315734
MoSTe-BiTeI-NM,0.4214059755496923
VBrCl-BiTeI-FM,1.3450699050038852
VBrI-BiTeI-FM,1.240099320313365
VClI-BiTeI-FM,1.1546950270695118
WSTe-BiTeI-NM,0.4760111722329667
As2-C-NM,1.945067310729488
C2-C-NM,0.000308946496943463
Si2-C-NM,9.424684717584952e-05
C6N2-C3N-NM,1.497714258445093
Ti2S2-CH-NM,0.053045555938230016
Ti2Br2-CH-AFM,0.2421727443424141
Cr2Cl2-CH-AFM,0.8530444495535409
Cr2Br2-CH-AFM,0.7104925558147998
Cr2I2-CH-AFM,0.749614723127672
Mn2S2-CH-AFM,1.2091249432254243
Mn2Se2-CH-AFM,1.2012117568974987
Mn2Te2-CH-AFM,1.0439621008242812
Mn2Br2-CH-AFM,1.1456056685020566
Fe2F2-CH-AFM,0.7745899946043404
Fe2Cl2-CH-AFM,0.38698359354130685
Fe2Br2-CH-AFM,0.14511729540807897
Co2Br2-CH-FM,0.02955522945089084
Ni2F2-CH-AFM,0.5579275199135538
Cu2Cl2-CH-NM,1.2957830928963336
Cu2Br2-CH-NM,1.6085393482040113
Cu2I2-CH-NM,2.0427943152425403
Zn2S2-CH-NM,2.5733823616751788
Zn2Se2-CH-NM,1.7520077789336992
Zn2Te2-CH-NM,0.8679726385158183
Zr2S2-CH-NM,0.1352403221988693
Pd2F2-GaSe-NM,1.2205700744089674
Ag2F2-Undefined-NM,1.4858922745395855
Ag2Cl2-CH-NM,1.6759304947304798
Ag2Br2-CH-NM,1.827971925652578
Ag2I2-CH-NM,2.0694817663445333
Cd2S2-CH-NM,1.7946897806385422
Cd2Se2-CH-NM,1.5231706687392368
Cd2Te2-CH-NM,0.9424552049838189
In2I2-CH-NM,2.116502327008182
S2Sb2-CH-NM,0.46732336559554094
Sb2Se2-CH-NM,0.31020370855962154
Cl2Sb2-CH-NM,0.00654210679034728
Br2Sb2-CH-NM,0.003756900450198053
I2Sb2-ISb-NM,0.3720850453828104
Hf2S2-CH-NM,0.15816572005339863
Pt2Cl2-GaSe-NM,1.6358647898433543
Au2Br2-CH-NM,0.6458218765790229
Au2I2-CH-NM,1.1618597110243227
Hg2I2-GaSe-NM,1.524424038344434
Tl2Cl2-CH-NM,4.1257852567049715
Tl2Br2-ISb-NM,3.7026492509022235
Tl2I2-CH-NM,3.4630962592525525
Pb2Te2-CH-NM,1.8105965326712792
Pb2F2-CH-NM,0.3344879804329062
Pb2Cl2-CH-NM,0.69978035174634
Pb2Br2-CH-NM,0.682329306655825
Bi2S2-CH-NM,0.8643112972703629
Bi2Se2-CH-NM,0.6664826952925045
Bi2Te2-CH-NM,0.44670936758839036
Cr2O2-FeSe-AFM,1.209327851178711
Mn2O2-FeSe-AFM,1.3348437613319852
Mn2S2-FeSe-AFM,1.4525904334820783
Mn2Se2-FeSe-AFM,1.3759375606291102
Mn2Te2-FeSe-AFM,1.0514218506055406
Pb2O2-FeSe-NM,0.9675661409539985
Pb2S2-FeSe-NM,1.3404852763704274
Pb2Se2-FeSe-NM,1.1735187364773014
Pb2Te2-FeSe-NM,0.8363672905178803
Pt2O2-FeSe-NM,0.36485601347065666
Cr2Cl2-FeSe-AFM,0.35802784768888984
K2Br2-FeSe-NM,4.537635972984712
Ca2I2-FeSe-FM,0.5164507649756382
Cr2Br2-FeSe-AFM,0.416246197835877
K2F2-FeSe-NM,4.986635259282483
K2Cl2-FeSe-NM,4.932232979118267
K2I2-FeSe-NM,4.223809971619168
Cr2I2-FeSe-AFM,0.7454037678439043
Cu2Cl2-FeSe-NM,1.4989428116971633
Cu2Br2-FeSe-NM,1.5518378188060913
Cu2I2-FeSe-NM,2.0770544579779235
Ga2Cl2-FeSe-NM,2.5526336942282764
Ga2I2-FeSe-NM,2.411171411502709
Rb2F2-FeSe-NM,4.574568023880365
Rb2Cl2-FeSe-NM,4.699346138798555
Rb2Br2-FeSe-NM,4.346388615138192
Rb2I2-FeSe-NM,4.054829702403973
Ag2F2-FeSe-NM,1.8522226223975848
Ag2Cl2-FeSe-NM,2.0630568506509293
Ag2Br2-FeSe-NM,1.9272086892005835
Ag2I2-FeSe-NM,2.1531926136412
In2Cl2-FeSe-NM,2.3609787093608343
In2I2-FeSe-NM,2.1773678753982733
Cs2F2-FeSe-NM,4.231459525205047
Cs2Cl2-FeSe-NM,4.510841995684114
Cs2Br2-FeSe-NM,4.265001481524991
Au2Cl2-FeSe-NM,0.17625328830365783
Au2Br2-FeSe-NM,0.6565127305115817
Au2I2-FeSe-NM,1.0192502386040898
Tl2Br2-FeSe-NM,2.911616784247564
Tl2I2-FeSe-NM,2.817400584360115
Al2S2-GaSe-NM,2.7227160398536387
Al2Se2-GaSe-NM,2.724873450252308
Al2Te2-GaSe-NM,2.296191533798633
Bi2Se2-GaSe-NM,0.7281594915259233
Bi2Te2-GaSe-NM,0.7023064842371026
Ga2S2-GaSe-NM,2.2813331915676986
Ga2Se2-GaSe-NM,1.7560402225007996
Ga2Te2-GaSe-NM,1.487682495200204
In2S2-GaSe-NM,1.6869823818365646
In2Se2-GaSe-NM,1.407780426236228
In2Te2-GaSe-NM,1.31563748276618
Mn2Se2-GaSe-AFM,0.6038299604003685
Mn2Te2-GaSe-AFM,0.7362253878098441
Sb2Se2-GaSe-NM,0.6171739435156306
Ti2Te2-GaSe-NM,0.060602562635601376
Tl2S2-GaSe-NM,0.7043477478080906
Tl2Se2-GaSe-NM,0.5638705098051406
Tl2Te2-GaSe-NM,0.5122666876952446
Zr2Te2-GaSe-NM,0.22541707176115805
MnCl2-GeS2-FM,2.232904009899836
MnBr2-GeS2-FM,1.9761848603323708
FeF2-GeS2-NM,0.23329169367296032
CoF2-GeS2-FM,0.29690431919085203
CoCl2-GeS2-FM,0.18883332475564396
ZnF2-GeS2-NM,4.504555653749009
ZnCl2-GeS2-NM,4.244003654691893
ZnI2-GeS2-NM,2.7676881123609838
GeS2-GeS2-NM,1.5732214717542332
GeSe2-GeS2-NM,0.8139675052775897
Cl2Ge-GeS2-NM,2.7664809857105785
GeI2-GeS2-NM,1.9516673655593078
GeO2-GeS2-NM,3.1893181915988618
F2Ge-GeS2-NM,3.4962577045935244
Br2Ge-GeS2-NM,2.3024762260929705
CaF2-GeS2-NM,6.529266329396064
CaCl2-GeS2-NM,5.558044585760599
CaBr2-GeS2-NM,4.829125201794436
CaI2-GeS2-NM,4.207347015736428
TiO2-GeS2-NM,3.625577979607096
TiS2-GeS2-NM,1.8806334102020692
TiSe2-GeS2-NM,1.3883494395312683
TiTe2-GeS2-NM,0.8248758909440459
MnI2-GeS2-FM,1.5763830113845292
CoBr2-GeS2-FM,0.2608315078082333
ZnBr2-GeS2-NM,3.422123487548184
SrF2-GeS2-NM,6.023206776468505
SrCl2-GeS2-NM,5.295506783894208
SrBr2-GeS2-NM,4.665345694222168
SrI2-GeS2-NM,4.146556983937571
ZrO2-GeS2-NM,4.5685621439963775
ZrS2-GeS2-NM,2.5734135303221297
ZrSe2-GeS2-NM,2.067608778953886
ZrTe2-GeS2-NM,1.299645304461985
CdF2-GeS2-NM,3.8807187935979255
CdCl2-GeS2-NM,3.643670014773902
CdBr2-GeS2-NM,3.069681657534355
CdI2-GeS2-NM,2.6580388128950645
SnO2-GeS2-NM,2.19273387596538
SnS2-GeS2-NM,1.7090773110986628
SnSe2-GeS2-NM,1.1470521298958998
SnTe2-GeS2-NM,0.5317499115438278
SnF2-GeS2-NM,3.2530655743811314
SnCl2-GeS2-NM,2.8942768224537625
SnBr2-GeS2-NM,2.390983932321355
SnI2-GeS2-NM,1.9716423325831376
BaF2-GeS2-NM,5.727789260449527
BaCl2-GeS2-NM,5.198980993729227
BaBr2-GeS2-NM,4.6552995558370185
BaI2-GeS2-NM,4.184504123180775
HfO2-GeS2-NM,4.582014925386169
HfS2-GeS2-NM,2.811059592053636
HfSe2-GeS2-NM,2.1678619068865386
HfTe2-GeS2-NM,1.3963560538478839
TaO2-GeS2-FM,0.7595209211271741
WO2-GeS2-NM,0.1440538674619547
PtF2-GeS2-FM,0.5302033624040554
HgF2-GeS2-NM,2.396428881842474
HgCl2-GeS2-NM,2.5182334189203717
HgBr2-GeS2-NM,2.1450202376598195
HgI2-GeS2-NM,1.8507600488999987
PbO2-GeS2-NM,1.180011167443646
PbS2-GeS2-NM,0.8539999786146799
PbSe2-GeS2-NM,0.4993013519114342
PbF2-GeS2-NM,4.282475921905197
PbCl2-GeS2-NM,3.2778618425287833
PbBr2-GeS2-NM,2.7903742124493136
PbI2-GeS2-NM,2.386118044999514
Cd2P2S6-MnPSe3-NM,2.3341641357893304
Sc2P2S6-ScPSe3-NM,1.2400187218184109
V2P2Se6-VPSe3-FM,0.24763876741825186
V2P2Se6-MnPSe3-AFM,0.835570853150251
V2P2Te6-MnPSe3-AFM,0.4411664211108756
Cr2P2Se6-ScPSe3-FM,0.6396061128739203
Cr2P2Se6-ScPSe3-AFM,0.8578834806716712
Mn2P2Se6-MnPSe3-AFM,1.1176416638944093
Fe2P2S6-MnPSe3-NM,0.38602843851262625
Fe2P2Se6-MnPSe3-NM,0.252904475936386
Ni2P2S6-MnPSe3-AFM,0.9044219675424925
Ni2P2Se6-MnPSe3-AFM,0.6383418974008562
Ir2P2Te6-MnPSe3-NM,0.17653520512183435
Zn2P2Se6-MnPSe3-NM,1.598304288134457
Zn2P2Te6-MnPSe3-NM,0.6505006227141925
Zr2P2S6-Undefined-NM,0.9341008303421139
Zr2P2Se6-Undefined-NM,0.631727207858552
Nb2P2S6-MnPSe3-NM,0.5489904871373443
Nb2P2S6-MnPSe3-AFM,0.5749711448122813
Ru2P2S6-MnPSe3-NM,0.510193801549883
Ru2P2Se6-MnPSe3-NM,0.3280912022484943
Ru2P2Te6-MnPSe3-NM,0.47046544166827287
Rh2P2Se6-MnPSe3-NM,0.017375608491918215
Hg2P2Se6-MnPSe3-NM,0.9420635107808437
Cd2P2Se6-MnPSe3-NM,1.6060574045391305
Hf2P2S6-Undefined-NM,1.014808392510246
Hf2P2Se6-Undefined-NM,0.7510372565763734
Ta2P2Se6-Undefined-NM,0.39060131606451287
Os2P2S6-ScPSe3-NM,0.25512442578989103
Ir2P2S6-MnPSe3-NM,0.0519754512925239
Ir2P2Se6-MnPSe3-NM,0.054345793783465934
Pt2P2Se6-Undefined-NM,0.5699290490351804
Hg2P2S6-MnPSe3-NM,1.4705759589095257
Cd2P2Te6-MnPSe3-NM,0.827261852595998
Ge2P2Te6-Undefined-NM,1.0295757984330374
Ga2P2Te6-Undefined-NM,0.7106830329790456
Ge2P2S6-MnPSe3-NM,1.70191910077748
Ge2P2Se6-MnPSe3-NM,1.1861841102512882
In2P2S6-Undefined-NM,0.8673496693537959
Sn2P2S6-MnPSe3-NM,1.2690169722972748
Sn2P2Se6-MnPSe3-NM,0.7303385859278628
Sn2P2Te6-MnPSe3-NM,0.5022854397167191
P2Sb2Se6-ScPSe3-NM,1.1819661073369283
Pb2P2S6-MnPSe3-NM,1.73576131718921
Pb2P2Se6-MnPSe3-NM,1.1727703905966385
Bi2P2S6-VPSe3-NM,1.1362920812892048
Bi2P2Se6-ScPSe3-NM,1.2858743800585686
Bi2P2Te6-ScPSe3-NM,0.8970272793481147
Al2P2S6-ScPSe3-NM,1.8118785799382753
Al2P2Se6-ScPSe3-NM,1.09371221988228
Sc2P2Se6-ScPSe3-NM,0.984918825395716
P2Sb2Te6-ScPSe3-NM,0.8479263368872113
V2P2S6-MnPSe3-AFM,1.3241501161042768
Zn2P2S6-MnPSe3-NM,2.4943956806988035
Ta2P2Te6-Undefined-NM,0.40900417545684997
Pb2P2Te6-MnPSe3-NM,0.8806148034262985
Hg2P2Te6-MnPSe3-NM,0.5348012643782135
BaBr2-CdI2-NM,5.067100251937391
BaCl2-CdI2-NM,5.7123384430657715
BaI2-CdI2-NM,4.338820215244656
CaBr2-CdI2-NM,5.262470171035909
CaCl2-CdI2-NM,6.019855196512422
CaI2-CdI2-NM,4.411342209713059
CdBr2-CdI2-NM,3.231772777883596
CdCl2-CdI2-NM,3.893634631603234
CdI2-CdI2-NM,2.6586722669553207
CoBr2-CdI2-FM,0.3855433949291984
CoCl2-CdI2-FM,0.37533959971152075
FeBr2-CdI2-NM,0.7408801795443795
FeCl2-CdI2-NM,0.8454590497922188
FeI2-CdI2-NM,0.7468556231782755
Br2Ge-CdI2-NM,2.8507811306531234
Cl2Ge-CdI2-NM,3.260616309829416
GeI2-CdI2-NM,2.5516662708391356
HgBr2-CdI2-NM,2.113420005884223
HgCl2-CdI2-NM,2.5221893903666457
HgI2-CdI2-NM,1.6731516452931046
MgBr2-CdI2-NM,4.774495993986345
MgCl2-CdI2-NM,5.985831348111845
MgI2-CdI2-NM,3.999868892964503
MnBr2-CdI2-FM,1.7077802661791874
MnCl2-CdI2-FM,1.887017114247809
MnI2-CdI2-FM,1.3811218673505186
NiBr2-CdI2-FM,1.0441991727569806
NiCl2-CdI2-FM,1.4072277750141722
NiI2-CdI2-FM,0.600175173878662
OsBr2-CdI2-NM,1.1934619663813275
OsCl2-CdI2-NM,1.3522765403887138
OsI2-CdI2-NM,1.1947231880014417
PbBr2-CdI2-NM,3.151113925036447
PbCl2-CdI2-NM,3.639087672605645
PbI2-CdI2-NM,2.848435729220617
PdBr2-CdI2-FM,0.37775424287248427
PdCl2-CdI2-FM,0.6378925671876492
PtBr2-CdI2-FM,0.3363893674719445
PtCl2-CdI2-FM,0.5795636746368036
RuBr2-CdI2-NM,1.0662999040391368
RuCl2-CdI2-NM,1.1865929013441876
RuI2-CdI2-NM,1.0613999470863353
SnBr2-CdI2-NM,2.7031294807409756
SnCl2-CdI2-NM,3.1460561779215808
SnI2-CdI2-NM,2.4335171988470794
SrBr2-CdI2-NM,5.105101881080413
SrCl2-CdI2-NM,5.836241277601252
SrI2-CdI2-NM,4.5371959440118
VBr2-CdI2-FM,1.3025405001301884
VCl2-CdI2-FM,1.4127243134300456
VI2-CdI2-FM,1.2306474545506902
ZnBr2-CdI2-NM,3.553366395782621
ZnCl2-CdI2-NM,4.484715690150999
ZnI2-CdI2-NM,2.332826387724772
BaBr2-MoS2-NM,4.270508425282278
BaCl2-MoS2-NM,4.7910992379451764
BaI2-MoS2-NM,3.622559602555106
Br2Ge-MoS2-NM,2.952216454050305
CaBr2-MoS2-NM,4.207950452674126
CaCl2-MoS2-NM,4.774288837297027
CaI2-MoS2-NM,3.4898269609143253
CdBr2-MoS2-NM,2.5567811171440784
CdCl2-MoS2-NM,3.179662369057333
CdI2-MoS2-NM,2.063264064737396
Cl2Ge-MoS2-NM,3.1265611169569683
FeBr2-MoS2-FM,0.26559813074864613
FeCl2-MoS2-FM,0.40183825268809215
FeI2-MoS2-FM,0.1494877705957658
HfBr2-MoS2-NM,1.6222374063157265
HfCl2-MoS2-NM,1.7946153810376346
HfI2-MoS2-NM,1.4144510485658621
HgBr2-MoS2-NM,1.7826651773505007
HgCl2-MoS2-NM,2.2456566709087635
HgI2-MoS2-NM,1.3219558065594625
MgBr2-MoS2-NM,3.7631332899997245
MgCl2-MoS2-NM,4.807556318735118
MgI2-MoS2-NM,3.044202804615771
MnBr2-MoS2-FM,1.5945706562022246
MnCl2-MoS2-FM,1.7138188643630858
MnI2-MoS2-FM,1.3333834008608396
OsCl2-MoS2-FM,0.31868116717882766
PbBr2-MoS2-NM,3.3052975021655526
PbCl2-MoS2-NM,3.5998395921498805
PbI2-MoS2-NM,2.9044830330816853
RuBr2-MoS2-FM,0.34789298361013477
RuCl2-MoS2-FM,0.5450102890129989
ScBr2-MoS2-FM,0.8273686770808125
ScCl2-MoS2-FM,0.8593373588442013
ScI2-MoS2-FM,0.752644027263696
SnBr2-MoS2-NM,2.751716221536068
SnCl2-MoS2-NM,2.9238661632849148
SnI2-MoS2-NM,2.481033205429952
SrBr2-MoS2-NM,4.412435229953596
SrCl2-MoS2-NM,4.97824601905496
SrI2-MoS2-NM,3.7306840089210156
TiBr2-MoS2-NM,0.9668273098899371
TiCl2-MoS2-NM,1.1828131822399586
TiI2-MoS2-NM,0.6734329799428889
YBr2-MoS2-FM,0.9180284785011301
YCl2-MoS2-FM,1.0547537548168218
YI2-MoS2-FM,0.6980212982814509
ZnBr2-MoS2-NM,2.6064116399568045
ZnCl2-MoS2-NM,3.483212262214631
ZnI2-MoS2-NM,1.7752379696112677
ZrBr2-MoS2-NM,1.4824000166437914
ZrCl2-MoS2-NM,1.590415368049187
ZrI2-MoS2-NM,1.360718247889934
Ag2Br6-BiI3-AFM,0.20944332543697053
Ag2Br6-BiI3-FM,0.1731342157751099
Ag2Cl6-BiI3-AFM,0.3658414167303823
Ag2Cl6-BiI3-FM,0.2676756228309696
Al2Br6-BiI3-NM,4.0402940664793405
Al2Cl6-BiI3-NM,5.491569524081504
Al2I6-BiI3-NM,2.4618680431672146
As2Br6-BiI3-NM,2.752538144775817
As2I6-BiI3-NM,2.327213510976595
Au2Br6-BiI3-AFM,0.27875587407316615
Au2Br6-BiI3-FM,0.11926609086602813
Au2Cl6-BiI3-AFM,0.41145358547677624
Au2Cl6-BiI3-FM,0.2400649769465404
Bi2Br6-BiI3-NM,3.070964691872536
Bi2Cl6-BiI3-NM,3.3522810528911684
Bi2I6-BiI3-NM,2.6884102465074573
Br6Sb2-BiI3-NM,2.636302153222137
Co2Br6-BiI3-NM,1.0106663402876408
Co2Cl6-BiI3-NM,1.1426779634241018
Co2I6-BiI3-NM,0.8801412463831457
Cr2Br6-BiI3-AFM,1.6849708146556663
Cr2Br6-BiI3-FM,1.5257121970685494
Cr2Cl6-BiI3-AFM,1.9179193808552228
Cr2Cl6-BiI3-FM,1.7379205797719917
Cr2I6-BiI3-AFM,1.4345452526891136
Cr2I6-BiI3-FM,1.2674772046902534
Cu2Br6-BiI3-AFM,0.35183235281546255
Cu2Br6-BiI3-FM,0.275053666828287
Cu2Cl6-BiI3-AFM,0.5344803793996213
Cu2Cl6-BiI3-FM,0.48419501725469516
Ga2Br6-BiI3-NM,2.7207573839246435
Ga2Cl6-BiI3-NM,3.8400993455452426
Ga2I6-BiI3-NM,1.463654717062623
I6Sb2-BiI3-NM,2.362511721421732
In2Br6-BiI3-NM,2.9032538987375114
In2Cl6-BiI3-NM,3.8014985587740053
In2I6-BiI3-NM,1.9446478901048625
Ir2Br6-BiI3-NM,1.6937654667037823
Ir2Cl6-BiI3-NM,1.9813438045233729
Ir2I6-BiI3-NM,1.5513491278283345
Mn2Cl6-BiI3-FM,0.10948238908482999
Mo2Br6-BiI3-AFM,1.6937151770164576
Mo2Cl6-BiI3-AFM,1.7140647412667247
Mo2I6-BiI3-AFM,1.4676421376324187
Mo2I6-BiI3-FM,1.014442448120271
Rh2Br6-BiI3-NM,1.4027939012302981
Rh2Cl6-BiI3-NM,1.6159527392113475
Rh2I6-BiI3-NM,1.2891820888045982
Sc2Br6-BiI3-NM,3.1783714313205405
Sc2Cl6-BiI3-NM,3.9460084169045073
Sc2I6-BiI3-NM,2.346850452065932
Tl2Br6-BiI3-NM,1.8165870951124683
Tl2Cl6-BiI3-NM,2.4548198699127655
Tl2I6-BiI3-NM,1.0943380641034333
W2Br6-BiI3-AFM,1.420781653173341
W2Cl6-BiI3-AFM,1.0785891201910314
W2Cl6-BiI3-NM,0.8971329207929393
W2I6-BiI3-AFM,1.266467697893039
W2I6-BiI3-FM,0.7806411614171962
Y2Br6-BiI3-NM,4.218402843759885
Y2Cl6-BiI3-NM,5.129964646446217
Y2I6-BiI3-NM,3.173943334628351
Al2Br6-TiCl3-NM,2.6838262822711227
Al2Cl6-TiCl3-NM,3.848310646030848
Al2I6-TiCl3-NM,1.1674113859780293
Bi2Br6-AgBr3-NM,2.7622009108960732
Bi2Cl6-AgBr3-NM,3.4520862837677244
Bi2I6-TiCl3-NM,2.391103183322423
Co2Cl6-AgBr3-AFM,0.10924748004279206
Cr2Br6-TiCl3-AFM,0.8387807371845759
Cr2Br6-TiCl3-FM,0.37167508116196224
Cr2Cl6-TiCl3-AFM,0.893946521123826
Cr2Cl6-TiCl3-FM,0.4517933273493675
Cr2I6-TiCl3-AFM,0.7625080337587888
Cr2I6-TiCl3-FM,0.3420883075309231
Fe2Br6-TiCl3-AFM,0.5033520213986797
Fe2Br6-TiCl3-FM,0.23585172138443644
Fe2Cl6-AgBr3-AFM,0.6872395554868094
Fe2Cl6-TiCl3-FM,0.4380893538330497
Fe2I6-TiCl3-AFM,0.24386172998963085
Ga2Br6-TiCl3-NM,1.5251778878366928
Ga2Cl6-TiCl3-NM,2.569172149273432
Ga2I6-TiCl3-NM,0.30043541592542544
In2Br6-TiCl3-NM,2.195960390413193
In2Cl6-AgBr3-NM,2.863479335870372
In2I6-TiCl3-NM,0.9909344894822194
Ir2Cl6-Undefined-NM,0.22090644818878236
Mo2Br6-TiCl3-AFM,0.6797779666288536
Mo2Cl6-TiCl3-AFM,0.5719661836276552
Mo2Cl6-TiCl3-NM,0.5611094175012927
Mo2I6-TiCl3-AFM,0.6067727137197823
Pt2Cl6-AgBr3-FM,0.02142113561151282
Re2Br6-TiCl3-NM,0.13217480426734352
Re2Cl6-TiCl3-NM,0.0694298826156402
Re2I6-AgBr3-AFM,0.269939328996042
Rh2Br6-Undefined-NM,0.36727577146013823
Rh2Cl6-Undefined-NM,0.22119123831903886
Sc2Br6-TiCl3-NM,2.657412239251901
Sc2Cl6-AgBr3-NM,3.234606946451968
Sc2I6-TiCl3-NM,2.08489133879376
Ti2Br6-TiCl3-AFM,0.4156041100855763
Ti2Br6-TiCl3-FM,0.1963980578355069
Ti2Cl6-TiCl3-AFM,0.45789726329899727
Ti2I6-TiCl3-AFM,0.3608978005347161
Ti2I6-TiCl3-FM,0.2616105183615627
Tl2Br6-TiCl3-NM,1.2911989605935088
Tl2Cl6-AgBr3-NM,1.6822829104826562
Tl2I6-TiCl3-NM,0.3478540246057795
W2Br6-TiCl3-NM,0.41633495208345095
W2Cl6-TiCl3-NM,0.9713044109249886
Y2Br6-AgBr3-NM,3.5175359714318457
Y2Cl6-AgBr3-NM,4.42191894198577
Y2I6-TiCl3-NM,2.657678048231226
Cr2CF2-Ti2CO2-AFM,1.3010917067849181
Sc2CF2-Ti2CO2-NM,1.4256016636048896
Y2CF2-Ti2CO2-NM,1.2929101900105422
Cr2CH2O2-Ti2CH2O2-AFM,0.7642205449551597
Sc2CH2O2-Ti2CH2O2-NM,0.42702895310651623
Y2CH2O2-Ti2CH2O2-NM,0.45977503783350904
Hf2CO2-Ti2CO2-NM,2.1519775969396897
Mn2CO2-Ti2CO2-AFM,0.7523282282366668
Mn2CO2-Ti2CO2-FM,0.3772794870425107
Ti2CO2-Ti2CO2-NM,0.6493894859808719
Zr2CO2-Ti2CO2-NM,1.8350921163914715
Ti2C-CdI2-AFM,0.27202275951575766
Zr2C-CdI2-AFM,0.3534225941571774
Hf3C2O2-Ti3C2O2-NM,0.7469732932093575
Zr3C2O2-Ti3C2O2-NM,0.7076363161901092
Hf3N2O2-Ti3C2O2-NM,0.9567243354532895
Y3N2O2-Ti3C2O2-FM,0.6726694937325524
Zr3N2O2-Ti3C2O2-NM,0.7981107961558691
CrSeTe-MoSSe-NM,0.6390933879274441
CrSSe-MoSSe-NM,0.8303457934393914
CrSTe-MoSSe-NM,0.7289951806529031
HfBrCl-MoSSe-NM,1.7038148373812014
HfBrI-MoSSe-NM,1.4963126139776775
HfClI-MoSSe-NM,1.5561400734193427
HfSeTe-MoSSe-NM,0.7800126007660175
HfSSe-MoSSe-NM,1.2935072142816333
HfSTe-MoSSe-NM,0.7077488855427978
MoSeTe-MoSSe-NM,1.2660559530344304
MoSSe-MoSSe-NM,1.5508146234288045
MoSTe-MoSSe-NM,1.393601488775787
TiBrCl-MoSSe-NM,1.0753151090164927
TiBrI-MoSSe-NM,0.8029868368525135
TiClI-MoSSe-NM,0.8878808035676472
TiSeTe-MoSSe-NM,0.5727384073559927
TiSSe-MoSSe-NM,0.946731178269564
TiSTe-MoSSe-NM,0.6095834932482713
VSeTe-MoSSe-FM,0.608656988871392
WSeTe-MoSSe-NM,1.3572714005706212
WSSe-MoSSe-NM,1.6958023406959168
WSTe-MoSSe-NM,1.5507251848438
ZrBrCl-MoSSe-NM,1.5358953276250302
ZrBrI-MoSSe-NM,1.4170988903196986
ZrClI-MoSSe-NM,1.4511577949435805
ZrSeTe-MoSSe-NM,0.7413913001914627
ZrSSe-MoSSe-NM,1.1505051528076389
ZrSTe-MoSSe-NM,0.7315663279906541
AsClTe-MoSSe-NM,1.9314023130581472
BiBrS-MoSSe-NM,2.5829318120880176
BiClS-MoSSe-NM,2.690885833398182
BiClSe-MoSSe-NM,2.5729222989027116
BiIS-MoSSe-NM,2.169539988524596
BiClTe-MoSSe-NM,2.275311312265483
BrSSb-MoSSe-NM,2.107516818100776
ClSbSe-MoSSe-NM,2.129464630107136
BrSbTe-MoSSe-NM,1.849971285104632
ClSSb-MoSSe-NM,2.2196827940361388
ISbSe-MoSSe-NM,1.7809097049791753
ClSbTe-MoSSe-NM,2.0211720237875563
BiISe-MoSSe-NM,2.1500452765246854
BiBrTe-MoSSe-NM,2.229316122141161
BiITe-MoSSe-NM,2.034593821803802
BrSbSe-MoSSe-NM,1.9958983043657978
ISSb-MoSSe-NM,1.9347363088773573
ISbTe-MoSSe-NM,1.6085005373907197
AsBrS-MoSSe-NM,2.028052767058011
AsClS-MoSSe-NM,2.2286062800070843
AsBrSe-MoSSe-NM,1.8769567422460063
AsClSe-MoSSe-NM,2.1068866885453295
AsISe-MoSSe-NM,1.3154639304552262
AsIS-MoSSe-NM,1.3035720470916257
AsBrTe-MoSSe-NM,1.6930490167743157
AsITe-MoSSe-NM,1.2622497536538329
BiBrSe-MoSSe-NM,2.435454156297913
Ge2S2-SnS-NM,1.8828832241323463
Ge2Se2-SnS-NM,1.155963675438582
Ge2Te2-SnS-NM,0.9163066565119149
P4-P-NM,0.9032042458630872
Pb2S2-PbS-NM,1.6791846748088435
Pb2Se2-PbS-NM,1.2928714507549666
Pb2Te2-PbS-NM,1.2810990512202651
S2Si2-SnS-NM,1.5492377384138512
Se2Si2-SnS-NM,1.5359960994615622
Si2Te2-SnS-NM,0.5350026777722772
Sn2S2-SnS-NM,1.623364332045985
Sn2Se2-SnS-NM,1.0425914479022689
Sn2Te2-PbS-NM,0.7808661105117481
As4-P-NM,0.9133644569783896
Pb2Te2-PbSe-NM,0.15341050095781883
Cd2S4-PdS2-NM,1.737909490778712
Cd2Se4-WTe2-NM,1.4021437547844315
Cd2Te4-WTe2-NM,1.1440677539891033
Co2Se4-PdS2-AFM,0.4762876188080618
Co2Se4-PdS2-FM,0.3586499415554094
Co2Te4-PdS2-AFM,0.48765593397707274
Co2Te4-PdS2-FM,0.4710190397035512
Fe2S4-MnS2-AFM,0.48398865174623307
Ge2S4-WTe2-NM,0.710813293845421
Ge2Te4-MnS2-NM,0.17759300509953713
In2S4-Undefined-NM,0.7146002541841521
Mn2S4-MnS2-AFM,1.2967709289636913
Mo2S4-MnS2-FM,0.1727606262352981
Ni2S4-PdS2-NM,1.2311460486040162
Ni2Se4-PdS2-NM,1.0916759758507464
Ni2Te4-PdS2-NM,0.9997587145183144
Os2S4-MnS2-NM,0.12203101580172859
Os2Se4-MnS2-NM,0.1907920947288564
Os2Te4-MnS2-NM,0.1644778636068036
Pb2S4-WTe2-NM,1.3082397956799978
Pb2Se4-WTe2-NM,0.941849838548827
Pb2Te4-WTe2-NM,0.346550100110679
Pd2S4-PdS2-NM,1.6163486444857948
Pd2Se4-PdS2-NM,1.4517001336641147
Pd2Te4-PdS2-NM,1.2764394468653386
Pt2S4-PdS2-NM,1.919956662349097
Pt2Se4-PdS2-NM,1.6294324015623673
Pt2Te4-PdS2-NM,1.4355404350934169
Ru2Te4-MnS2-NM,0.16885853459676392
Sn2Se4-WTe2-NM,0.7738858322612132
Zn2S4-PdS2-NM,1.983387161027919
Zn2Se4-PdS2-NM,1.527802631807811
Zn2Te4-PdS2-NM,1.2477877470992484
Br4C16Cl4Ge2H48N4-PbA2I4-NM,1.506181849402469
Br4C16Cl4Ge2H48N4-PbA2I4-NM-2,2.6476760362290155
Br4C16Ge2H48I4N4-PbA2I4-NM,1.9318031640946782
Br4C16Ge2H48I4N4-PbA2I4-NM-2,1.2718963993011898
Br8C16Ge2H48N4-PbA2I4-NM,1.8439158155760031
C16Cl4Ge2H48I4N4-PbA2I4-NM,2.5303018125574237
C16Cl4Ge2H48I4N4-PbA2I4-NM-2,1.2066722453920136
C16Cl8Ge2H48N4-PbA2I4-NM,2.6361429568361636
C16Ge2H48I8N4-PbA2I4-NM,1.2632319171810096
Pb2Br4C16Cl4H48N4-PbA2I4-NM,2.6055977571581597
Pb2Br4C16Cl4H48N4-PbA2I4-NM-2,2.946299138705763
Pb2Br4C16H48I4N4-PbA2I4-NM,2.453108593632881
Pb2Br4C16H48I4N4-PbA2I4-NM-2,2.1616012717673794
Pb2Br8C16H48N4-PbA2I4-NM,2.5591244054042446
Pb2C16Cl4H48I4N4-PbA2I4-NM,2.6595547779919313
Pb2C16Cl4H48I4N4-PbA2I4-NM-2,2.1414729037432854
Pb2C16Cl8H48N4-PbA2I4-NM,2.999240242258566
Pb2C16H48I8N4-PbA2I4-NM,2.1924872367097326
Sn2Br4C16Cl4H48N4-PbA2I4-NM,1.5954030684039577
Sn2Br4C16Cl4H48N4-PbA2I4-NM-2,2.0606141268856337
Sn2Br4C16H48I4N4-PbA2I4-NM,1.5288728370076592
Sn2Br4C16H48I4N4-PbA2I4-NM-2,1.2839347691467964
Sn2Br8C16H48N4-PbA2I4-NM,1.5900072946908461
Sn2C16Cl4H48I4N4-PbA2I4-NM,2.0312057937615213
Sn2C16Cl4H48I4N4-PbA2I4-NM-2,1.2691501231424827
Sn2C16Cl8H48N4-PbA2I4-NM,2.1484928462395123
Sn2C16H48I8N4-PbA2I4-NM,1.3587203211750702
Co4S8-ReS2-NM,0.3825261294437168
In4Br8-Undefined-NM,1.729008088979831
Ir4S8-ReS2-NM,0.9211281716507222
Ir4Se8-ReS2-NM,0.9615842314826405
Ir4Te8-ReS2-NM,0.6422214671546608
Nb4O8-Undefined-NM,0.48311336122526405
Re4O8-ReS2-NM,1.6272092466672627
Re4S8-ReS2-NM,1.4295390193553363
Re4Se8-ReS2-NM,1.2460847830988664
Re4Te8-ReS2-NM,1.1501273497776827
Rh4S8-ReS2-NM,0.7026113775244935
Rh4Se8-ReS2-NM,0.633787855012049
Ta4O8-Undefined-NM,0.6134523963355596
CrO2-MoS2-NM,1.5486501347582835
CrS2-MoS2-NM,0.9149375973171981
CrSe2-MoS2-NM,0.7410669839142621
CrTe2-MoS2-NM,0.5267519667290101
GeO2-CdI2-NM,4.103662952586411
GeO2-MoS2-NM,2.035269353661252
GeS2-CdI2-NM,1.1595299595979371
HfO2-CdI2-NM,5.027332495494086
HfO2-MoS2-NM,2.1042862018568154
HfS2-CdI2-NM,2.0754760890398996
HfS2-MoS2-NM,1.3573007602377387
HfSe2-CdI2-NM,1.490628879184698
HfSe2-MoS2-NM,1.2286359347670364
HfTe2-MoS2-NM,0.7713748950758352
MnO2-CdI2-FM,1.185079402591192
MnS2-CdI2-FM,0.14009911817990428
MoO2-MoS2-NM,1.745980017370926
MoS2-MoS2-NM,1.6613864123506252
MoSe2-MoS2-NM,1.4327447470383627
MoTe2-MoS2-NM,1.076725164284504
NiO2-CdI2-NM,1.4879065603932373
NiS2-CdI2-NM,0.9459868860899836
NiSe2-CdI2-NM,0.6618570653367792
PbO2-CdI2-NM,1.681214475734735
PbS2-CdI2-NM,0.920471997690163
PbS2-MoS2-NM,2.2855834840536113
PbSe2-CdI2-NM,0.41407873245438953
PbSe2-MoS2-NM,1.897142695523863
PdO2-CdI2-NM,1.7895473262732393
PdS2-CdI2-NM,1.364311900785631
PdSe2-CdI2-NM,0.9733837548132311
PdTe2-CdI2-NM,0.5514373446352934
PtO2-CdI2-NM,2.1523240188898782
PtS2-CdI2-NM,1.8625987044462515
PtSe2-CdI2-NM,1.500513232792249
PtTe2-CdI2-NM,1.0086021833059131
ScO2-MoS2-FM,1.6582377562152635
ScS2-MoS2-FM,0.851211395958956
ScSe2-MoS2-FM,0.6841768301677404
SnO2-CdI2-NM,3.239545620249417
SnO2-MoS2-NM,1.3532348895441029
SnS2-CdI2-NM,1.822587970116378
SnS2-MoS2-NM,1.082767560730312
SnSe2-CdI2-NM,1.1178402873578643
SnSe2-MoS2-NM,0.5168349485595485
TiO2-CdI2-NM,2.8878963890827243
TiO2-MoS2-NM,1.364020313806336
TiS2-MoS2-NM,1.0191041036881145
TiSe2-MoS2-NM,0.9426771309562878
TiTe2-MoS2-NM,0.5136958866711906
VSe2-MoS2-FM,0.6783886052354786
VTe2-MoS2-FM,0.49544425557761645
WO2-MoS2-NM,1.9001212068360456
WS2-MoS2-NM,1.8159491510583732
WSe2-MoS2-NM,1.5530994066196708
WTe2-MoS2-NM,1.0756364845971196
ZrO2-CdI2-NM,4.725175209689689
ZrO2-MoS2-NM,1.8288120994755044
ZrS2-CdI2-NM,1.6898917588862015
ZrS2-MoS2-NM,1.1750556454526635
ZrSe2-CdI2-NM,1.1262547943250982
ZrSe2-MoS2-NM,1.088236134153974
ZrTe2-MoS2-NM,0.6832282177008953
ScH2-MoS2-FM,0.37501962061385075
Cr2Mo2S8-CrWS4-NM,1.0749675161020698
Cr2Mo2Se8-CrWS4-NM,0.8898660637636393
Cr2Mo2Te8-CrWS4-NM,0.6471033054952529
Cr2W2S8-CrWS4-NM,1.0531484193238716
Cr2W2Se8-CrWS4-NM,0.8702768020086732
Cr2W2Te8-CrWS4-NM,0.6171846019385453
Cr3MoS8-CrW3S8-NM,0.943972354068876
Cr3MoSe8-CrW3S8-NM,0.7682902615853799
Cr3WS8-CrW3S8-NM,0.9290834502180111
Cr3WSe8-CrW3S8-NM,0.7570596191833877
Cr3WTe8-CrW3S8-NM,0.5329975541020349
CrMo3S8-CrW3S8-NM,1.2524808976709259
CrMo3Se8-CrW3S8-NM,1.040356208666546
CrMo3Te8-CrW3S8-NM,0.751908941197627
CrW3S8-CrW3S8-NM,1.3007429239468093
CrW3Se8-CrW3S8-NM,1.0717328430321016
CrW3Te8-CrW3S8-NM,0.726643399270928
Mo2W2S8-CrWS4-NM,1.6973097493687432
Mo2W2Se8-CrWS4-NM,1.452457882309052
Mo2W2Te8-CrWS4-NM,1.0668148417943581
Mo3WS8-CrW3S8-NM,1.6791427187478174
Mo3WSe8-CrW3S8-NM,1.4457488440266326
Mo3WTe8-CrW3S8-NM,1.0723098229146761
MoW3S8-CrW3S8-NM,1.754033424212858
MoW3Se8-CrW3S8-NM,1.5027446498882138
MoW3Te8-CrW3S8-NM,1.077251121816302
Hf2Ti2S8-CrWS4-NM,0.9623892988879719
Hf2Ti2Se8-CrWS4-NM,0.7485412225847938
Hf2Ti2Te8-CrWS4-NM,0.24660438521533512
Ti2Zr2S8-CrWS4-NM,0.9182794113879789
Ti2Zr2Se8-CrWS4-NM,0.7012831076487032
Ti2Zr2Te8-CrWS4-NM,0.29319503200757613
HfTi3S8-CrW3S8-NM,0.9085669391445803
HfTi3Se8-CrW3S8-NM,0.6959144497145093
HfTi3Te8-CrW3S8-NM,0.21400245257652195
Ti3ZrS8-CrW3S8-NM,0.9013836210671493
Ti3ZrSe8-CrW3S8-NM,0.6717714237585448
Ti3ZrTe8-CrW3S8-NM,0.23557185192463825
Hf3TiS8-CrW3S8-NM,1.0662827516030287
Hf3TiSe8-CrW3S8-NM,0.8420374745993311
Hf3TiTe8-CrW3S8-NM,0.30564652106186074
TiZr3S8-CrW3S8-NM,1.066863480208318
TiZr3Se8-CrW3S8-NM,0.793333555803335
TiZr3Te8-CrW3S8-NM,0.39186859234490146
Hf2Zr2S8-CrWS4-NM,1.2173847676419403
Hf2Zr2Se8-CrWS4-NM,0.9560721023255001
Hf2Zr2Te8-CrWS4-NM,0.41494258403273254
HfZr3S8-CrW3S8-NM,1.2226880965303668
HfZr3Se8-CrW3S8-NM,0.9231059757175122
HfZr3Te8-CrW3S8-NM,0.4448189480588266
Hf3ZrS8-CrW3S8-NM,1.205394458297457
Hf3ZrSe8-CrW3S8-NM,0.947575764523015
Hf3ZrTe8-CrW3S8-NM,0.3885131412677374
Al2Br2O2-FeOCl-NM,4.484965152950475
Al2Br2S2-FeOCl-NM,2.2640667566819177
Al2Br2Se2-FeOCl-NM,1.6488134340095777
Al2Cl2O2-FeOCl-NM,5.991357894665827
Al2Cl2S2-FeOCl-NM,2.334991228326952
Al2Cl2Se2-FeOCl-NM,1.6088766776407064
Al2I2O2-FeOCl-NM,2.3270785269853587
Al2I2S2-FeOCl-NM,1.760176034124405
Al2I2Se2-FeOCl-NM,1.5147583887991576
Bi2Br2O2-FeOCl-NM,2.561716216341951
Bi2Br2S2-FeOCl-NM,1.9374282455419631
Bi2Br2Se2-FeOCl-NM,1.3987892879042219
Bi2Cl2O2-FeOCl-NM,2.862551787364187
Bi2Cl2S2-FeOCl-NM,1.9797873376794053
Bi2Cl2Se2-FeOCl-NM,1.3744628724551862
Bi2I2O2-FeOCl-NM,2.169041650031259
Bi2I2S2-FeOCl-NM,1.7708849868157506
Bi2I2Se2-FeOCl-NM,1.3797106428324433
Br2Ge2N2-FeOCl-NM,1.5015125942739929
Cl2Ge2N2-FeOCl-NM,1.8515243115636917
Cr2Br2O2-FeOCl-AFM,1.1019257956732926
Cr2Br2O2-FeOCl-FM,0.7086994759330377
Cr2Br2S2-FeOCl-AFM,0.5959040748327253
Cr2Br2S2-FeOCl-FM,0.4595567896613899
Cr2Br2Se2-FeOCl-AFM,0.32981419632475384
Cr2Br2Se2-FeOCl-FM,0.2634097335281689
Cr2Cl2O2-FeOCl-AFM,1.190010907357861
Cr2Cl2O2-FeOCl-FM,0.7687444607570126
Cr2Cl2S2-FeOCl-AFM,0.6402412341066746
Cr2Cl2S2-FeOCl-FM,0.4604810203414913
Cr2Cl2Se2-FeOCl-AFM,0.3716416755272447
Cr2Cl2Se2-FeOCl-FM,0.2628337037991413
Cr2I2O2-FeOCl-AFM,0.5968679377497619
Cr2I2O2-FeOCl-FM,0.34204756838409306
Cr2I2S2-FeOCl-AFM,0.5386045083274494
Cr2I2S2-FeOCl-FM,0.46566728313638595
Cr2I2Se2-FeOCl-AFM,0.29541636336986987
Cr2I2Se2-FeOCl-FM,0.2564893041314322
Fe2Br2O2-FeOCl-AFM,0.30328951789936953
Ga2Br2O2-FeOCl-NM,2.659180168944354
Ga2Br2S2-FeOCl-NM,1.5760479214686185
Ga2Br2Se2-FeOCl-NM,1.0573089710129355
Ga2Cl2O2-FeOCl-NM,3.726389953359978
Ga2Cl2S2-FeOCl-NM,1.6076468980235201
Ga2Cl2Se2-FeOCl-NM,0.9026075163069076
Ga2I2O2-FeOCl-NM,1.479746200522834
Ga2I2S2-FeOCl-NM,0.9494419645643093
Ga2I2Se2-FeOCl-NM,0.9495330887765754
Hf2Br2N2-FeOCl-NM,2.0975026124575322
Hf2Cl2N2-FeOCl-NM,2.1397854366131748
Hf2I2N2-FeOCl-NM,1.741763327901063
In2Br2O2-FeOCl-NM,2.409470152904753
In2Br2S2-FeOCl-NM,1.9038456883935477
In2Br2Se2-FeOCl-NM,1.2347316313361656
In2Cl2O2-FeOCl-NM,2.8289625999980865
In2Cl2S2-FeOCl-NM,1.7988217063472451
In2Cl2Se2-FeOCl-NM,1.0768059377361496
In2I2O2-FeOCl-NM,1.5369510584392956
In2I2S2-FeOCl-NM,1.6921360580077773
In2I2Se2-FeOCl-NM,1.4060204751451892
Ir2Br2O2-FeOCl-NM,0.34313844785790637
Ir2Br2S2-FeOCl-NM,0.2534136561658743
Ir2Cl2O2-FeOCl-NM,0.3772585849507034
Ir2Cl2S2-FeOCl-NM,0.2268005009489713
Ir2I2S2-FeOCl-NM,0.27747856131005144
Mn2Br2N2-FeOCl-AFM,0.8985801071188254
Mn2Cl2N2-FeOCl-AFM,0.8968169021707708
Mn2Cl2N2-FeOCl-FM,0.3502968076202433
Pt2Br2N2-FeOCl-NM,0.3676847328480095
Pt2Cl2N2-FeOCl-NM,0.46069335920528953
Sc2Br2O2-FeOCl-NM,3.3749588266296273
Sc2Br2S2-FeOCl-NM,2.1829405844438607
Sc2Br2Se2-FeOCl-NM,1.5981937613965882
Sc2Cl2O2-FeOCl-NM,4.249757165259479
Sc2Cl2S2-FeOCl-NM,2.150430140467578
Sc2Cl2Se2-FeOCl-NM,1.5463528608467008
Sc2I2O2-FeOCl-NM,2.157749048552229
Sc2I2S2-FeOCl-NM,1.8140747388516734
Sc2I2Se2-FeOCl-NM,1.602267500777582
Sn2Br2N2-FeOCl-NM,1.4255889386095537
Sn2Cl2N2-FeOCl-NM,1.4062021115340413
Sn2I2N2-FeOCl-NM,1.2510604319310086
Ti2Br2N2-FeOCl-NM,0.6214091366077596
Ti2Cl2N2-FeOCl-NM,0.6200313517053226
Ti2I2N2-FeOCl-NM,0.09601771768280198
Tl2Br2O2-FeOCl-NM,1.1142867777334087
Tl2Cl2O2-FeOCl-NM,1.3026315806874282
Tl2I2O2-FeOCl-NM,0.5260545148464228
Tl2I2S2-FeOCl-NM,0.12346055794432043
Zr2Br2N2-FeOCl-NM,1.8200505319430544
Zr2Cl2N2-FeOCl-NM,1.8512141430279674
Zr2I2N2-FeOCl-NM,1.2995635866790276
Al2O2-GaS-NM,1.5306929196979955
Al2S2-GaS-NM,2.7279964023773893
Al2Se2-GaS-NM,2.651033198227314
Al2Te2-GaS-NM,2.4038069488620466
Bi2O2-GaS-NM,1.6609328323977097
Bi2S2-GaS-NM,0.9878467161606239
Bi2Se2-GaS-NM,0.7962121963483301
Ga2O2-GaS-NM,2.0675948680550187
Ga2S2-GaS-NM,2.429511046520028
Ga2Se2-GaS-NM,1.8926028884363042
Ga2Te2-GaS-NM,1.681190139068233
In2O2-GaS-NM,1.1374735650295587
In2S2-GaS-NM,1.7626259800889739
In2Se2-GaS-NM,1.5013743198796567
In2Te2-GaS-NM,1.4195896151236682
Ir2O2-GaS-NM,0.13223709914327447
Ir2S2-GaS-NM,0.1866772622944376
Ir2Se2-GaS-NM,0.4880679078016473
Mn2Te2-GaS-AFM,0.7471715274928132
Rh2Se2-GaS-NM,0.5811261572648424
Sc2O2-GaS-NM,0.7054852339745108
Sc2S2-GaS-NM,0.42516591613885535
Sc2Se2-GaS-NM,0.42871007458879007
Sc2Te2-GaS-NM,0.3913463824140306
Ti2Te2-GaS-NM,0.45029279266533756
Tl2S2-GaS-NM,0.7585299187932848
Tl2Se2-GaS-NM,0.6249191028009535
Tl2Te2-GaS-NM,0.586516615151657
V2O2-GaS-AFM,0.44250021826475355
V2S2-GaS-NM,0.3492645293538482
V2Se2-GaS-NM,0.4117628922644557
V2Te2-GaS-NM,0.3920288477810939
Zr2Se2-GaS-NM,0.5771159975628023
Zr2Te2-GaS-NM,0.6115148164053004
Hf2O6-TiS3-NM,3.8620286747345167
Hf2S6-TiS3-NM,1.187363275393741
Hf2Se6-TiS3-NM,0.710488372522593
Pb2Te6-Undefined-NM,0.7394284760196728
Ru2Se6-VTe3-NM,0.22550214840530347
Ti2O6-TiS3-NM,2.5076442887632826
Ti2S6-TiS3-NM,0.29738547603944576
Zr2O6-TiS3-NM,3.7118081406765935
Zr2S6-TiS3-NM,1.2005855994525858
Zr2Se6-TiS3-NM,0.6571581142737808
Cr2Br4-WTe2-AFM,0.9474184964558934
Cr2Br4-WTe2-FM,0.7507694015006621
Cr2Cl4-WTe2-AFM,1.1550239139767455
Cr2Cl4-WTe2-FM,0.9626167111279835
Fe2S4-WTe2-NM,0.7239237690957179
Fe2Se4-WTe2-NM,0.6489574661451443
Fe2Te4-WTe2-NM,0.5995057663919503
Hf2Br4-WTe2-NM,0.9012064043799103
Hf2Cl4-WTe2-NM,0.8860224968142743
Hf2I4-WTe2-NM,0.7074512710276071
Hg2O4-CdI2-FM,0.38878442642390443
Mn2Cl4-CdI2-FM,0.576197195665423
Mn2S4-WTe2-AFM,0.25800112921576024
Mn2Te4-WTe2-AFM,0.14356738424277693
Mo2Se4-WTe2-NM,0.07084157777961919
Os2O4-WTe2-NM,0.4340186559811241
Os2S4-WTe2-NM,1.1478255684109375
Os2Se4-WTe2-NM,1.1004165247789233
Os2Te4-WTe2-NM,1.0500240321753793
Re2I4-WTe2-FM,0.19612524806446596
Rh2Cl4-WTe2-AFM,0.7359634921430629
Rh2Cl4-WTe2-FM,0.7260906688261657
Ru2O4-WTe2-NM,0.1315153742797439
Ru2S4-WTe2-NM,1.1528372400059408
Ru2Se4-WTe2-NM,1.0125137801631705
Ru2Te4-WTe2-NM,0.8252498884522863
Ti2Cl4-WTe2-NM,0.38787318747243005
Ti2I4-WTe2-NM,0.26799541759980294
Ti2O4-WTe2-NM,3.0875037829830854
V2Br4-CdI2-AFM,1.3597832551292832
V2Cl4-CdI2-AFM,1.5029467832511945
V2I4-CdI2-AFM,1.2741981307871002
Zr2Br4-WTe2-NM,0.6389868215725598
Zr2Cl4-WTe2-NM,0.6127730907395681
Zr2I4-WTe2-NM,0.5342104008573512
C2F2-CH-NM,3.1777609384750054
C2H2-CH-NM,3.4634461767986986
Ge2H2-CH-NM,1.0181530608387537
F2Si2-CH-NM,0.682853027792313
H2Si2-CH-NM,2.314952565740069
CF2Si-CH2Si-NM,1.9461760949503022
CH2Si-CH2Si-NM,4.005714220654072
Sn2H2-CH-NM,0.47372876845885514
