Ag2O2-AuSe-NM,0.7582797890553703
Ag2S2-AuSe-NM,0.179501451240957
Ag2Te2-AuSe-NM,0.13117138052133556
Au2O2-AuSe-NM,0.22982515155363167
Au2S2-AuSe-NM,0.20858766860328296
Au2Se2-AuSe-NM,0.18896211820484113
Au2Te2-AuSe-NM,0.149676229374686
Cu2S2-AuSe-NM,0.17434906286198446
Cu2Se2-AuSe-NM,0.3955674160614572
AlAs-BN-NM,0.07283696051139045
AlN-BN-NM,0.2749379076459919
AlSb-GeSe-NM,0.4147689475168895
AsB-BN-NM,0.07776788831715616
BN-BN-NM,0.37980285424626176
BP-BN-NM,0.0922908118749509
GaAs-GeSe-NM,0.058826036376158075
GaN-BN-NM,0.12287040493072673
GaP-GeSe-NM,0.06719160517682234
GeO-GeSe-NM,0.9802393762404588
GeS-GeSe-NM,0.32198186784304567
GeSe-GeSe-NM,0.29300187042662257
GeTe-GeSe-NM,0.36393134767715113
HgO-BN-NM,0.22007619792130034
HgSe-GeSe-NM,0.05328636622250077
HgTe-GeSe-NM,0.04350612896373568
InAs-GeSe-NM,0.0453140077334142
InN-BN-NM,0.05764394944389463
InP-GeSe-NM,0.06075430310406477
InSb-GeSe-NM,0.05749634450613113
PbS-GeSe-NM,0.23701704408243468
PbSe-GeSe-NM,0.12512780646238061
PbTe-GeSe-NM,0.07933537933522927
SnS-GeSe-NM,0.376506532021237
SnSe-GeSe-NM,0.32240182661792766
SnTe-GeSe-NM,0.45340091429303936
AsClS-BiTeI-NM,0.8125525503877733
AsBrSe-BiTeI-NM,0.6027343314341543
AsBrTe-BiTeI-NM,0.30819815657569993
AsClTe-BiTeI-NM,0.14374854319353214
AsITe-BiTeI-NM,0.10682692884476193
BiBrS-BiTeI-NM,0.3106757569617215
BiBrSe-BiTeI-NM,0.18467723123186341
BiClSe-BiTeI-NM,0.15564246421108566
BiISe-BiTeI-NM,0.25818855476444047
BiIS-BiTeI-NM,0.21624256892303617
BiClTe-BiTeI-NM,0.10231819616795629
BiITe-BiTeI-NM,0.16066590424966481
BrSSb-BiTeI-NM,0.5577786673918315
ISbSe-BiTeI-NM,0.279296063262983
ISSb-BiTeI-NM,0.3896631673325223
ClSbTe-BiTeI-NM,1.0911436687060037
ISbTe-BiTeI-NM,0.33511219990611
ZrSSe-BiTeI-NM,0.13413255774467597
BiCrAs-BiTeI-NM,0.022315502261287146
HfSSe-BiTeI-NM,0.1636215093788921
MoSTe-BiTeI-NM,0.10300972406263571
WSTe-BiTeI-NM,0.09671294520393615
Ge2-C-NM,0.012280063692208682
Sn2-C-NM,0.02207647676214429
Ti2Br2-CH-AFM,1.0504101712079428
V2I2-CH-AFM,1.0006821741093248
Cr2Cl2-CH-AFM,0.8026312647459364
Cr2Br2-CH-AFM,0.4522016187443432
Cr2I2-CH-AFM,0.27630347134627303
Mn2S2-CH-AFM,1.082034602321234
Mn2Se2-CH-AFM,0.9120709712648838
Mn2Te2-CH-AFM,1.008457554499143
Mn2Br2-CH-AFM,1.428927954928001
Fe2F2-CH-AFM,1.708684817448311
Fe2Cl2-CH-AFM,11.084698146942218
Fe2Br2-CH-AFM,2.4298108777615015
Co2Br2-CH-FM,0.06535107324909349
Co2I2-CH-FM,0.1196736520242497
Ni2F2-CH-AFM,4.548992970523176
Cu2Cl2-CH-NM,0.4175311686373454
Cu2Br2-CH-NM,0.28688447080037244
Cu2I2-CH-NM,0.1880596203591243
Zn2S2-CH-NM,0.12843071678861084
Zn2Se2-CH-NM,0.09059880235283548
Zn2Te2-CH-NM,0.060852278614285805
Zr2Se2-CH-NM,0.014320679700391513
Zr2Cl2-CH-NM,0.03539794876727974
Zr2Br2-CH-NM,0.06785769276836728
Pd2F2-GaSe-NM,5.496467331089142
Ag2F2-Undefined-NM,0.4647352579534889
Ag2Cl2-CH-NM,0.2138122188865899
Ag2Br2-CH-NM,0.2696910201009332
Ag2I2-CH-NM,0.20794236819552747
Cd2S2-CH-NM,0.112438015707048
Cd2Se2-CH-NM,0.09340495436733291
Cd2Te2-CH-NM,0.06474848064478708
In2I2-CH-NM,0.5980773752550221
S2Sb2-CH-NM,0.045309474879086056
Sb2Se2-CH-NM,0.02585587885642962
Cl2Sb2-CH-NM,0.0385737348274678
Br2Sb2-CH-NM,0.03833407233623891
I2Sb2-ISb-NM,0.03482080191028226
Hf2S2-CH-NM,0.015440425406017819
Hf2Se2-CH-NM,0.033232393165808984
Pt2Cl2-GaSe-NM,0.8092534999364837
Au2Br2-CH-NM,1.2137892484238497
Au2I2-CH-NM,0.22095711492495432
Hg2Te2-CH-NM,0.01791948706553018
Hg2Cl2-CH-NM,0.04674326417188406
Hg2Br2-CH-NM,0.1190165441093107
Hg2I2-GaSe-NM,0.2961094165765793
Tl2Br2-ISb-NM,0.5520229705016189
Tl2I2-CH-NM,0.3146115502632224
Pb2Te2-CH-NM,0.9806651205864116
Pb2F2-CH-NM,0.045075440149308484
Pb2Cl2-CH-NM,0.2007545129572957
Pb2Br2-CH-NM,0.18507804977370787
Bi2S2-CH-NM,0.1054058595932172
Bi2Se2-CH-NM,0.07845280661789147
Bi2Te2-CH-NM,0.09925747491480016
Bi2Cl2-CH-NM,0.20010886640231518
Bi2Br2-CH-NM,0.2212755730557711
Bi2I2-CH-NM,0.2530418646306828
Cr2O2-FeSe-AFM,0.3483115438894166
Mn2O2-FeSe-AFM,0.5091883567872139
Mn2S2-FeSe-AFM,0.9097915914826298
Mn2Se2-FeSe-AFM,0.5817862596359872
Mn2Te2-FeSe-AFM,0.3752343317258558
Pb2S2-FeSe-NM,0.08472087852207198
Pb2Se2-FeSe-NM,0.09423270172893769
Pb2Te2-FeSe-NM,0.10295532993091708
Cr2Cl2-FeSe-AFM,0.5225430437692069
K2Br2-FeSe-NM,0.6107385242365856
Cr2Br2-FeSe-AFM,0.3785788929081245
K2F2-FeSe-NM,0.6580506055464311
K2Cl2-FeSe-NM,0.8797672995996156
K2I2-FeSe-NM,0.5078111096355219
Cr2I2-FeSe-AFM,0.343401060591005
Cu2Cl2-FeSe-NM,0.4536406041130393
Cu2Br2-FeSe-NM,0.31639938101250825
Cu2I2-FeSe-NM,0.22180216428025168
Ga2Cl2-FeSe-NM,0.2427531837186852
Ga2I2-FeSe-NM,0.18484679466953763
Rb2F2-FeSe-NM,0.5615284686707419
Rb2Cl2-FeSe-NM,0.6329862394193971
Rb2Br2-FeSe-NM,0.5686404153713679
Rb2I2-FeSe-NM,0.5250021232546986
Ag2F2-FeSe-NM,0.5500074712824964
Ag2Cl2-FeSe-NM,0.49116377190106286
Ag2Br2-FeSe-NM,0.37760528175081703
Ag2I2-FeSe-NM,0.26889602374267324
In2Cl2-FeSe-NM,0.19287650627901187
In2I2-FeSe-NM,0.26873146136520454
Cs2F2-FeSe-NM,0.4983112985231793
Cs2Cl2-FeSe-NM,0.49219939764346
Cs2Br2-FeSe-NM,0.5615614440369638
Au2Cl2-FeSe-NM,0.07095892353178786
Au2Br2-FeSe-NM,0.32067360910978665
Au2I2-FeSe-NM,0.21526301199645267
Tl2Br2-FeSe-NM,0.40148780377216126
Tl2I2-FeSe-NM,0.23818259064982147
Al2S2-GaSe-NM,0.5370344790448512
Al2Se2-GaSe-NM,0.23333197748128362
Al2Te2-GaSe-NM,0.16494849701482214
Bi2Se2-GaSe-NM,0.2833235396839107
Bi2Te2-GaSe-NM,0.22264373844821309
Ga2S2-GaSe-NM,0.26992381141381716
Ga2Se2-GaSe-NM,0.18382605158706755
Ga2Te2-GaSe-NM,0.12045215122195461
In2S2-GaSe-NM,0.28499479801722694
In2Se2-GaSe-NM,0.1947622147061654
In2Te2-GaSe-NM,0.1289269068968254
Ir2Se2-GaSe-NM,0.2949632125389747
Sb2Se2-GaSe-NM,0.14478039138912768
Ti2Te2-GaSe-NM,0.039142223025380035
Tl2S2-GaSe-NM,0.2831149902755435
Tl2Se2-GaSe-NM,0.1718062742986084
Tl2Te2-GaSe-NM,0.07652170250321157
Zr2Te2-GaSe-NM,0.03504169039576134
MnCl2-GeS2-FM,1.417358402318835
MnBr2-GeS2-FM,0.90680465246516
FeF2-GeS2-NM,0.13368270964348206
CoF2-GeS2-FM,0.7176625459812163
CoCl2-GeS2-FM,0.3441852262552576
ZnF2-GeS2-NM,0.727304027556937
ZnCl2-GeS2-NM,0.5175274655229981
ZnI2-GeS2-NM,0.22944108902182236
GeS2-GeS2-NM,0.17568927858976105
Cl2Ge-GeS2-NM,2.2204207742948974
GeI2-GeS2-NM,0.8783975030857063
GeO2-GeS2-NM,0.3803601933698058
F2Ge-GeS2-NM,0.3889883389654914
Br2Ge-GeS2-NM,1.2904594549325479
CaF2-GeS2-NM,0.7101563400560305
CaCl2-GeS2-NM,0.8496518110697171
CaI2-GeS2-NM,0.43060987533985184
TiO2-GeS2-NM,0.8963933565175466
TiS2-GeS2-NM,0.5277696461298035
TiTe2-GeS2-NM,0.3339324858992085
MnI2-GeS2-FM,0.5740924223791672
CoBr2-GeS2-FM,0.4402866921740249
ZnBr2-GeS2-NM,3.020130451807675
SrF2-GeS2-NM,0.7605367148618293
SrCl2-GeS2-NM,0.6267624439845969
SrBr2-GeS2-NM,1.3029182600891083
ZrS2-GeS2-NM,0.424907883001839
ZrSe2-GeS2-NM,0.594189050208392
ZrTe2-GeS2-NM,0.3660608429899173
CdF2-GeS2-NM,1.068542377982366
CdCl2-GeS2-NM,0.8080744287706346
CdI2-GeS2-NM,0.2834563595979274
SnO2-GeS2-NM,0.5394599695160902
SnS2-GeS2-NM,0.34128469758889857
SnSe2-GeS2-NM,7.873076622153749
SnTe2-GeS2-NM,0.1622409215409538
SnF2-GeS2-NM,0.3479749289419972
SnCl2-GeS2-NM,0.7895866319963265
SnBr2-GeS2-NM,1.1235305462128446
SnI2-GeS2-NM,0.8617608914753008
BaF2-GeS2-NM,0.9446597180957313
BaCl2-GeS2-NM,0.7075442345385701
BaBr2-GeS2-NM,0.5691947784178214
BaI2-GeS2-NM,0.634600891596388
HfO2-GeS2-NM,0.5266784610494604
HfS2-GeS2-NM,0.5815814822975981
HfSe2-GeS2-NM,0.6350625792912206
HfTe2-GeS2-NM,0.2870325758893706
TaO2-GeS2-FM,0.8047416483099453
HgCl2-GeS2-NM,2.6876473703721495
HgBr2-GeS2-NM,0.39119885143830185
HgI2-GeS2-NM,0.30238563498034615
PbO2-GeS2-NM,4.472999066375049
PbS2-GeS2-NM,0.48597943149171235
PbSe2-GeS2-NM,0.23400902928409403
PbF2-GeS2-NM,0.6641910953373654
PbCl2-GeS2-NM,0.7730297903384797
PbBr2-GeS2-NM,0.5850554958595914
PbI2-GeS2-NM,0.4046531589478643
Cd2P2S6-MnPSe3-NM,0.19405339575650007
Sc2P2S6-ScPSe3-NM,0.5368092941362749
Cr2P2Se6-ScPSe3-FM,0.5038882727137189
Cr2P2Se6-ScPSe3-AFM,0.8589120833115855
Mn2P2Se6-MnPSe3-AFM,1.3481329517260632
Fe2P2S6-MnPSe3-NM,0.8868132605560807
Fe2P2Se6-MnPSe3-NM,1.5128407564497597
Ni2P2S6-MnPSe3-AFM,0.5703183577254186
Ni2P2Se6-MnPSe3-AFM,0.47881881093133666
Ir2P2Te6-MnPSe3-NM,0.13012398830203992
Zn2P2Se6-MnPSe3-NM,0.1027381718896874
Zn2P2Te6-MnPSe3-NM,0.20915387125972484
Zr2P2S6-Undefined-NM,0.2583482073251576
Zr2P2Se6-Undefined-NM,0.19203493259152005
Nb2P2S6-MnPSe3-NM,0.44712672411070886
Nb2P2S6-MnPSe3-AFM,0.47731348177373
Ru2P2Se6-MnPSe3-NM,3.167351666452079
Ru2P2Te6-MnPSe3-NM,0.5677812878147328
Rh2P2Se6-MnPSe3-NM,0.026102925447663988
Rh2P2Te6-MnPSe3-NM,0.10642160892296795
Hg2P2Se6-MnPSe3-NM,0.12551107010142448
Cd2P2Se6-MnPSe3-NM,0.12390399840064198
Hf2P2S6-Undefined-NM,0.19641927031800963
Hf2P2Se6-Undefined-NM,0.1845831460319317
Ta2P2Se6-Undefined-NM,0.6170570423791414
Ir2P2Se6-MnPSe3-NM,0.19951340056335432
Pt2P2Se6-Undefined-NM,0.12106982583376058
Hg2P2S6-MnPSe3-NM,0.19765438460258794
Cd2P2Te6-MnPSe3-NM,0.09935348415594854
Ge2P2Te6-Undefined-NM,0.11297244674748066
Ga2P2Te6-Undefined-NM,0.24765161471788916
Ge2P2S6-MnPSe3-NM,0.2514768272287969
Ge2P2Se6-MnPSe3-NM,0.18876411081888275
In2P2S6-Undefined-NM,0.18032360682475987
Sn2P2S6-MnPSe3-NM,0.21575092779168845
Sn2P2Se6-MnPSe3-NM,0.18470503860119836
Sn2P2Te6-MnPSe3-NM,0.191091594366061
P2Sb2Se6-ScPSe3-NM,0.24610769902222893
Pb2P2S6-MnPSe3-NM,0.2575792797632537
Pb2P2Se6-MnPSe3-NM,0.19869783519666534
Bi2P2S6-VPSe3-NM,0.2202384525046606
Bi2P2Se6-ScPSe3-NM,0.10919206905741458
Bi2P2Te6-ScPSe3-NM,0.07271575758987198
Al2P2S6-ScPSe3-NM,0.6524881521131829
Al2P2Se6-ScPSe3-NM,0.37209690764060854
Sc2P2Se6-ScPSe3-NM,0.40724317088034145
P2Sb2Te6-ScPSe3-NM,0.221773353436351
V2P2S6-MnPSe3-AFM,1.14637052140211
Zn2P2S6-MnPSe3-NM,0.1746076103731119
Ta2P2Te6-Undefined-NM,0.34127256810096684
Pb2P2Te6-MnPSe3-NM,0.1915489909911861
Hg2P2Te6-MnPSe3-NM,0.08553426304680396
BaBr2-CdI2-NM,0.44736069470597595
BaCl2-CdI2-NM,0.4515345608950529
BaI2-CdI2-NM,0.39002628889591434
CaBr2-CdI2-NM,0.2615046416933384
CaCl2-CdI2-NM,0.6366883410817642
CaI2-CdI2-NM,0.21714133209325373
CdBr2-CdI2-NM,0.24795432085107744
CdCl2-CdI2-NM,0.3291052627200755
CdI2-CdI2-NM,0.23150434717015073
CoBr2-CdI2-FM,1.830962649126075
CoCl2-CdI2-FM,1.6925756156778404
FeBr2-CdI2-NM,0.5185173984578
FeCl2-CdI2-NM,0.6496882767778739
FeI2-CdI2-NM,0.4140233302987017
HgBr2-CdI2-NM,0.2738272435150202
HgCl2-CdI2-NM,0.36459945648362535
HgI2-CdI2-NM,0.25691576064581395
MgBr2-CdI2-NM,0.21619548264582383
MgCl2-CdI2-NM,0.2859824541392211
MgI2-CdI2-NM,0.17149865591582822
MnBr2-CdI2-FM,0.35077189324907737
MnCl2-CdI2-FM,0.4631500053502957
MnI2-CdI2-FM,0.296086911206022
NiBr2-CdI2-FM,0.34460043794360584
NiCl2-CdI2-FM,0.5340260135086319
OsBr2-CdI2-NM,0.2824747202329955
OsCl2-CdI2-NM,0.3604169721792019
OsI2-CdI2-NM,0.20782264764306352
PbBr2-CdI2-NM,2.837158576446945
PbCl2-CdI2-NM,25.952472456033853
PbI2-CdI2-NM,0.5905138710177311
PdBr2-CdI2-FM,0.4003615612883308
PdCl2-CdI2-FM,0.5999992691354161
PtBr2-CdI2-FM,0.4210645607540971
PtCl2-CdI2-FM,0.7231980574762177
RuBr2-CdI2-NM,0.34893172405677025
RuCl2-CdI2-NM,0.4643599383126061
RuI2-CdI2-NM,0.26093178433123043
SnBr2-CdI2-NM,2.3738240574763063
SnCl2-CdI2-NM,3.28954629641087
SnI2-CdI2-NM,4.055623185989775
SrBr2-CdI2-NM,0.4014985116894775
SrCl2-CdI2-NM,0.5591322942111131
SrI2-CdI2-NM,0.22079364097401388
VBr2-CdI2-FM,0.6304778564418828
VCl2-CdI2-FM,0.7875782715133236
VI2-CdI2-FM,0.49996297569964154
ZnBr2-CdI2-NM,0.2212312067097354
ZnCl2-CdI2-NM,0.31385218510164825
ZnI2-CdI2-NM,0.17951657692429182
I2Sb-CdI2-FM,0.41243592641334587
BaBr2-MoS2-NM,2.451629292398956
BaCl2-MoS2-NM,1.3583591737633418
BaI2-MoS2-NM,0.9724780584312073
Br2Ge-MoS2-NM,0.8593648353255025
CaBr2-MoS2-NM,2.422671265680524
CaCl2-MoS2-NM,1.9959491828201699
CaI2-MoS2-NM,1.5022179500328126
CdBr2-MoS2-NM,0.2314926785172168
CdCl2-MoS2-NM,0.31211290477802944
CdI2-MoS2-NM,0.1768784660041687
Cl2Ge-MoS2-NM,1.1209939410678693
HfBr2-MoS2-NM,0.36894642781712345
HfCl2-MoS2-NM,0.49816920241198426
HfI2-MoS2-NM,0.16801847992111657
HgBr2-MoS2-NM,0.24753544903268024
HgCl2-MoS2-NM,0.3430533894415103
HgI2-MoS2-NM,0.18236362873576176
MgBr2-MoS2-NM,0.20770539729776202
MgCl2-MoS2-NM,0.27457699433445193
MgI2-MoS2-NM,0.16357516329292704
PbBr2-MoS2-NM,1.590178593087764
PbCl2-MoS2-NM,1.878067947554954
PbI2-MoS2-NM,0.24402187274222878
SnBr2-MoS2-NM,1.0414058272388935
SnCl2-MoS2-NM,1.3144518085434074
SnI2-MoS2-NM,0.6828448102988909
SrBr2-MoS2-NM,0.4513123496628196
SrCl2-MoS2-NM,0.5657680831321729
SrI2-MoS2-NM,1.311921169989721
TiBr2-MoS2-NM,0.3565797908249067
TiCl2-MoS2-NM,3.0765663351517785
TiI2-MoS2-NM,0.28149402293492803
ZnBr2-MoS2-NM,0.19427498267740897
ZnCl2-MoS2-NM,0.26847341661653423
ZnI2-MoS2-NM,0.1494742122839837
ZrBr2-MoS2-NM,0.7079771626794557
ZrCl2-MoS2-NM,0.9764946568939431
ZrI2-MoS2-NM,0.2335490166640057
Ag2Cl6-BiI3-AFM,3.2567185690842098
Ag2Cl6-BiI3-FM,1.8535954943028876
Al2Br6-BiI3-NM,0.48659026305320424
Al2Cl6-BiI3-NM,0.6376411717741909
Al2I6-BiI3-NM,0.3129418698241028
As2Br6-BiI3-NM,2.7649176846262633
As2I6-BiI3-NM,0.32912027119211223
Au2Br6-BiI3-AFM,4.982695411384276
Au2Br6-BiI3-FM,1.026785547976767
Au2Cl6-BiI3-AFM,10.487571717494435
Au2Cl6-BiI3-FM,1.6138513076405936
Bi2Cl6-BiI3-NM,1.628269580022636
Bi2I6-BiI3-NM,0.39296123769214947
Br6Sb2-BiI3-NM,2.2626522374545894
Co2Cl6-BiI3-NM,2.3082852860688075
Co2I6-BiI3-NM,0.7418072742384463
Cr2Br6-BiI3-AFM,2.2028965687042503
Cr2Br6-BiI3-FM,2.458368423570458
Cr2Cl6-BiI3-AFM,3.6998262624229032
Cr2Cl6-BiI3-FM,1.8568257748180224
Cr2I6-BiI3-AFM,0.45022109342545424
Cr2I6-BiI3-FM,0.6293961163111834
Cu2Br6-BiI3-AFM,3.3923606035771527
Cu2Cl6-BiI3-AFM,1.835892990776656
Cu2Cl6-BiI3-FM,1.7426372438084141
Fe2Br6-BiI3-FM,0.25918520367199577
Fe2Cl6-BiI3-FM,0.37773089062458964
Fe2I6-BiI3-AFM,0.5001455874699005
Ga2Br6-BiI3-NM,0.6109394545393093
Ga2Cl6-BiI3-NM,0.7479777248205761
Ga2I6-BiI3-NM,0.31494961574895963
I6Sb2-BiI3-NM,0.9228971735139625
In2Br6-BiI3-NM,0.4609891001573985
In2Cl6-BiI3-NM,0.758580951666071
In2I6-BiI3-NM,0.5851281130837518
Ir2Br6-BiI3-NM,1.2343255059152418
Ir2Cl6-BiI3-NM,1.5548772435286762
Ir2I6-BiI3-NM,1.6130185639858867
Mn2Cl6-BiI3-FM,3.6309279883904533
Mn2I6-BiI3-AFM,2.128603476376873
Mo2Br6-BiI3-AFM,3.526661765669465
Mo2Cl6-BiI3-AFM,1.483590391061211
Mo2I6-BiI3-AFM,2.523224076609282
Mo2I6-BiI3-FM,0.8380858159970079
Pd2I6-BiI3-FM,0.4070705025258045
Rh2Br6-BiI3-NM,1.6720624285347925
Rh2Cl6-BiI3-NM,1.424846260258542
Rh2I6-BiI3-NM,1.09136928837556
Ru2I6-BiI3-FM,0.5023923896479319
Sc2Br6-BiI3-NM,0.9689328197497775
Sc2Cl6-BiI3-NM,0.8511372530420508
Tl2Br6-BiI3-NM,0.5026435442567535
Tl2Cl6-BiI3-NM,0.8058372143717577
Tl2I6-BiI3-NM,0.5852311634382591
W2Br6-BiI3-AFM,0.6832431214536109
W2Cl6-BiI3-AFM,0.7353283524871591
W2Cl6-BiI3-NM,0.4694012738236369
W2I6-BiI3-AFM,1.9839965344022397
W2I6-BiI3-FM,0.7924010407625744
Y2Br6-BiI3-NM,0.8396316727516641
Y2Cl6-BiI3-NM,0.9197762249226277
Y2I6-BiI3-NM,0.7188305738801074
Al2Br6-TiCl3-NM,0.4787592637185492
Al2Cl6-TiCl3-NM,1.1833357406928635
Bi2Br6-AgBr3-NM,0.6892974869897226
Bi2Cl6-AgBr3-NM,0.4778493433792597
Bi2I6-TiCl3-NM,0.3906836003468602
Cr2Br6-TiCl3-AFM,1.1440662932311874
Cr2Br6-TiCl3-FM,0.8601014678975016
Cr2Cl6-TiCl3-FM,1.5178535124022847
Cr2I6-TiCl3-AFM,0.7207071794726027
Fe2Br6-TiCl3-AFM,1.3405402002004068
Fe2Cl6-AgBr3-AFM,1.1875912506840314
Fe2Cl6-TiCl3-FM,1.047577562433182
Ga2Br6-TiCl3-NM,0.4690160263417715
Ga2Cl6-TiCl3-NM,0.5764454326972998
In2Br6-TiCl3-NM,0.4560008363509607
In2Cl6-AgBr3-NM,0.45701552477605123
In2I6-TiCl3-NM,0.3951851003701551
Mo2Br6-TiCl3-AFM,0.3388712297461526
Mo2Cl6-TiCl3-AFM,0.22107405420419127
Mo2Cl6-TiCl3-NM,0.2169844050609194
Mo2I6-TiCl3-AFM,0.26655640029310107
Re2I6-AgBr3-AFM,0.8067944286632076
Re2I6-AgBr3-NM,1.112022362462834
Rh2Br6-Undefined-NM,1.6250340538312882
Sc2Br6-TiCl3-NM,1.148621219165115
Sc2Cl6-AgBr3-NM,0.7350918200889116
Sc2I6-TiCl3-NM,0.7360704027347954
Ti2Br6-TiCl3-AFM,9.034705871083828
Ti2Br6-TiCl3-FM,0.32977440822227033
Ti2Cl6-TiCl3-AFM,5.331833016605591
Ti2I6-TiCl3-AFM,3.449916309328576
Ti2I6-TiCl3-FM,0.5869179043069997
Tl2Br6-TiCl3-NM,0.5162093381385812
Tl2Cl6-AgBr3-NM,0.4506736765732047
Tl2I6-TiCl3-NM,0.4769733604927681
W2Br6-TiCl3-NM,0.07585579028790723
W2Cl6-TiCl3-NM,0.20749975584826608
W2I6-TiCl3-AFM,0.4515617478725878
W2I6-TiCl3-NM,0.25681922838657
Y2Br6-AgBr3-NM,0.4983248350742525
Y2Cl6-AgBr3-NM,0.6825936812687176
Y2I6-TiCl3-NM,0.7415245037492547
Cr2CF2-Ti2CO2-AFM,5.182356214111588
Sc2CF2-Ti2CO2-NM,0.15105601151462983
Y2CF2-Ti2CO2-NM,0.14322995231771854
Cr2CH2O2-Ti2CH2O2-AFM,2.0952318414070787
Sc2CH2O2-Ti2CH2O2-NM,0.29167410609948086
Y2CH2O2-Ti2CH2O2-NM,0.24919077331607317
Hf2CO2-Ti2CO2-NM,0.12341575384135725
Mn2CO2-Ti2CO2-AFM,1.0459721309075256
Mn2CO2-Ti2CO2-FM,0.05525395135723443
Ti2CO2-Ti2CO2-NM,0.08018542249803255
Zr2CO2-Ti2CO2-NM,0.1518111700391964
Ti2C-CdI2-AFM,0.2375139759747324
Zr2C-CdI2-AFM,0.1617929915636783
Hf3C2O2-Ti3C2O2-NM,0.10302297182213611
Zr3C2O2-Ti3C2O2-NM,1.744698281047859
CrSeTe-MoSSe-NM,0.5312594742838878
CrSSe-MoSSe-NM,0.4859320084633907
CrSTe-MoSSe-NM,0.6906496975510183
HfBrCl-MoSSe-NM,0.44575404305736044
HfBrI-MoSSe-NM,0.31778305632255965
HfClI-MoSSe-NM,0.3915743292103411
HfSeTe-MoSSe-NM,0.08751937146500217
HfSSe-MoSSe-NM,0.27178653276705267
MoSeTe-MoSSe-NM,0.3163284119558677
MoSSe-MoSSe-NM,0.267977727663571
MoSTe-MoSSe-NM,0.4035572578646225
TiBrCl-MoSSe-NM,0.3855900253993157
TiBrI-MoSSe-NM,0.34568227364042475
TiClI-MoSSe-NM,0.43250313048984423
TiSSe-MoSSe-NM,0.2920735279573265
WSeTe-MoSSe-NM,0.23305743483582214
WSSe-MoSSe-NM,0.19888077942799223
WSTe-MoSSe-NM,0.4087127573679121
ZrBrCl-MoSSe-NM,0.8083620452546955
ZrBrI-MoSSe-NM,0.5559068808646018
ZrClI-MoSSe-NM,0.5999548363662668
ZrSSe-MoSSe-NM,0.5027383258507439
ZrSTe-MoSSe-NM,0.3389341057029741
AsClTe-MoSSe-NM,0.30704211112275215
BiBrS-MoSSe-NM,0.4088125146993996
BiClS-MoSSe-NM,0.6189992986540787
BiClSe-MoSSe-NM,0.3875665375013558
BrSSb-MoSSe-NM,0.41003413937589306
ClSbSe-MoSSe-NM,0.5490192159369809
BrSbTe-MoSSe-NM,1.9440128139513784
ClSSb-MoSSe-NM,0.6003114057775528
ISbSe-MoSSe-NM,0.19483205651433236
ClSbTe-MoSSe-NM,0.2560096796665397
BiBrTe-MoSSe-NM,0.10706179150768376
BiITe-MoSSe-NM,0.11827172253247822
BrSbSe-MoSSe-NM,0.3796856329668775
ISSb-MoSSe-NM,0.20228755089473796
ISbTe-MoSSe-NM,0.17797866209064514
AsBrS-MoSSe-NM,0.33964050459653833
AsClS-MoSSe-NM,0.40495054457916696
AsBrSe-MoSSe-NM,0.3243321718183345
AsClSe-MoSSe-NM,0.36300047327684143
AsISe-MoSSe-NM,0.17417338316145917
AsIS-MoSSe-NM,0.17817367979275106
AsBrTe-MoSSe-NM,0.2941825249308805
AsITe-MoSSe-NM,0.2053834915791834
BiBrSe-MoSSe-NM,0.29084488916338425
Ge2S2-SnS-NM,0.2702129796637227
Ge2Se2-SnS-NM,0.06908742705728865
Ge2Te2-SnS-NM,0.02496580220190021
P4-P-NM,0.06712766072217888
Pb2S2-PbS-NM,0.06336384452855162
Pb2Se2-PbS-NM,0.039155465601086424
Pb2Te2-PbS-NM,0.020174093316688867
S2Si2-SnS-NM,0.14522378681862178
Se2Si2-SnS-NM,0.18228203645475485
Si2Te2-SnS-NM,0.020988412170918104
Sn2Se2-SnS-NM,0.059242011086143555
Sn2Te2-PbS-NM,0.02175012602918043
As4-P-NM,0.09852688143800867
Pb2Se2-PbSe-NM,0.08974459356503475
Pb2Te2-PbSe-NM,0.03845703878325249
Cd2S4-PdS2-NM,0.3378108713507243
Cd2Se4-WTe2-NM,0.16541216163071312
Cd2Te4-WTe2-NM,0.29380318117822574
Co2Se4-PdS2-AFM,0.7084569736404118
Co2Se4-PdS2-FM,0.2993296043286522
Co2Te4-PdS2-AFM,0.4988893051915878
Co2Te4-PdS2-FM,1.7971543018277438
In2S4-Undefined-NM,0.412622776786498
Mn2S4-MnS2-AFM,0.30470720088831316
Ni2S4-PdS2-NM,0.892703044952624
Ni2Se4-PdS2-NM,0.5178934247156075
Ni2Te4-PdS2-NM,0.22007125271551523
Os2S4-MnS2-NM,0.010555710657575004
Pb2S4-WTe2-NM,0.10747962154201207
Pb2Se4-WTe2-NM,0.07424024554452167
Pb2Te4-WTe2-NM,0.07296574440830438
Pd2S4-PdS2-NM,0.44945789939476993
Pd2Se4-PdS2-NM,0.4095765294186717
Pd2Te4-PdS2-NM,0.32701856378185445
Pt2S4-PdS2-NM,0.33790631016287676
Pt2Se4-PdS2-NM,0.36357599815424324
Pt2Te4-PdS2-NM,0.29850844008654037
Sn2Se4-WTe2-NM,0.11937330819345696
Zn2S4-PdS2-NM,0.5193518767098503
Zn2Se4-PdS2-NM,0.5074487402420086
Zn2Te4-PdS2-NM,0.5817444549368153
Co4S8-ReS2-NM,0.8746320489103142
In4Br8-Undefined-NM,0.8258198362955353
Ir4S8-ReS2-NM,0.5548295201840463
Ir4Se8-ReS2-NM,0.8209133237015952
Ir4Te8-ReS2-NM,0.7341424703962904
Nb4O8-Undefined-NM,0.5956758085668018
Re4O8-ReS2-NM,0.40309089925056996
Re4S8-ReS2-NM,0.35610063843735507
Re4Se8-ReS2-NM,0.4689036718422657
Re4Te8-ReS2-NM,0.9047295928844413
Rh4S8-ReS2-NM,0.7596514724333913
Rh4Se8-ReS2-NM,0.7468005069450515
Ta4O8-Undefined-NM,1.2998237900972436
AuSe2-MoS2-NM,1.3880929653220846
CrO2-MoS2-NM,0.5032842025696905
CrS2-MoS2-NM,0.43846780110794475
CrSe2-MoS2-NM,0.4723799250432075
CrTe2-MoS2-NM,0.4380930685685653
CuS2-CdI2-NM,1.445666114051916
CuS2-MoS2-NM,0.5422332841006708
FeO2-MoS2-FM,0.5869028272168222
GeO2-CdI2-NM,1.7226441258869116
GeS2-CdI2-NM,0.117218743545295
GeSe2-CdI2-NM,0.0976168294220445
GeSe2-MoS2-NM,0.0909652365161008
GeTe2-CdI2-NM,0.06624137183185524
HfO2-CdI2-NM,0.8347067763854699
HfS2-CdI2-NM,0.16570639061297307
HfS2-MoS2-NM,0.704945894874298
HfSe2-CdI2-NM,0.10605452325054075
HfSe2-MoS2-NM,0.20917312334286445
HfTe2-CdI2-NM,0.012435970140176096
HfTe2-MoS2-NM,0.06961417428709842
HgTe2-CdI2-NM,0.7924368115475646
HgTe2-MoS2-NM,0.0789096370940406
MnO2-CdI2-FM,1.3006697683269317
MnO2-MoS2-FM,0.13802227589070654
MoO2-MoS2-NM,0.6282358677391225
MoS2-MoS2-NM,0.23644948943512778
MoSe2-MoS2-NM,0.2668923125231806
MoTe2-MoS2-NM,0.26997920880612286
NbO2-MoS2-FM,6.324197930128394
NbS2-CdI2-NM,0.05150868402241112
NbS2-MoS2-FM,0.8245276073805703
NbTe2-CdI2-NM,0.18952893656010342
NiO2-CdI2-NM,0.5878644542807768
NiS2-CdI2-NM,0.12751223639682116
NiSe2-CdI2-NM,0.9879819722923865
NiSe2-MoS2-NM,0.6526417770583275
NiTe2-CdI2-NM,0.13534433597404785
PbO2-CdI2-NM,0.39840429472569905
PbO2-MoS2-NM,0.34472883096238305
PbS2-CdI2-NM,0.17937069345425535
PbS2-MoS2-NM,0.23617273456037488
PbSe2-CdI2-NM,0.16030658355387803
PbSe2-MoS2-NM,0.16695994081796067
PdO2-CdI2-NM,0.5055128619773815
PdS2-CdI2-NM,0.15964062143832608
PdSe2-CdI2-NM,0.11635185969925306
PdSe2-MoS2-NM,1.2048803161564932
PdTe2-CdI2-NM,0.5051188039533736
PtO2-CdI2-NM,0.5276015833653911
PtS2-CdI2-NM,0.2551090533666515
PtSe2-CdI2-NM,0.16613029007285934
PtTe2-CdI2-NM,0.0998959064811934
ScO2-MoS2-FM,22.88387117109554
ScS2-CdI2-NM,0.25856541086067625
ScS2-MoS2-FM,45.658161966249956
ScSe2-MoS2-FM,6.342331481706502
ScTe2-CdI2-NM,3.8032895126467103
SnO2-CdI2-NM,0.4029643919028759
SnO2-MoS2-NM,0.31417150536044386
SnS2-CdI2-NM,0.15585048829218587
SnS2-MoS2-NM,0.13145795521801196
SnSe2-CdI2-NM,0.13382504125099018
SnSe2-MoS2-NM,0.09686185593234097
SnTe2-CdI2-NM,0.08312299439383168
TaS2-CdI2-NM,0.07519706333708295
TaSe2-CdI2-NM,0.03636875160343107
TaTe2-CdI2-NM,0.06384140726085344
TiO2-CdI2-NM,0.3507815899354728
TiS2-CdI2-NM,0.06561027936889642
TiS2-MoS2-NM,0.6532228867685586
TiSe2-MoS2-NM,0.5690036732232001
TiTe2-CdI2-NM,0.30608704083783794
TiTe2-MoS2-NM,1.5142265973383355
VO2-MoS2-FM,5.189868138184237
VS2-CdI2-FM,0.23113773694987266
VS2-MoS2-FM,0.3058758827735862
VSe2-CdI2-NM,0.3869621865347388
VSe2-MoS2-FM,0.38277729837344343
VTe2-MoS2-FM,0.3800872738395697
WO2-MoS2-NM,0.6087666499593574
WS2-MoS2-NM,0.16610765433354294
WSe2-MoS2-NM,0.18569119422211366
WTe2-MoS2-NM,0.16019654310959952
ZrO2-CdI2-NM,0.41579265795645154
ZrS2-CdI2-NM,0.16411784642582364
ZrS2-MoS2-NM,0.48324905175391203
ZrSe2-CdI2-NM,0.10066068340180229
ZrSe2-MoS2-NM,0.4739167157195267
ZrTe2-CdI2-NM,0.040048687716276635
ZrTe2-MoS2-NM,0.08533445232256018
Cr2Mo2S8-CrWS4-NM,0.40275926481543434
Cr2Mo2Se8-CrWS4-NM,0.4193509145453424
Cr2Mo2Te8-CrWS4-NM,0.38006647866658644
Cr2W2S8-CrWS4-NM,0.35993455211894665
Cr2W2Se8-CrWS4-NM,0.35508209581112293
Cr2W2Te8-CrWS4-NM,0.32765770074990463
Cr3MoS8-CrW3S8-NM,0.39037434118613074
Cr3MoSe8-CrW3S8-NM,0.41416189324740105
Cr3WS8-CrW3S8-NM,0.3728507889972282
Cr3WSe8-CrW3S8-NM,0.38806269474530003
Cr3WTe8-CrW3S8-NM,0.33376047639227524
CrMo3S8-CrW3S8-NM,0.30420631538198356
CrMo3Se8-CrW3S8-NM,0.3279349547616048
CrMo3Te8-CrW3S8-NM,0.2996050687313473
CrW3S8-CrW3S8-NM,0.25139413610818767
CrW3Se8-CrW3S8-NM,0.25255465920729053
CrW3Te8-CrW3S8-NM,0.1933509136417436
Mo2W2S8-CrWS4-NM,0.20978120023018898
Mo2W2Se8-CrWS4-NM,0.23733428693456504
Mo2W2Te8-CrWS4-NM,0.22650764612670324
Mo3WS8-CrW3S8-NM,0.23585282548763092
Mo3WSe8-CrW3S8-NM,0.24277669011859518
Mo3WTe8-CrW3S8-NM,0.2308452076648159
MoW3S8-CrW3S8-NM,0.18328599541470011
MoW3Se8-CrW3S8-NM,0.2129036963742244
MoW3Te8-CrW3S8-NM,0.19170987565621844
Hf2Ti2S8-CrWS4-NM,0.7366604672315619
Hf2Ti2Se8-CrWS4-NM,0.44825142050982675
Ti2Zr2S8-CrWS4-NM,0.7504551416216648
Ti2Zr2Se8-CrWS4-NM,0.423331275994771
HfTi3S8-CrW3S8-NM,0.5271190055900162
HfTi3Se8-CrW3S8-NM,0.36436049295932516
Ti3ZrS8-CrW3S8-NM,0.5145380282004223
Ti3ZrSe8-CrW3S8-NM,0.3639333142923416
Hf3TiS8-CrW3S8-NM,0.6909375992410398
Hf3TiSe8-CrW3S8-NM,0.35812361299217055
Hf3TiTe8-CrW3S8-NM,0.12210756312954438
TiZr3S8-CrW3S8-NM,0.63660961408322
TiZr3Se8-CrW3S8-NM,0.37291133380483843
TiZr3Te8-CrW3S8-NM,0.1343649418563526
Hf2Zr2S8-CrWS4-NM,0.801370469221752
Hf2Zr2Se8-CrWS4-NM,0.3545257002820478
Hf2Zr2Te8-CrWS4-NM,0.1330074883225765
HfZr3S8-CrW3S8-NM,0.5580926489406467
HfZr3Se8-CrW3S8-NM,0.3555687839397095
HfZr3Te8-CrW3S8-NM,0.14765760436936082
Hf3ZrS8-CrW3S8-NM,0.5714578696233988
Hf3ZrSe8-CrW3S8-NM,0.3362270350349306
Hf3ZrTe8-CrW3S8-NM,0.12223843527667382
Al2Br2O2-FeOCl-NM,0.15526759736549894
Al2Br2S2-FeOCl-NM,0.1114565766627926
Al2Br2Se2-FeOCl-NM,0.09054267197880032
Al2Cl2O2-FeOCl-NM,0.187973087031941
Al2Cl2S2-FeOCl-NM,0.10945156412449535
Al2Cl2Se2-FeOCl-NM,0.08936805510438282
Al2I2O2-FeOCl-NM,0.2508859608796473
Al2I2S2-FeOCl-NM,0.10381615786328774
Al2I2Se2-FeOCl-NM,0.0941556628897403
Bi2Br2S2-FeOCl-NM,0.07545577060150942
Bi2Br2Se2-FeOCl-NM,0.04866379800665163
Bi2Cl2O2-FeOCl-NM,0.48133056859343937
Bi2Cl2S2-FeOCl-NM,0.06647919092905502
Bi2Cl2Se2-FeOCl-NM,0.04342262989716557
Bi2I2O2-FeOCl-NM,0.43036782727544604
Bi2I2S2-FeOCl-NM,0.09747578578314467
Br2Ge2N2-FeOCl-NM,0.1580664557265646
Cl2Ge2N2-FeOCl-NM,0.14228414786755184
Cr2Br2O2-FeOCl-AFM,0.19192484346447192
Cr2Br2O2-FeOCl-FM,0.18194749371952748
Cr2Br2S2-FeOCl-AFM,0.05850118016546698
Cr2Br2S2-FeOCl-FM,0.11481026051432885
Cr2Br2Se2-FeOCl-AFM,0.02495741573927974
Cr2Br2Se2-FeOCl-FM,0.039557931946887476
Cr2Cl2O2-FeOCl-AFM,0.20417691317467634
Cr2Cl2O2-FeOCl-FM,0.18489714389505194
Cr2Cl2S2-FeOCl-AFM,0.05723424208362967
Cr2Cl2S2-FeOCl-FM,0.0987511315550742
Cr2Cl2Se2-FeOCl-AFM,0.026367459392694113
Cr2Cl2Se2-FeOCl-FM,0.10385978624443773
Cr2I2O2-FeOCl-AFM,0.24240795401849735
Cr2I2O2-FeOCl-FM,0.21776847212919856
Cr2I2S2-FeOCl-AFM,0.0659267722096891
Cr2I2S2-FeOCl-FM,0.15264862130458906
Cr2I2Se2-FeOCl-AFM,0.02388207580340989
Ga2Br2O2-FeOCl-NM,0.1464892954275791
Ga2Br2S2-FeOCl-NM,0.12003856607183562
Ga2Br2Se2-FeOCl-NM,0.09915367018829728
Ga2Cl2O2-FeOCl-NM,0.1793835423734095
Ga2Cl2S2-FeOCl-NM,0.11678326556461958
Ga2Cl2Se2-FeOCl-NM,0.1055818401270371
Ga2I2O2-FeOCl-NM,0.12813128862822437
Ga2I2S2-FeOCl-NM,0.11235417094631564
Ga2I2Se2-FeOCl-NM,0.10916168709457968
Hf2Br2N2-FeOCl-NM,0.1617435327904143
Hf2Cl2N2-FeOCl-NM,0.17829704658125645
Hf2I2N2-FeOCl-NM,0.11490907216746954
In2Br2O2-FeOCl-NM,0.18417465450089307
In2Br2S2-FeOCl-NM,0.17193659102877032
In2Br2Se2-FeOCl-NM,0.1306231038953988
In2Cl2O2-FeOCl-NM,0.26535993716647593
In2Cl2S2-FeOCl-NM,0.17438584167569865
In2Cl2Se2-FeOCl-NM,0.12911402133092426
In2I2O2-FeOCl-NM,0.16085261027732933
In2I2S2-FeOCl-NM,0.14578119619267932
In2I2Se2-FeOCl-NM,0.13491200288032773
Ir2Br2O2-FeOCl-NM,0.13790351974916662
Ir2Br2S2-FeOCl-NM,0.09194923077210317
Ir2Cl2O2-FeOCl-NM,0.14675998569732487
Ir2Cl2S2-FeOCl-NM,0.0840904196404701
Ir2I2S2-FeOCl-NM,0.09635217882367039
Mn2Br2N2-FeOCl-AFM,0.19908585831400216
Mn2Cl2N2-FeOCl-AFM,0.13433947563527954
Mn2Cl2N2-FeOCl-FM,0.1164430872075432
Pt2Br2N2-FeOCl-NM,0.1399381131064405
Pt2Cl2N2-FeOCl-NM,0.07341894378272004
Sc2Br2O2-FeOCl-NM,0.3087299688525467
Sc2Br2S2-FeOCl-NM,0.19290359828822987
Sc2Br2Se2-FeOCl-NM,0.16464874647986713
Sc2Cl2O2-FeOCl-NM,0.38094854939181094
Sc2Cl2S2-FeOCl-NM,0.20713204783858818
Sc2Cl2Se2-FeOCl-NM,0.16580639621166526
Sc2I2O2-FeOCl-NM,0.23250442985873865
Sc2I2S2-FeOCl-NM,0.22060301648914754
Sc2I2Se2-FeOCl-NM,0.13686309786040912
Sn2Br2N2-FeOCl-NM,0.14267718724112313
Sn2Cl2N2-FeOCl-NM,0.1472710569080602
Sn2I2N2-FeOCl-NM,0.1141198664678077
Ti2Br2N2-FeOCl-NM,0.07605257471357622
Ti2Cl2N2-FeOCl-NM,0.08324667921568395
Ti2I2N2-FeOCl-NM,0.011024588263422695
Tl2Br2O2-FeOCl-NM,0.18624240453701504
Tl2Cl2O2-FeOCl-NM,0.30455029164340236
Tl2I2O2-FeOCl-NM,0.17200794506996914
Tl2I2S2-FeOCl-NM,0.11340252321003023
Zr2Br2N2-FeOCl-NM,0.15740667690769658
Zr2Cl2N2-FeOCl-NM,0.16354242968345478
Zr2I2N2-FeOCl-NM,0.12351841562718048
Al2O2-GaS-NM,0.20475556720241966
Al2S2-GaS-NM,0.4716307068413995
Al2Se2-GaS-NM,0.36373714099325843
Al2Te2-GaS-NM,0.17256630234441533
Bi2O2-GaS-NM,0.13442703141942455
Ga2O2-GaS-NM,0.532222233047696
Ga2S2-GaS-NM,0.28767370283800253
Ga2Se2-GaS-NM,0.1944959350856126
Ga2Te2-GaS-NM,0.13168522502365704
In2O2-GaS-NM,0.4867299472530384
In2S2-GaS-NM,0.2939636675927497
In2Se2-GaS-NM,0.20080339433008526
In2Te2-GaS-NM,0.136494331774697
Ir2O2-GaS-NM,0.08859898374205236
Ir2S2-GaS-NM,0.01574621051156174
Rh2O2-GaS-NM,0.039807662612503965
Sc2S2-GaS-NM,0.1882292919830701
Sc2Se2-GaS-NM,0.22597649751645724
Sc2Te2-GaS-NM,0.22422583695171364
Ti2Te2-GaS-NM,0.17865546576197194
Tl2S2-GaS-NM,0.29530910649114916
Tl2Se2-GaS-NM,0.18218880087896303
Tl2Te2-GaS-NM,0.09013008684881248
V2O2-GaS-AFM,0.51253831700863
V2S2-GaS-NM,0.2414535750923121
V2Se2-GaS-NM,0.2932846286982758
V2Te2-GaS-NM,0.30389604906820483
Zr2Se2-GaS-NM,0.27121113526351515
Zr2Te2-GaS-NM,0.14245457113026333
Hf2O6-TiS3-NM,0.5187610282438537
Hf2S6-TiS3-NM,0.2099580836704589
Hf2Se6-TiS3-NM,0.10925464819504552
Pb2Te6-Undefined-NM,0.4465468336133357
Ru2Se6-VTe3-NM,0.07177378907946105
Ti2O6-TiS3-NM,0.8981088099966817
Ti2S6-TiS3-NM,0.25277750911670543
Zr2O6-TiS3-NM,1.0544792981152176
Zr2S6-TiS3-NM,0.2630780422600452
Zr2Se6-TiS3-NM,0.11572386813550964
Cr2Br4-WTe2-AFM,0.755093687922424
Cr2Br4-WTe2-FM,0.5778673567966048
Fe2S4-WTe2-NM,1.6364009733262699
Fe2Se4-WTe2-NM,1.5299861372704473
Fe2Te4-WTe2-NM,0.35991254631751585
Hf2Br4-WTe2-NM,0.16179702086631614
Hf2Cl4-WTe2-NM,0.14784295545538997
Hf2I4-WTe2-NM,0.1775882600340931
Mn2Cl4-CdI2-FM,0.7023169614266517
Mn2S4-WTe2-AFM,0.14962286951108977
Mo2S4-WTe2-NM,0.047634402236892325
Mo2Se4-WTe2-NM,0.024464022108996033
Os2O4-WTe2-NM,0.08626222639202379
Os2S4-WTe2-NM,0.38591627154666774
Os2Se4-WTe2-NM,0.5975314898510319
Os2Te4-WTe2-NM,0.7208667832281009
Rh2Cl4-WTe2-AFM,0.7275174675133624
Rh2Cl4-WTe2-FM,0.6399226696269035
Ru2S4-WTe2-NM,1.0618195689011478
Ru2Se4-WTe2-NM,0.6726312047105375
Ru2Te4-WTe2-NM,0.7944972499148728
Ti2Cl4-WTe2-NM,0.4092196439886864
Ti2I4-WTe2-NM,0.15543430862396573
Ti2O4-WTe2-NM,0.38086976738066514
V2Cl4-CdI2-AFM,1.035462167803894
V2I4-CdI2-AFM,0.8968984197507711
W2Se4-WTe2-NM,0.036237039484480364
Zr2Br4-WTe2-NM,0.1948249051376725
Zr2Cl4-WTe2-NM,0.17512063330770042
Zr2I4-WTe2-NM,0.22923222999390602
C2F2-CH-NM,0.2616642360717009
