Ag2O2-AuSe-NM,1.6945587901993462
Ag2S2-AuSe-NM,9.279007186467481
Ag2Se2-AuSe-NM,1.0362708020366997
Ag2Te2-AuSe-NM,1.1435594326929572
Au2O2-AuSe-NM,2.1850554213321898
Au2S2-AuSe-NM,4.209252973528235
Au2Se2-AuSe-NM,0.9981720125592399
Au2Te2-AuSe-NM,0.5787106125656167
Cu2S2-AuSe-NM,5.662247676647711
Cu2Se2-AuSe-NM,0.9388800516212371
AlAs-BN-NM,0.7261034700410525
AlN-BN-NM,1.511246332286488
AlSb-GeSe-NM,0.8184381871077391
AsB-BN-NM,0.1531659198120512
BN-BN-NM,0.6414687577061373
BP-BN-NM,0.17923562496471493
BSb-BN-NM,0.07332121741028605
GaAs-GeSe-NM,0.6382744711742228
GaN-BN-NM,1.316556869004934
GaP-GeSe-NM,0.6744105202704724
GeO-GeSe-NM,1.3256932244183135
GeS-GeSe-NM,3.521250354862005
GeSe-GeSe-NM,0.3058461253043125
GeTe-GeSe-NM,0.16372753706214738
HgO-BN-NM,0.5856225320725432
InAs-GeSe-NM,0.09696273172299959
InN-BN-NM,1.4524230957962623
InP-GeSe-NM,0.7991018633929324
InSb-GeSe-NM,0.0705544568280191
PbO-GeSe-NM,6.313283636225867
PbS-GeSe-NM,47.30318868123888
PbSe-GeSe-NM,1.723050065170683
PbTe-GeSe-NM,0.1923396678254872
SnO-GeSe-NM,1.2070217639339875
SnS-GeSe-NM,5.397993054014798
SnSe-GeSe-NM,4.090740088198489
SnTe-GeSe-NM,0.1932097602279991
AsBrS-BiTeI-NM,0.7408816034781922
AsClS-BiTeI-NM,0.8249476522431508
AsBrSe-BiTeI-NM,1.0191856857138701
AsClSe-BiTeI-NM,0.828844655085647
AsISe-BiTeI-NM,8.344444288954615e-54
AsIS-BiTeI-NM,0.28486233624726803
AsBrTe-BiTeI-NM,1.3740692077603327
AsClTe-BiTeI-NM,1.0038584475202015
AsITe-BiTeI-NM,0.998232663446168
BiBrS-BiTeI-NM,1.1786593749653274
BiClS-BiTeI-NM,2.0411285216144606
BiBrSe-BiTeI-NM,1.0144713018541311
BiClSe-BiTeI-NM,1.3957639329888618
BiISe-BiTeI-NM,11.39005086053874
BiIS-BiTeI-NM,0.33435483580944775
BiBrTe-BiTeI-NM,1.01690565646856
BiClTe-BiTeI-NM,0.3082980158406287
BiITe-BiTeI-NM,0.8422691509586618
BrSSb-BiTeI-NM,0.9261605712433156
ClSSb-BiTeI-NM,1.0831761862773404
BrSbSe-BiTeI-NM,0.8790401176652719
ClSbSe-BiTeI-NM,1.0136173982292955
ISbSe-BiTeI-NM,0.8814383355383777
ISSb-BiTeI-NM,1.2912531895869284
BrSbTe-BiTeI-NM,1.0709620288407669
ClSbTe-BiTeI-NM,1.2489976148077342
ISbTe-BiTeI-NM,2.6577030288887884
ZrSSe-BiTeI-NM,0.19616484297214712
BiCrAs-BiTeI-NM,3.6936329777296045e-55
HfSSe-BiTeI-NM,0.19551886901492527
MoSTe-BiTeI-NM,0.6433286690569437
VBrCl-BiTeI-FM,5.57570953912313
VBrI-BiTeI-FM,3.5702851742322523
VClI-BiTeI-FM,3.555711794096619
WSTe-BiTeI-NM,3.775083636962344
As2-C-NM,0.12997476186327092
Ge2-C-NM,0.024475019473749682
Sn2-C-NM,0.036640277042583276
C6N2-C3N-NM,0.8826105030025677
Ti2Cl2-CH-NM,0.0984334894685209
Ti2Br2-CH-AFM,2.2601749023282323
V2I2-CH-AFM,8.836593355526782e-53
Cr2Cl2-CH-AFM,3.1117879414730063
Cr2Br2-CH-AFM,2.792748152492626
Cr2I2-CH-AFM,0.7387874595011513
Mn2S2-CH-AFM,0.5785094475936274
Mn2Se2-CH-AFM,0.4701121448757829
Mn2Te2-CH-AFM,0.42191706059778045
Mn2Br2-CH-AFM,4.688579486874645
Fe2F2-CH-AFM,6.342597580235626
Fe2Cl2-CH-AFM,4.976973382359691
Ni2F2-CH-AFM,3.4744921282854273
Cu2Cl2-CH-NM,2.4852933993255624
Cu2Br2-CH-NM,12.6219183912941
Cu2I2-CH-NM,0.4365948046083977
Zn2S2-CH-NM,0.37479233810208945
Zn2Se2-CH-NM,0.2650563488864996
Zn2Te2-CH-NM,0.19038819395708703
Zr2S2-CH-NM,8.589824382483235e-56
Zr2Se2-CH-NM,0.10848897234734238
Zr2Cl2-CH-NM,0.06871746766348667
Zr2Br2-CH-NM,0.13144743021757677
Pd2F2-GaSe-NM,4.44988688542528
Ag2F2-Undefined-NM,3.480939389567954
Ag2Cl2-CH-NM,0.6018833233139919
Ag2Br2-CH-NM,0.7623660464578094
Ag2I2-CH-NM,0.4724146298928733
Cd2S2-CH-NM,0.4324468272876733
Cd2Se2-CH-NM,0.2645017077899963
Cd2Te2-CH-NM,0.2001578974060398
In2I2-CH-NM,4.111124178645798
S2Sb2-CH-NM,0.42160315951066785
Sb2Se2-CH-NM,0.4676133318352905
Cl2Sb2-CH-NM,0.07311897484762026
Br2Sb2-CH-NM,0.07237686098899926
I2Sb2-ISb-NM,0.07025855232231248
Hf2S2-CH-NM,0.3461175335239877
Hf2Se2-CH-NM,0.2529231507942396
Re2S2-CH-NM,0.12478328557371592
Pt2Cl2-GaSe-NM,1.1943292104939096
Au2Br2-CH-NM,7.874802720883312
Au2I2-CH-NM,0.45718954558601776
Hg2Te2-CH-NM,6.898698755668151e-52
Hg2Cl2-CH-NM,0.09183154595101647
Hg2Br2-CH-NM,0.2379043415816529
Hg2I2-GaSe-NM,9.78653543467448
Tl2Cl2-CH-NM,1.2473408645961745
Tl2Br2-ISb-NM,1.0255332081831716
Tl2I2-CH-NM,0.6515527524715741
Pb2Te2-CH-NM,4.470364904696581
Pb2F2-CH-NM,0.5162349634166764
Pb2Cl2-CH-NM,0.697040288754151
Pb2Br2-CH-NM,0.6828694510079254
Bi2S2-CH-NM,1.0266663412998436
Bi2Se2-CH-NM,0.7696391083537867
Bi2Te2-CH-NM,0.8038184013305038
Bi2Cl2-CH-NM,0.3367129884833829
Bi2Br2-CH-NM,0.35373583921611146
Bi2I2-CH-NM,0.6380208006645037
Cr2O2-FeSe-AFM,1.4280768514936235
Mn2O2-FeSe-AFM,2.4250502282659743
Mn2S2-FeSe-AFM,0.7570345660766115
Mn2Se2-FeSe-AFM,0.5669338596823325
Mn2Te2-FeSe-AFM,0.44377938729090616
Pb2O2-FeSe-NM,0.19842165279271318
Pb2S2-FeSe-NM,0.28629621445323666
Pb2Te2-FeSe-NM,2.745755385724698e-45
Pt2O2-FeSe-NM,6.068161961929712
Cr2Cl2-FeSe-AFM,3.8822831369230437
K2Br2-FeSe-NM,18.78149732566611
Ca2I2-FeSe-FM,1.7518674572751234
Cr2Br2-FeSe-AFM,1.8274699786205577
K2F2-FeSe-NM,2.818551931460139
K2Cl2-FeSe-NM,49.05198236697874
K2I2-FeSe-NM,43.35258043866873
Cr2I2-FeSe-AFM,1.1138320979770584
Cu2Cl2-FeSe-NM,3.530860449282121
Cu2Br2-FeSe-NM,1.2971225205856969
Cu2I2-FeSe-NM,0.6096798881245387
Ga2Cl2-FeSe-NM,0.3360790182333538
Ga2I2-FeSe-NM,7.186868078997252e-21
Rb2F2-FeSe-NM,1.8028007627180032
Rb2Cl2-FeSe-NM,16.80869975480258
Ag2F2-FeSe-NM,22.46917316271419
Ag2Cl2-FeSe-NM,3.0457840374337204
Ag2Br2-FeSe-NM,1.3670853288067726
Ag2I2-FeSe-NM,0.7080505434321592
In2Cl2-FeSe-NM,0.3597651491950985
In2I2-FeSe-NM,1.8201889670147384e-45
Cs2F2-FeSe-NM,1.2236690868499587
Cs2Cl2-FeSe-NM,1.6688578575555084
Cs2Br2-FeSe-NM,9.273379968850218
Au2Cl2-FeSe-NM,10.858024339364217
Au2Br2-FeSe-NM,0.8457207271551359
Au2I2-FeSe-NM,0.4789971782064478
Tl2I2-FeSe-NM,3.4014526305896862e-46
Al2S2-GaSe-NM,5.200216947185697
Al2Se2-GaSe-NM,5.331929789508766
Al2Te2-GaSe-NM,18.702212998712866
Bi2Se2-GaSe-NM,0.5499566372262107
Bi2Te2-GaSe-NM,0.4569370628797504
Ga2S2-GaSe-NM,7.694358125979328
Ga2Se2-GaSe-NM,9.562025931136115e-53
Ga2Te2-GaSe-NM,1.1483977202667149e-51
In2S2-GaSe-NM,14.45449549825895
In2Se2-GaSe-NM,7.552412413639347e-50
In2Te2-GaSe-NM,5.870879172704519
Sb2Se2-GaSe-NM,0.07118751938277126
Ti2Te2-GaSe-NM,0.17491655725077582
Tl2S2-GaSe-NM,16.650401518007087
Tl2Se2-GaSe-NM,2.281292887961358e-50
Tl2Te2-GaSe-NM,5.110141193412653
Zr2Te2-GaSe-NM,0.22474156281265054
MnCl2-GeS2-FM,1.3178528334291406
MnBr2-GeS2-FM,0.9659157929785563
CoF2-GeS2-FM,1.577967515627346
CoCl2-GeS2-FM,0.6563315510362245
ZnF2-GeS2-NM,5.091951552445287
ZnCl2-GeS2-NM,6.29588388139485
GeS2-GeS2-NM,2.7092943883016622
GeSe2-GeS2-NM,2.116734477864537
GeI2-GeS2-NM,1.0690686007211176
GeO2-GeS2-NM,10.095350577189304
F2Ge-GeS2-NM,0.6418765572965711
Br2Ge-GeS2-NM,3.246869755394061
CaCl2-GeS2-NM,21.328580518201715
CaBr2-GeS2-NM,21.222157811210845
CaI2-GeS2-NM,8.276331316472952
TiO2-GeS2-NM,1.6147157694129286
TiS2-GeS2-NM,0.7683891763013474
TiSe2-GeS2-NM,1.396819111438946
MnI2-GeS2-FM,0.644147094295053
CoBr2-GeS2-FM,1.6075633458739158
SrF2-GeS2-NM,13.350088474192427
SrCl2-GeS2-NM,17.122835505343698
SrBr2-GeS2-NM,11.482239959499198
SrI2-GeS2-NM,10.324929235275128
ZrO2-GeS2-NM,1.2440448790788676
ZrS2-GeS2-NM,1.632257575468043
ZrSe2-GeS2-NM,0.823764672381762
ZrTe2-GeS2-NM,2.644683442119945
PdF2-GeS2-FM,0.5425741994613258
CdF2-GeS2-NM,9.040609788858287
SnS2-GeS2-NM,6.360055897874727
SnSe2-GeS2-NM,4.066075142788431
SnTe2-GeS2-NM,6.263320775766346
SnF2-GeS2-NM,0.5838357732671319
SnBr2-GeS2-NM,1.4071956727608806e-53
SnI2-GeS2-NM,1.6094691252400983
BaF2-GeS2-NM,3.826076706481683
BaBr2-GeS2-NM,17.856651621270952
HfO2-GeS2-NM,1.2769673632156127
HfS2-GeS2-NM,0.8325539938152544
HfSe2-GeS2-NM,4.052507608588855
HfTe2-GeS2-NM,0.46283117609373725
TaO2-GeS2-FM,2.1108531234363395
HgF2-GeS2-NM,3.74496852552234
HgBr2-GeS2-NM,4.243164495162092
PbO2-GeS2-NM,19.246329880784323
PbS2-GeS2-NM,3.363500191024332
PbTe2-GeS2-NM,8.199133923133378
PbF2-GeS2-NM,0.9962250066958742
PbCl2-GeS2-NM,8.563419824823003e-45
PbBr2-GeS2-NM,4.052980414887583e-51
PbI2-GeS2-NM,1.6902199386916243
Cd2P2S6-MnPSe3-NM,0.658318476726919
Sc2P2S6-ScPSe3-NM,2.9159464387542552e-52
V2P2Se6-VPSe3-FM,1.3293125525512585e-53
V2P2Se6-MnPSe3-AFM,1.608602680532005
V2P2Te6-MnPSe3-AFM,1.7979355927660057
Cr2P2Se6-ScPSe3-FM,5.676817607203943e-53
Cr2P2Se6-ScPSe3-AFM,1.6920011685281668
Mn2P2Se6-MnPSe3-AFM,0.7331224212181764
Fe2P2S6-MnPSe3-NM,3.4897998401922488
Fe2P2Se6-MnPSe3-NM,3.882881372752619
Ni2P2S6-MnPSe3-AFM,1.221209310442599
Ni2P2Se6-MnPSe3-AFM,1.4564202144417027
Ir2P2Te6-MnPSe3-NM,0.5111907648543728
Zn2P2Se6-MnPSe3-NM,0.416866215765054
Zn2P2Te6-MnPSe3-NM,0.14458555527921274
Zr2P2S6-Undefined-NM,0.6616468032888005
Zr2P2Se6-Undefined-NM,0.45561388526615776
Nb2P2S6-MnPSe3-NM,1.0391457673207158
Nb2P2S6-MnPSe3-AFM,1.092503850948075
Ru2P2S6-MnPSe3-NM,2.4981658206776842
Ru2P2Se6-MnPSe3-NM,1.3109049394881207
Ru2P2Te6-MnPSe3-NM,4.626008901134747
Rh2P2Se6-MnPSe3-NM,0.719623659546551
Rh2P2Te6-MnPSe3-NM,0.3372185646866402
Hg2P2Se6-MnPSe3-NM,0.5361573223719442
Cd2P2Se6-MnPSe3-NM,0.5280173396728456
Hf2P2S6-Undefined-NM,0.7061110574218009
Hf2P2Se6-Undefined-NM,0.5122643744310331
Ta2P2Se6-Undefined-NM,0.9318617724610894
Ir2P2Se6-MnPSe3-NM,0.5718341721373766
Pt2P2Se6-Undefined-NM,0.3631934744565783
Hg2P2S6-MnPSe3-NM,0.6990879870667869
Cd2P2Te6-MnPSe3-NM,0.1894623451486129
Ge2P2Te6-Undefined-NM,0.5148999435957691
Ga2P2Te6-Undefined-NM,1.0535417923295056
Ge2P2S6-MnPSe3-NM,2.3744794148547603
Ge2P2Se6-MnPSe3-NM,1.7150418171200552
In2P2S6-Undefined-NM,8.81537715279572
Sn2P2S6-MnPSe3-NM,0.7449689047995871
Sn2P2Se6-MnPSe3-NM,1.2274665186854423
Sn2P2Te6-MnPSe3-NM,1.0790195533640665
P2Sb2Se6-ScPSe3-NM,0.2974948433279261
Pb2P2S6-MnPSe3-NM,0.9343170451881041
Pb2P2Se6-MnPSe3-NM,1.829281496290755
Bi2P2Se6-ScPSe3-NM,0.31518743884743905
Bi2P2Te6-ScPSe3-NM,0.16787021520960707
Al2P2S6-ScPSe3-NM,1.297183869164646
Al2P2Se6-ScPSe3-NM,0.6331017703792785
Sc2P2Se6-ScPSe3-NM,1.5501519217575335
P2Sb2Te6-ScPSe3-NM,0.20075807562090453
V2P2S6-MnPSe3-AFM,3.3356243532759953
Zn2P2S6-MnPSe3-NM,0.5083645913532013
Ta2P2Te6-Undefined-NM,0.8162939005187247
Pb2P2Te6-MnPSe3-NM,2.7086623865104418
Hg2P2Te6-MnPSe3-NM,0.18638991506252392
BaBr2-CdI2-NM,2.9968928225857703e-51
BaCl2-CdI2-NM,9.362578413097994
BaI2-CdI2-NM,0.8660633622811538
CaBr2-CdI2-NM,0.8230092246820264
CaCl2-CdI2-NM,13.984976168767457
CaI2-CdI2-NM,0.5332977240855388
CdBr2-CdI2-NM,0.724560117980876
CdCl2-CdI2-NM,1.126155342650834
CdI2-CdI2-NM,0.4562142953140893
CoBr2-CdI2-FM,14.20805994641783
CoCl2-CdI2-FM,8.314500257672226
FeBr2-CdI2-NM,12.406153719972307
FeCl2-CdI2-NM,14.595290614660975
FeI2-CdI2-NM,29.929684178593572
Br2Ge-CdI2-NM,1.524060216701918
Cl2Ge-CdI2-NM,2.0913289186619264
GeI2-CdI2-NM,2.783480079175371
HgBr2-CdI2-NM,0.7071544359863734
HgCl2-CdI2-NM,1.0228856688078336
HgI2-CdI2-NM,0.44509601804046406
MgBr2-CdI2-NM,0.6622525644035355
MgCl2-CdI2-NM,0.9782538006176431
MgI2-CdI2-NM,0.44860491772414124
MnBr2-CdI2-FM,0.6713437116214542
MnCl2-CdI2-FM,1.1096385096251873
MnI2-CdI2-FM,0.40299815548143975
NiBr2-CdI2-FM,3.873302816457333
NiCl2-CdI2-FM,3.305558283895015
OsBr2-CdI2-NM,4.6131676583674315
OsCl2-CdI2-NM,6.530793752540561
OsI2-CdI2-NM,5.91709423097189
PbBr2-CdI2-NM,2.379866557450891
PbCl2-CdI2-NM,1.8847908927302666
PbI2-CdI2-NM,7.940604894557349
PdBr2-CdI2-FM,3.301460183165933
PdCl2-CdI2-FM,3.537036747001479
PtBr2-CdI2-FM,2.285728480018521
PtCl2-CdI2-FM,1.932690176060222
RuBr2-CdI2-NM,7.2231057008649735
RuCl2-CdI2-NM,14.640163930537533
RuI2-CdI2-NM,10.743425810849285
SnBr2-CdI2-NM,2.085912557909223
SnCl2-CdI2-NM,1.7004572188655445
SnI2-CdI2-NM,1.7245454301596015
SrBr2-CdI2-NM,1.2579216545382736e-50
SrCl2-CdI2-NM,12.570022219757039
SrI2-CdI2-NM,0.6722851594512155
VBr2-CdI2-FM,19.295575415941073
VCl2-CdI2-FM,22.87664477431474
ZnBr2-CdI2-NM,0.6817900726086454
ZnCl2-CdI2-NM,1.1436853725855551
ZnI2-CdI2-NM,0.4185082525852725
I2Sb-CdI2-FM,1.1151666949108103
BaBr2-MoS2-NM,7.380074433492935
BaCl2-MoS2-NM,20.231384422937186
BaI2-MoS2-NM,4.706194080820754
Br2Ge-MoS2-NM,1.1184093623083626
CaBr2-MoS2-NM,1.5430674100252493
CaCl2-MoS2-NM,37.8839652194504
CaI2-MoS2-NM,0.6800676197915492
CdBr2-MoS2-NM,0.7345064286444677
CdCl2-MoS2-NM,6.150648132212646
CdI2-MoS2-NM,0.48112051028653685
Cl2Ge-MoS2-NM,1.5981808941263058
FeBr2-MoS2-FM,0.8556870491356657
FeCl2-MoS2-FM,0.8075019447379227
FeI2-MoS2-FM,0.7086593595141321
HfBr2-MoS2-NM,0.3430586320428975
HfCl2-MoS2-NM,0.3572357592584648
HfI2-MoS2-NM,0.27455662435200606
HgBr2-MoS2-NM,0.8150437768863846
HgCl2-MoS2-NM,7.040063754056214
HgI2-MoS2-NM,0.5259967737033471
MgBr2-MoS2-NM,0.6070240832153606
MgCl2-MoS2-NM,0.8367262627706905
MgI2-MoS2-NM,0.4266514941410068
MnBr2-MoS2-FM,15.864806732913472
MnCl2-MoS2-FM,5.616957493199728
MnI2-MoS2-FM,2.0417311021088995
PbBr2-MoS2-NM,2.834480250372576
PbCl2-MoS2-NM,3.0238571785944446
PbI2-MoS2-NM,1.1975493443849525
RuBr2-MoS2-FM,4.956258408106713
RuCl2-MoS2-FM,9.664637479413262
ScBr2-MoS2-FM,2.0491102472567557
ScCl2-MoS2-FM,1.4174393365600169
ScI2-MoS2-FM,0.49164683375786805
SnBr2-MoS2-NM,2.0188728325645395
SnCl2-MoS2-NM,2.8815618619394714
SnI2-MoS2-NM,0.9677866993453434
SrBr2-MoS2-NM,9.663688017890749
SrCl2-MoS2-NM,16.44211490707199
SrI2-MoS2-NM,1.4103842562815494
TiBr2-MoS2-NM,0.5887113559655615
TiCl2-MoS2-NM,0.6121981974317029
TiI2-MoS2-NM,0.5024554294768713
YBr2-MoS2-FM,3.997205568750533
YCl2-MoS2-FM,2.0723140370958144
YI2-MoS2-FM,2.469176517800148
ZnBr2-MoS2-NM,0.5724797684539025
ZnCl2-MoS2-NM,0.8267550943023239
ZnI2-MoS2-NM,0.3932611270999867
ZrBr2-MoS2-NM,0.4114351991034748
ZrCl2-MoS2-NM,0.4305410554419096
ZrI2-MoS2-NM,0.3638773212844293
Ag2Cl6-BiI3-AFM,9.543077013669228
Ag2Cl6-BiI3-FM,2.4992057538885404
Al2Br6-BiI3-NM,0.6653679652528419
Al2Cl6-BiI3-NM,7.424757182367711
Al2I6-BiI3-NM,0.4284971776234322
As2Br6-BiI3-NM,2.0130424789768068e-51
As2I6-BiI3-NM,1.4923696123136967
Au2Br6-BiI3-AFM,9.4806849316843
Au2Br6-BiI3-FM,1.1179840970748653
Au2Cl6-BiI3-AFM,10.064030559858102
Au2Cl6-BiI3-FM,1.5770920201479592
Au2I6-BiI3-NM,2.751760586070615
Bi2Br6-BiI3-NM,11.858674406233192
Bi2Cl6-BiI3-NM,49.22754925640936
Bi2I6-BiI3-NM,2.7533164995329256
Br6Sb2-BiI3-NM,11.054619713842156
Co2Cl6-BiI3-NM,5.728367920754897
Co2I6-BiI3-NM,0.664684866941859
Cr2Br6-BiI3-AFM,2.509526550836675
Cr2Br6-BiI3-FM,12.94239597943188
Cr2Cl6-BiI3-AFM,6.067464017671337
Cr2Cl6-BiI3-FM,4.197079941359117
Cr2I6-BiI3-AFM,0.44972453109740435
Cr2I6-BiI3-FM,0.6339837104547755
Cu2Br6-BiI3-AFM,0.7543904678544644
Cu2Cl6-BiI3-AFM,3.4961856963458695
Cu2Cl6-BiI3-FM,1.7114190025687457
Fe2Br6-BiI3-FM,0.46740992709578644
Fe2Cl6-BiI3-FM,0.748034694499888
Ga2Br6-BiI3-NM,0.7701890138083378
Ga2Cl6-BiI3-NM,3.1911916014108614
Ga2I6-BiI3-NM,0.406016272776415
I6Sb2-BiI3-NM,8.374371739436226e-53
In2Br6-BiI3-NM,1.575421355380505
In2Cl6-BiI3-NM,2.5513983936467115
In2I6-BiI3-NM,0.7324311499775675
Ir2Br6-BiI3-NM,2.772074906055563
Ir2Cl6-BiI3-NM,2.8112499326907123
Ir2I6-BiI3-NM,13.447195667289058
Mn2Cl6-BiI3-FM,7.081203580387898e-51
Mn2I6-BiI3-AFM,1.7294407699146574
Mn2I6-BiI3-FM,1.413484704407642
Mo2Br6-BiI3-AFM,6.879977792739849
Mo2Cl6-BiI3-AFM,11.125796055189834
Mo2I6-BiI3-AFM,7.528441871746561
Mo2I6-BiI3-FM,5.1898136814054805
Os2Cl6-BiI3-FM,5.836595766903248
Re2Br6-BiI3-FM,1.1408654718000852
Re2I6-BiI3-FM,2.7160895301519243
Rh2Br6-BiI3-NM,4.286408812586738
Rh2Cl6-BiI3-NM,3.103097684832922
Rh2I6-BiI3-NM,1.2875634011659187
Sc2Br6-BiI3-NM,0.6421043049979375
Sc2Cl6-BiI3-NM,2.4987889046590084
Sc2I6-BiI3-NM,0.4149189818193807
Tl2Br6-BiI3-NM,1.286920241037586
Tl2Cl6-BiI3-NM,3.630615030903846
Tl2I6-BiI3-NM,0.6811222126364247
W2Br6-BiI3-AFM,2.8990168932459293
W2Cl6-BiI3-AFM,1.3040555940344598
W2Cl6-BiI3-NM,0.8038524562506728
W2I6-BiI3-AFM,3.1228779455191296
W2I6-BiI3-FM,3.1854232506536952
Y2Br6-BiI3-NM,0.8516291314513376
Y2Cl6-BiI3-NM,11.576973274024274
Y2I6-BiI3-NM,0.5184332449814602
Al2Br6-TiCl3-NM,1.3516710232074625
Al2Cl6-TiCl3-NM,2.600592860031714
Al2I6-TiCl3-NM,0.5802041352135626
Bi2Br6-AgBr3-NM,10.937206711128217
Bi2Cl6-AgBr3-NM,1.8838601515645126
Bi2I6-TiCl3-NM,0.7919270388759968
Cr2Br6-TiCl3-AFM,1.123390702396189
Cr2Br6-TiCl3-FM,2.0389041654988493
Cr2Cl6-TiCl3-AFM,2.7836484823877474
Cr2Cl6-TiCl3-FM,2.9098929085249896
Cr2I6-TiCl3-AFM,0.6628700763269824
Cr2I6-TiCl3-FM,1.2169980538482341
Fe2Br6-TiCl3-AFM,3.4656314919406066
Fe2Cl6-AgBr3-AFM,36.765710335030874
Fe2Cl6-TiCl3-FM,1.4075987680482835
Ga2Br6-TiCl3-NM,1.1609911210683443
Ga2Cl6-TiCl3-NM,3.340904402142975
In2Br6-TiCl3-NM,2.1511580137507984
In2Cl6-AgBr3-NM,14.223550967341726
In2I6-TiCl3-NM,0.747744254989461
Ir2Cl6-Undefined-NM,7.592191347671128
Mo2Br6-TiCl3-AFM,0.9368127114938694
Mo2Cl6-TiCl3-AFM,0.4700895362320656
Mo2Cl6-TiCl3-NM,0.45762213608882973
Mo2I6-TiCl3-AFM,0.47931848019107326
Re2Cl6-TiCl3-NM,0.6650881716212386
Re2I6-AgBr3-AFM,1.1539919342849492
Re2I6-AgBr3-NM,0.931795638166694
Rh2Br6-Undefined-NM,13.097016850492299
Rh2Cl6-Undefined-NM,4.5985676782623255
Sc2Br6-TiCl3-NM,1.623298165463542
Sc2Cl6-AgBr3-NM,1.3151636718353716
Sc2I6-TiCl3-NM,0.9466278388565762
Ti2Br6-TiCl3-AFM,2.061982402335563
Ti2Br6-TiCl3-FM,0.48243621678755627
Ti2Cl6-TiCl3-AFM,2.247848878348222
Ti2I6-TiCl3-AFM,2.1059594608039642
Ti2I6-TiCl3-FM,0.8453325600494069
Tl2Br6-TiCl3-NM,1.841542644616381
Tl2Cl6-AgBr3-NM,8.352887344356656
Tl2I6-TiCl3-NM,0.8113666527991904
W2Br6-TiCl3-NM,0.1620242376779
W2Cl6-TiCl3-NM,0.39168346169654533
W2I6-TiCl3-AFM,1.444763045691235
W2I6-TiCl3-NM,0.8398774223423853
Y2Br6-AgBr3-NM,1.223652658339283
Y2Cl6-AgBr3-NM,1.5830317693506188
Y2I6-TiCl3-NM,1.7486399965479502
Cr2CF2-Ti2CO2-AFM,8.837020029966643
Sc2CF2-Ti2CO2-NM,0.9164047287846367
Y2CF2-Ti2CO2-NM,0.9881852380711974
Cr2CH2O2-Ti2CH2O2-AFM,4.656593258224552
Sc2CH2O2-Ti2CH2O2-NM,0.6728923590560282
Y2CH2O2-Ti2CH2O2-NM,0.6942309101693598
Hf2CO2-Ti2CO2-NM,0.2466589126033234
Mn2CO2-Ti2CO2-AFM,9.165109696073928e-53
Mn2CO2-Ti2CO2-FM,0.10372567348801104
Ti2CO2-Ti2CO2-NM,0.14582058883385723
Zr2CO2-Ti2CO2-NM,0.25723515631920874
Ti2C-CdI2-AFM,15.406581159652621
Zr2C-CdI2-AFM,2.6946204515002474
Hf3C2O2-Ti3C2O2-NM,3.160886805384812
Zr3C2O2-Ti3C2O2-NM,4.702324920456967
Hf3N2O2-Ti3C2O2-NM,6.990995293305878
Y3N2O2-Ti3C2O2-FM,6.274813007297815
Zr3N2O2-Ti3C2O2-NM,0.38093913560716813
CrSeTe-MoSSe-NM,1.1485532191080694
CrSSe-MoSSe-NM,1.0098523385350884
CrSTe-MoSSe-NM,44.18454905800905
HfBrCl-MoSSe-NM,0.3625039873691771
HfBrI-MoSSe-NM,0.3416444333726761
HfClI-MoSSe-NM,0.4078924759363138
HfSeTe-MoSSe-NM,0.5487234763292796
HfSSe-MoSSe-NM,2.753165139023111
MoSeTe-MoSSe-NM,0.7195869188155929
MoSSe-MoSSe-NM,0.5990286077556772
MoSTe-MoSSe-NM,3.761689405111027e-50
TiBrCl-MoSSe-NM,0.6240634893878464
TiBrI-MoSSe-NM,0.5921807600123318
TiClI-MoSSe-NM,0.7160260038051394
TiSSe-MoSSe-NM,1.1313540849534982
VSeTe-MoSSe-FM,5.230185849462406
WSeTe-MoSSe-NM,0.4007674565628
WSSe-MoSSe-NM,0.36970456299924337
WSTe-MoSSe-NM,9.992705320839673e-52
ZrBrCl-MoSSe-NM,0.43428155701100635
ZrBrI-MoSSe-NM,0.4152846072386835
ZrClI-MoSSe-NM,0.48458051923029727
ZrSeTe-MoSSe-NM,0.7427015557203271
ZrSSe-MoSSe-NM,2.023830122285125
ZrSTe-MoSSe-NM,0.6470096064360785
AsClTe-MoSSe-NM,0.36390793426188706
BiBrS-MoSSe-NM,0.9596578109143079
BiClS-MoSSe-NM,1.2526709534576395
BiClSe-MoSSe-NM,1.3966903197476428
BiIS-MoSSe-NM,0.26350441935264707
BiClTe-MoSSe-NM,0.1741289165419113
BrSSb-MoSSe-NM,0.7961950743595598
ClSbSe-MoSSe-NM,0.9720359654748363
BrSbTe-MoSSe-NM,0.7338381512194376
ClSSb-MoSSe-NM,0.958279920627553
ISbSe-MoSSe-NM,0.31048336834325213
ClSbTe-MoSSe-NM,0.2955869742556699
BiISe-MoSSe-NM,0.2908628426737842
BiBrTe-MoSSe-NM,0.2123834102779599
BiITe-MoSSe-NM,0.23051798673065127
BrSbSe-MoSSe-NM,0.729335191984787
ISSb-MoSSe-NM,0.3010186294937719
ISbTe-MoSSe-NM,0.49508122639697005
AsBrS-MoSSe-NM,0.6963909695889844
AsClS-MoSSe-NM,0.7565474440228407
AsBrSe-MoSSe-NM,0.6197519007553683
AsClSe-MoSSe-NM,0.7353132767818464
AsISe-MoSSe-NM,0.22149398760218011
AsIS-MoSSe-NM,0.23692950604487123
AsBrTe-MoSSe-NM,0.3261572999629679
AsITe-MoSSe-NM,0.2178548647178938
BiBrSe-MoSSe-NM,0.9603616201976473
Ge2S2-SnS-NM,1.2008760219289226e-28
Ge2Se2-SnS-NM,0.1246831005077247
Ge2Te2-SnS-NM,0.08914803891011412
P4-P-NM,8.306891395982642
Pb2S2-PbS-NM,0.18771007905649842
Pb2Se2-PbS-NM,0.13626989358716002
Pb2Te2-PbS-NM,0.1774175456142365
S2Si2-SnS-NM,20.75894063841525
Se2Si2-SnS-NM,0.6434603306626023
Si2Te2-SnS-NM,0.044638931336802655
Sn2S2-SnS-NM,0.47065887732873013
Sn2Se2-SnS-NM,0.10589422713504434
Sn2Te2-PbS-NM,0.07456102986992115
As4-P-NM,0.30113638614328936
Pb2S2-PbSe-NM,4.063051165178255
Pb2Se2-PbSe-NM,8.65335348909794e-53
Pb2Te2-PbSe-NM,4.333580289824295
Sn2S2-PbSe-NM,2.4266174765190573e-51
Sn2Se2-PbSe-NM,1.759700647131738e-55
Cd2S4-PdS2-NM,0.7603477717647297
Cd2Se4-WTe2-NM,10.107115008719882
Cd2Te4-WTe2-NM,0.9815964051612956
Co2Se4-PdS2-AFM,2.526719698031462
Co2Se4-PdS2-FM,2.62894020280388
Co2Te4-PdS2-AFM,2.7142866769521037
Co2Te4-PdS2-FM,2.3438260198770653
Fe2S4-MnS2-AFM,14.452398430446822
Ge2S4-WTe2-NM,0.8386457214449883
In2S4-Undefined-NM,5.202129734256633
Mn2S4-MnS2-AFM,0.5372767891297163
Mo2S4-MnS2-FM,0.19637517786905442
Ni2S4-PdS2-NM,2.185372234775249
Ni2Se4-PdS2-NM,3.92970320555801
Ni2Te4-PdS2-NM,1.9133704785713026
Os2Se4-MnS2-NM,0.9777768104450492
Os2Te4-MnS2-NM,0.8211571308054307
Pb2S4-WTe2-NM,3.370346800285338
Pb2Se4-WTe2-NM,1.3358794530549312
Pb2Te4-WTe2-NM,0.4109679203082254
Pd2S4-PdS2-NM,3.2087827654550507
Pd2Se4-PdS2-NM,1.455956454614003
Pd2Te4-PdS2-NM,11.00916148256714
Pt2S4-PdS2-NM,1.0296207352552298
Pt2Se4-PdS2-NM,1.4378323005215132
Pt2Te4-PdS2-NM,5.383003592397667
Ru2Te4-MnS2-NM,9.82940527927288e-52
Sn2Se4-WTe2-NM,2.4462110239486208
Zn2S4-PdS2-NM,0.6777001838022495
Zn2Se4-PdS2-NM,1.7313025962840671
Zn2Te4-PdS2-NM,1.1085031081386394
Br4C16Cl4Ge2H48N4-PbA2I4-NM,0.14453122746833205
Br4C16Cl4Ge2H48N4-PbA2I4-NM-2,1.9325146074280712
Br4C16Ge2H48I4N4-PbA2I4-NM,1.83546085215665
Br4C16Ge2H48I4N4-PbA2I4-NM-2,0.10396961198211876
Br8C16Ge2H48N4-PbA2I4-NM,1.73868120043519
C16Cl4Ge2H48I4N4-PbA2I4-NM,3.2113268659294127
C16Cl4Ge2H48I4N4-PbA2I4-NM-2,0.09470731858325675
C16Cl8Ge2H48N4-PbA2I4-NM,1.043367592570946
C16Ge2H48I8N4-PbA2I4-NM,0.1109144002421487
Pb2Br4C16Cl4H48N4-PbA2I4-NM,0.23065886915893002
Pb2Br4C16Cl4H48N4-PbA2I4-NM-2,0.3551595192995715
Pb2Br4C16H48I4N4-PbA2I4-NM,0.34182759441283683
Pb2Br4C16H48I4N4-PbA2I4-NM-2,0.19051584730462492
Pb2Br8C16H48N4-PbA2I4-NM,0.2493671155007032
Pb2C16Cl4H48I4N4-PbA2I4-NM,0.6042915984658075
Pb2C16Cl4H48I4N4-PbA2I4-NM-2,0.18152876658516792
Pb2C16Cl8H48N4-PbA2I4-NM,0.3193156077447544
Pb2C16H48I8N4-PbA2I4-NM,0.21950589750085348
Sn2Br4C16Cl4H48N4-PbA2I4-NM,0.15277087045038468
Sn2Br4C16Cl4H48N4-PbA2I4-NM-2,0.585351743497334
Sn2Br4C16H48I4N4-PbA2I4-NM,0.17082414676600305
Sn2Br4C16H48I4N4-PbA2I4-NM-2,0.11805014252783701
Sn2Br8C16H48N4-PbA2I4-NM,0.1568373124441077
Sn2C16Cl4H48I4N4-PbA2I4-NM,3.425826900776685
Sn2C16Cl4H48I4N4-PbA2I4-NM-2,0.11114772513764538
Sn2C16Cl8H48N4-PbA2I4-NM,1.0157238247725102
Sn2C16H48I8N4-PbA2I4-NM,0.13289498857461746
Co4S8-ReS2-NM,1.5918443517022787
In4Br8-Undefined-NM,10.55394104249788
Ir4S8-ReS2-NM,2.8451406523123683
Ir4Se8-ReS2-NM,4.75746520420595
Ir4Te8-ReS2-NM,6.318490890072768
Nb4O8-Undefined-NM,1.6580570031920454
Re4O8-ReS2-NM,0.8534077935519261
Re4S8-ReS2-NM,22.898224529541267
Re4Se8-ReS2-NM,1.5920263147008875
Re4Te8-ReS2-NM,1.394786255110502
Rh4S8-ReS2-NM,4.904822182115951
Rh4Se8-ReS2-NM,1.4968889447187677
CrO2-MoS2-NM,1.4423339550044763
CrS2-MoS2-NM,0.8830247240369848
CrSe2-MoS2-NM,0.9552785464538289
CrTe2-MoS2-NM,0.8996311818943096
GeO2-CdI2-NM,3.789512112894947
GeO2-MoS2-NM,5.948730082571352
GeS2-CdI2-NM,1.2892982086565192
HfO2-CdI2-NM,2.76697645597019
HfO2-MoS2-NM,4.429052549599018
HfS2-CdI2-NM,0.24875733980847237
HfS2-MoS2-NM,2.6525532182746874
HfSe2-CdI2-NM,0.1588067754872656
HfSe2-MoS2-NM,3.1079287410604404
HfTe2-MoS2-NM,0.6117503355108869
MnO2-CdI2-FM,43.7241780254151
MoO2-MoS2-NM,0.7636762326711584
MoS2-MoS2-NM,0.5299660368858713
MoSe2-MoS2-NM,0.5834191052897199
MoTe2-MoS2-NM,0.5969825851700024
NiO2-CdI2-NM,4.4846502369601104e-51
NiS2-CdI2-NM,0.6169298554976024
OsO2-CdI2-FM,3.5890068605078933
PbO2-CdI2-NM,29.088057346531993
PbS2-CdI2-NM,4.138359988795731
PbS2-MoS2-NM,0.6179821252257123
PbSe2-CdI2-NM,0.3602787091040229
PbSe2-MoS2-NM,0.4181020321323098
PdO2-CdI2-NM,2.6429941875686998e-52
PdS2-CdI2-NM,2.247419416138673
PdSe2-CdI2-NM,0.6345100561553249
PdSe2-MoS2-NM,0.3334352831292584
PtO2-CdI2-NM,28.94557441205198
PtS2-CdI2-NM,1.5457150741251766
PtSe2-CdI2-NM,2.8931132816958973
PtTe2-CdI2-NM,0.3589895052478078
ScO2-MoS2-FM,10.9408426220342
ScS2-MoS2-FM,5.4112195352542525
ScSe2-MoS2-FM,4.774994239083303
SnO2-CdI2-NM,4.491187245736116
SnO2-MoS2-NM,7.29070153454066
SnS2-CdI2-NM,2.0335693203339615
SnS2-MoS2-NM,0.48196277103759405
SnSe2-CdI2-NM,0.4019500801158264
TiO2-CdI2-NM,3.8343322425778847
TiO2-MoS2-NM,3.3958726039483684
TiS2-MoS2-NM,2.58504947552658
TiSe2-MoS2-NM,1.6541731070672605
VSe2-MoS2-FM,0.8573316351025043
VTe2-MoS2-FM,1.2305468509308304
WO2-MoS2-NM,0.7810110514697803
WS2-MoS2-NM,0.33620089944814024
WSe2-MoS2-NM,0.35533263079962035
WTe2-MoS2-NM,0.28597623936089267
ZrO2-CdI2-NM,3.0172018023302787
ZrO2-MoS2-NM,3.9743896031018946
ZrS2-CdI2-NM,0.26027259053830726
ZrS2-MoS2-NM,2.1998303938812636
ZrSe2-CdI2-NM,0.15785451509436546
ZrSe2-MoS2-NM,1.97272868652139
ZrTe2-MoS2-NM,1.1358846349773926
ScH2-MoS2-FM,1.5431799634844099
Cr2Mo2S8-CrWS4-NM,0.7503784413793347
Cr2Mo2Se8-CrWS4-NM,0.8075750512664381
Cr2Mo2Te8-CrWS4-NM,0.79096373349994
Cr2W2S8-CrWS4-NM,0.6390228822614843
Cr2W2Se8-CrWS4-NM,0.6786375732393988
Cr2W2Te8-CrWS4-NM,0.626810753020878
Cr3MoS8-CrW3S8-NM,0.8051250987515693
Cr3MoSe8-CrW3S8-NM,0.8793412096977801
Cr3WS8-CrW3S8-NM,0.7513064706444758
Cr3WSe8-CrW3S8-NM,0.8101697466834662
Cr3WTe8-CrW3S8-NM,0.7658485091253213
CrMo3S8-CrW3S8-NM,0.6229611664627599
CrMo3Se8-CrW3S8-NM,0.6826801942665406
CrMo3Te8-CrW3S8-NM,0.6945294111430571
CrW3S8-CrW3S8-NM,0.47759863570708855
CrW3Se8-CrW3S8-NM,0.4967168778950913
CrW3Te8-CrW3S8-NM,0.4474126663209127
Mo2W2S8-CrWS4-NM,0.43780068599211536
Mo2W2Se8-CrWS4-NM,0.4665406663615394
Mo2W2Te8-CrWS4-NM,0.4368873788804426
Mo3WS8-CrW3S8-NM,0.488049618368406
Mo3WSe8-CrW3S8-NM,0.5227440181039403
Mo3WTe8-CrW3S8-NM,0.5128578396476076
MoW3S8-CrW3S8-NM,0.3884816355941622
MoW3Se8-CrW3S8-NM,0.4026675310283816
MoW3Te8-CrW3S8-NM,0.3597239407498223
Hf2Ti2S8-CrWS4-NM,2.1497485820333755
Hf2Ti2Se8-CrWS4-NM,2.185836937758445e-53
Ti2Zr2S8-CrWS4-NM,1.7461849775069365
Ti2Zr2Se8-CrWS4-NM,4.001341209286453
Ti2Zr2Te8-CrWS4-NM,1.8871625356005786
HfTi3S8-CrW3S8-NM,3.564972478364421e-45
HfTi3Se8-CrW3S8-NM,5.566640939600277
Ti3ZrS8-CrW3S8-NM,6.804147081244863
Ti3ZrSe8-CrW3S8-NM,3.046282801509165
Hf3TiS8-CrW3S8-NM,9.445459359459579e-44
Hf3TiSe8-CrW3S8-NM,3.476041201362057
Hf3TiTe8-CrW3S8-NM,3.4504809011023587
TiZr3Se8-CrW3S8-NM,1.2396752419298343e-45
TiZr3Te8-CrW3S8-NM,1.5938813624760466
Hf2Zr2S8-CrWS4-NM,4.495612072795315
Hf2Zr2Se8-CrWS4-NM,2.5404454092544415
Hf2Zr2Te8-CrWS4-NM,5.383973388024191
HfZr3Se8-CrW3S8-NM,2.3187514463025503
HfZr3Te8-CrW3S8-NM,1.15308006226422
Hf3ZrS8-CrW3S8-NM,4.798587407113678
Hf3ZrSe8-CrW3S8-NM,2.4299116641694933
Hf3ZrTe8-CrW3S8-NM,1.010164173975252
Al2Br2O2-FeOCl-NM,2.043818419203433
Al2Br2S2-FeOCl-NM,0.7622901175158413
Al2Br2Se2-FeOCl-NM,0.7556390319567508
Al2Cl2O2-FeOCl-NM,2.6997219722961128
Al2Cl2S2-FeOCl-NM,0.8413192565299135
Al2Cl2Se2-FeOCl-NM,0.815657349779358
Al2I2S2-FeOCl-NM,12.85865359806661
Al2I2Se2-FeOCl-NM,0.6279780010597308
Bi2Br2O2-FeOCl-NM,1.3328229535073512
Bi2Br2S2-FeOCl-NM,1.796100462333197
Bi2Br2Se2-FeOCl-NM,1.4890727836089837
Bi2Cl2O2-FeOCl-NM,2.362687003217738
Bi2Cl2S2-FeOCl-NM,1.3835199120169848
Bi2Cl2Se2-FeOCl-NM,1.2480061505438647
Bi2I2O2-FeOCl-NM,0.8645556848759876
Bi2I2S2-FeOCl-NM,0.7363146406897788
Bi2I2Se2-FeOCl-NM,0.8116394313460614
Br2Ge2N2-FeOCl-NM,0.9108601607736767
Cl2Ge2N2-FeOCl-NM,0.8733587986287603
Cr2Br2O2-FeOCl-AFM,5.436851211185607
Cr2Br2O2-FeOCl-FM,3.5524916739671832
Cr2Br2S2-FeOCl-AFM,5.517463595179035
Cr2Br2S2-FeOCl-FM,2.8251378649164853
Cr2Br2Se2-FeOCl-AFM,1.2439581989215962
Cr2Br2Se2-FeOCl-FM,0.7994839988343296
Cr2Cl2O2-FeOCl-AFM,4.033891835583156
Cr2Cl2O2-FeOCl-FM,3.2007507749483617
Cr2Cl2S2-FeOCl-AFM,5.9793627166264365
Cr2Cl2S2-FeOCl-FM,2.6744826962428245
Cr2Cl2Se2-FeOCl-AFM,1.2374989250624284
Cr2Cl2Se2-FeOCl-FM,0.409933947658946
Cr2I2O2-FeOCl-AFM,7.607434268495367
Cr2I2O2-FeOCl-FM,2.13280253751035
Cr2I2S2-FeOCl-AFM,0.9502057424019882
Cr2I2S2-FeOCl-FM,2.5544779849540715
Cr2I2Se2-FeOCl-AFM,0.44486774266191487
Fe2Br2O2-FeOCl-AFM,3.910288892102398
Ga2Br2O2-FeOCl-NM,1.8636936822424666e-47
Ga2Br2S2-FeOCl-NM,1.1435450894857762
Ga2Br2Se2-FeOCl-NM,1.0458798205481963
Ga2Cl2O2-FeOCl-NM,16.780076930525965
Ga2Cl2S2-FeOCl-NM,1.1922208751623553
Ga2Cl2Se2-FeOCl-NM,1.0918863659914948
Ga2I2O2-FeOCl-NM,6.438866446252348e-46
Ga2I2S2-FeOCl-NM,33.60455907238064
Ga2I2Se2-FeOCl-NM,1.10403311827321
Hf2Br2N2-FeOCl-NM,0.49657339104870885
Hf2Cl2N2-FeOCl-NM,0.40102381927902225
Hf2I2N2-FeOCl-NM,0.8925357945366617
In2Br2O2-FeOCl-NM,23.731153179603414
In2Br2S2-FeOCl-NM,1.77541693749528
In2Br2Se2-FeOCl-NM,1.5554467423492064
In2Cl2O2-FeOCl-NM,20.242894137020635
In2Cl2S2-FeOCl-NM,1.8551610724210035
In2Cl2Se2-FeOCl-NM,1.633801047674585
In2I2O2-FeOCl-NM,0.8062761864986236
In2I2S2-FeOCl-NM,23.709277058014457
In2I2Se2-FeOCl-NM,1.6578856579914798
Ir2Br2O2-FeOCl-NM,3.183141011288695
Ir2Br2S2-FeOCl-NM,1.960129274767863
Ir2Cl2O2-FeOCl-NM,2.6107854165939997
Ir2Cl2S2-FeOCl-NM,1.8108938365976532
Ir2I2S2-FeOCl-NM,2.1857963934919296
Mn2Br2N2-FeOCl-AFM,1.4540603719741216
Mn2Cl2N2-FeOCl-AFM,1.2070902021083072
Mn2Cl2N2-FeOCl-FM,1.6873525952265294
Pt2Br2N2-FeOCl-NM,2.4563841110689593
Pt2Cl2N2-FeOCl-NM,2.6058971036943617
Sc2Br2O2-FeOCl-NM,2.7843886565935088
Sc2Br2S2-FeOCl-NM,0.5124933183029214
Sc2Br2Se2-FeOCl-NM,0.4025869268821485
Sc2Cl2O2-FeOCl-NM,4.176995330707613
Sc2Cl2S2-FeOCl-NM,0.6049547612284752
Sc2Cl2Se2-FeOCl-NM,0.4626548188109258
Sc2I2S2-FeOCl-NM,0.9164457565712841
Sc2I2Se2-FeOCl-NM,0.4122222701035199
Sn2Br2N2-FeOCl-NM,2.5095814925584206
Sn2Cl2N2-FeOCl-NM,1.3666342421004656
Sn2I2N2-FeOCl-NM,1.3742295894903236
Ti2Br2N2-FeOCl-NM,0.34501487243850587
Ti2Cl2N2-FeOCl-NM,0.280511977044623
Tl2Br2O2-FeOCl-NM,3.1688711332797608
Tl2Cl2O2-FeOCl-NM,24.592082574958017
Tl2I2O2-FeOCl-NM,0.8223094663389986
Tl2I2S2-FeOCl-NM,1.5040477894493576
Zr2Br2N2-FeOCl-NM,0.8748831699598244
Zr2Cl2N2-FeOCl-NM,0.7918001158589459
Zr2I2N2-FeOCl-NM,0.6652248812899236
Al2O2-GaS-NM,0.39506186809167293
Al2S2-GaS-NM,5.564010758359554
Al2Se2-GaS-NM,4.545504524811
Al2Te2-GaS-NM,5.175059656995065
Au2Te2-GaS-NM,3.4926760299802057e-53
Bi2O2-GaS-NM,2.029663444909394
Ga2O2-GaS-NM,4.959646315871703
Ga2S2-GaS-NM,7.368399621486431
Ga2Se2-GaS-NM,4.418643564504599
Ga2Te2-GaS-NM,2.5058922898022673
In2O2-GaS-NM,1.9276549279027708
In2S2-GaS-NM,11.925436254415263
In2Se2-GaS-NM,8.017912879036158
In2Te2-GaS-NM,2.6153066267646734
Ir2O2-GaS-NM,17.567764020335503
Rh2O2-GaS-NM,0.14068160006726854
Rh2Se2-GaS-NM,0.8794143573291319
Sc2O2-GaS-NM,5.522277208568298
Sc2S2-GaS-NM,0.5323903771224787
Sc2Se2-GaS-NM,0.6024928699706855
Sc2Te2-GaS-NM,0.5187381007809682
Ti2Te2-GaS-NM,20.86404434993953
Tl2S2-GaS-NM,6.21710138355535
Tl2Se2-GaS-NM,2.586293825857839
Tl2Te2-GaS-NM,0.9474151234939061
V2O2-GaS-AFM,1.6715486819641225
V2S2-GaS-NM,2.2706378731894823e-21
V2Se2-GaS-NM,8.075186918804879e-32
V2Te2-GaS-NM,6.435266275361171e-46
Zr2Se2-GaS-NM,2.2744642186812776
Hf2O6-TiS3-NM,9.153119474665049
Hf2S6-TiS3-NM,0.9362848291922669
Hf2Se6-TiS3-NM,0.4612877662944902
Pb2Te6-Undefined-NM,2.930427135989841e-55
Ru2Se6-VTe3-NM,0.5060138823157067
Ti2O6-TiS3-NM,9.93090633212283
Ti2S6-TiS3-NM,0.9556837546685603
Zr2O6-TiS3-NM,21.108397646599357
Zr2S6-TiS3-NM,1.4337725093210427
Zr2Se6-TiS3-NM,0.7329235122475576
Cr2Br4-WTe2-AFM,12.418242917733027
Cr2Br4-WTe2-FM,5.4976406554906125
Cr2Cl4-WTe2-AFM,8.133114684879024
Cr2Cl4-WTe2-FM,5.447159011245894
Fe2Se4-WTe2-NM,1.7088177624891658
Fe2Te4-WTe2-NM,0.9882181756793407
Hf2Br4-WTe2-NM,1.365915494350972
Hf2Cl4-WTe2-NM,1.2355647981369242
Hf2I4-WTe2-NM,1.3792696808218081
Hg2O4-CdI2-FM,3.5332302203481833
Mn2Cl4-CdI2-FM,6.7323525387023695
Mn2S4-WTe2-AFM,0.4429185505142983
Os2O4-WTe2-NM,0.23228940292379455
Os2S4-WTe2-NM,1.511039892632893
Os2Se4-WTe2-NM,0.8670617208767557
Os2Te4-WTe2-NM,0.6304410280522179
Re2I4-WTe2-FM,1.7584341652144058
Rh2Cl4-WTe2-AFM,1.9290575447163159
Rh2Cl4-WTe2-FM,1.7849086062435602
Ru2S4-WTe2-NM,1.266050566407455
Ru2Se4-WTe2-NM,0.8873985432027413
Ru2Te4-WTe2-NM,6.964670425018542
Ti2Cl4-WTe2-NM,1.8355954399643482
Ti2I4-WTe2-NM,1.7672638201359543
Ti2O4-WTe2-NM,8.808004610306417
V2Br4-CdI2-AFM,3.6479229367631794
V2Cl4-CdI2-AFM,4.482338168056299
V2I4-CdI2-AFM,2.9843260814870156
Zr2Br4-WTe2-NM,1.2005933695080102
Zr2Cl4-WTe2-NM,1.384217887601831
Zr2I4-WTe2-NM,0.9728914673865012
C2F2-CH-NM,0.6120010983464503
C2H2-CH-NM,0.4288004840215588
Ge2H2-CH-NM,0.08604751240009065
F2Si2-CH-NM,0.19669957796144746
H2Si2-CH-NM,0.20658925893756364
CF2Si-CH2Si-NM,0.5335612799945858
CH2Si-CH2Si-NM,0.42226762633450027
Sn2H2-CH-NM,0.032777776775052385
