Co2O2-AuSe-FM,4.56250991953392
Co2S2-NiSe-FM,4.959094273371138
Co2S2-NiSe-NM,4.656872386113752
Co2Se2-NiSe-FM,4.702315225734148
Cr2O2-RhO-FM,3.255843087179786
Cr2S2-NiSe-AFM,4.370243849857078
Cr2Se2-NiSe-AFM,4.349460404122653
Cu2O2-AuSe-NM,0.40992614598834926
Cu2Te2-NiSe-NM,6.80361125107253
Fe2O2-AuSe-FM,3.3204041994680775
Fe2S2-NiSe-FM,5.586049413233429
Fe2Se2-NiSe-FM,5.338709787908491
Hf2O2-AuSe-FM,3.7908131287493605
Hf2O2-AuSe-NM,3.640980572961783
Hf2S2-AuSe-FM,8.047949068413324
Hf2S2-AuSe-NM,7.325846554169035
Hf2Se2-NiSe-NM,8.732046008737981
Hf2Te2-NiSe-NM,7.31579566639063
Ir2O2-AuSe-NM,7.665534792146542
Ir2S2-NiSe-NM,6.455881844507084
Ir2Te2-NiSe-NM,6.33729279327804
Mn2S2-NiSe-AFM,5.905981389535213
Mn2Se2-NiSe-FM,6.705389263210028
Mn2Te2-NiSe-FM,7.130148217571477
Mo2O2-RhO-FM,7.164882921794739
Mo2O2-RhO-NM,7.251786341909944
Mo2S2-Undefined-NM,4.010811271293353
Mo2Se2-Undefined-NM,4.352857812440543
Mo2Te2-Undefined-NM,5.484825285273202
Nb2O2-RhO-NM,2.6974363744671117
Nb2S2-NiSe-NM,10.49037170288726
Nb2Se2-NiSe-NM,10.907658819623979
Nb2Te2-NiSe-NM,10.94236345540165
Ni2O2-AuSe-FM,4.640869927364235
Ni2O2-AuSe-NM,4.471401503118588
Ni2Se2-NiSe-FM,5.565428743614223
Ni2Te2-NiSe-FM,6.800877007989269
Os2O2-RhO-NM,5.5676536821002
Os2S2-RhO-NM,5.538132290818363
Os2Se2-RhO-NM,6.294878446009141
Os2Te2-Undefined-NM,14.330375548772698
Pb2Te2-AuSe-NM,8.811662170874209
Pt2O2-AuSe-NM,6.448658874200915
Pt2S2-AuSe-NM,5.0104606932078335
Pt2Se2-NiSe-NM,7.708735638757628
Pt2Te2-NiSe-NM,6.947539555139047
Re2O2-RhO-NM,5.611069544268936
Re2S2-RhO-NM,5.934550836961524
Re2Te2-Undefined-NM,9.212002338393072
Rh2O2-RhO-NM,3.2845157004481265
Rh2S2-AuSe-NM,7.468018910133475
Rh2Se2-AuSe-NM,7.077469969457494
Rh2Te2-NiSe-NM,6.825405319508787
Ru2O2-RhO-NM,5.459883266342262
Ru2S2-RhO-NM,5.509380501457399
Ru2Se2-RhO-NM,7.260608873783489
Ru2Te2-Undefined-NM,5.892840688823647
Sc2O2-AuSe-FM,2.406356633164555
Sc2O2-AuSe-NM,2.899871092979634
Sc2S2-AuSe-NM,2.492393538052528
Sc2Se2-NiSe-FM,5.004957803224318
Sc2Se2-NiSe-NM,5.0135144094066755
Sc2Te2-NiSe-FM,4.649495522865666
Sc2Te2-NiSe-NM,4.406504399225497
Ta2O2-RhO-NM,3.954257620376172
Ta2S2-NiSe-NM,10.61788557375323
Ta2Se2-NiSe-NM,11.185936860509237
Ta2Te2-NiSe-NM,11.07209799981352
Ti2O2-AuSe-FM,4.523188553270163
Ti2O2-AuSe-NM,3.7403097161996897
Ti2S2-NiSe-NM,8.359769087897991
Ti2Se2-NiSe-NM,8.285820155930118
V2O2-RhO-NM,1.885031758872646
V2S2-NiSe-FM,8.797753045018268
V2S2-NiSe-NM,8.820600410711672
V2S2-NiSe-AFM,8.624266751724832
V2Se2-NiSe-NM,9.003043767474965
V2Se2-NiSe-AFM,8.600410970674492
V2Te2-NiSe-FM,9.311351106072895
V2Te2-NiSe-NM,9.498359880320285
W2O2-AuSe-NM,9.044055327441226
W2S2-AuSe-NM,8.801848697487504
W2Se2-NiSe-NM,9.077599807751556
W2Te2-NiSe-NM,9.975125687789273
Zr2O2-AuSe-FM,4.8553932406687785
Zr2O2-AuSe-NM,4.269089832303754
Zr2S2-NiSe-NM,8.935792923192084
Zr2Se2-NiSe-NM,8.9795532416527
Zr2Te2-NiSe-NM,7.9584977625120095
HgS-BN-NM,0.0
HgSe-GeSe-NM,0.25670749802364584
BiWSb-BiTeI-NM,3.6775283208258376
WBrI-BiTeI-NM,7.92753686076099
WSeTe-BiTeI-NM,0.0
WSSe-BiTeI-NM,4.645731914282024
BiZrAs-BiTeI-NM,9.909213474193017
ZrAsSb-BiTeI-NM,9.3255089596594
ZrBrCl-BiTeI-NM,6.577882635872551
ZrBrI-BiTeI-NM,5.66612189925197
ZrSeTe-BiTeI-NM,3.0253585952985995
ZrSTe-BiTeI-NM,2.592911719301504
CrAsSb-BiTeI-FM,3.760303656401405
CrAsSb-BiTeI-NM,2.156880488350611
BiCrSb-BiTeI-FM,5.006312052952629
CrBrCl-BiTeI-FM,3.4599549723000367
CrBrI-BiTeI-FM,3.7417043095936457
CrClI-BiTeI-FM,3.6372724605918774
CrSeTe-BiTeI-NM,1.241063069722583
CrSSe-BiTeI-NM,2.110060787233937
CrSTe-BiTeI-NM,1.4436922080891905
BiHfAs-BiTeI-NM,9.940629310757837
HfAsSb-BiTeI-NM,9.568720072730578
BiHfSb-BiTeI-NM,12.894115689963698
HfBrCl-BiTeI-NM,6.606696183100198
HfBrI-BiTeI-NM,5.6935142770543035
HfClI-BiTeI-NM,4.564037333307384
HfSeTe-BiTeI-NM,2.3122682142572413
HfSTe-BiTeI-NM,2.2690112127839934
BiMoAs-BiTeI-NM,1.0017075966643743
MoAsSb-BiTeI-NM,3.4372267658198723
BiMoSb-BiTeI-NM,3.396879193145781
MoBrCl-BiTeI-NM,8.480613774010306
MoBrI-BiTeI-NM,7.113237763265339
MoClI-BiTeI-NM,7.064963324211281
MoSeTe-BiTeI-NM,0.0
MoSSe-BiTeI-NM,2.7913830278718508
BiNbAs-BiTeI-NM,8.182247139326225
NbAsSb-BiTeI-NM,6.754332418733921
BiNbSb-BiTeI-NM,8.001955697549947
NbBrCl-BiTeI-NM,8.870701634589567
NbBrI-BiTeI-NM,7.790502506623839
NbClI-BiTeI-NM,7.645685504391334
NbSeTe-BiTeI-NM,6.9658318331332305
NbSSe-BiTeI-NM,7.805230897221472
NbSTe-BiTeI-NM,6.054424544848723
BiTaAs-BiTeI-NM,8.660932073382885
TaAsSb-BiTeI-NM,7.899449830805171
BiTaSb-BiTeI-NM,8.535360428087705
TaBrCl-BiTeI-NM,9.312042893073112
TaBrI-BiTeI-NM,8.282689447218392
TaClI-BiTeI-NM,8.089971664552683
TaSeTe-BiTeI-NM,7.677539657688899
TaSSe-BiTeI-NM,8.332991635358413
TaSTe-BiTeI-NM,6.834384178907509
BiTiAs-BiTeI-NM,10.264654965981608
TiAsSb-BiTeI-NM,9.584940874541779
BiTiSb-BiTeI-NM,10.255259903349668
TiBrCl-BiTeI-FM,6.495107443744705
TiBrCl-BiTeI-NM,5.8457131875472355
TiBrI-BiTeI-FM,3.099644216622636
TiClI-BiTeI-FM,2.992675544206999
TiSeTe-BiTeI-NM,5.298513979753336
TiSSe-BiTeI-NM,3.2831540189994795
TiSTe-BiTeI-NM,3.253645306784849
BiVAs-BiTeI-NM,6.955034519186418
VAsSb-BiTeI-NM,6.166538630524059
BiVSb-BiTeI-FM,6.162772177085966
BiVSb-BiTeI-NM,6.348151375829687
VSeTe-BiTeI-FM,4.735646653201748
VSSe-BiTeI-FM,5.452179287535624
VSSe-BiTeI-NM,5.9426588726809895
VSTe-BiTeI-FM,3.6470810075183935
BiWAs-BiTeI-NM,3.646974445347915
WAsSb-BiTeI-NM,4.451438388770674
WBrCl-BiTeI-NM,9.236367123574777
WClI-BiTeI-NM,7.422198342819604
BiZrSb-BiTeI-NM,12.206755977264791
ZrClI-BiTeI-NM,4.873864103663057
As2C6-C3N-NM,7.404006693442701
As2Ge6-C3N-NM,6.328751683833518
As2Si6-C3N-NM,6.639474130969813
Bi2C6-C3N-NM,6.890288286660342
Bi2Ge6-C3N-NM,6.685605106240154
Bi2Pb6-C3N-NM,5.421398539687517
Bi2Si6-C3N-NM,6.921849572666482
Bi2Sn6-C3N-NM,6.035091446554836
C6P2-C3N-NM,7.440266764775405
C6Sb2-C3N-NM,8.066252838682546
Ge6N2-C3N-NM,0.9087894810173186
Ge6P2-C3N-NM,6.599167813490309
Ge6Sb2-C3N-NM,6.020735442986429
N2Si6-C3N-NM,5.3896025838124
P2Si6-C3N-NM,5.768462951102264
Pb6As2-C3N-NM,4.913009170820437
Pb6N2-C3N-NM,6.755814881384687
Pb6P2-C3N-NM,4.8919633202928585
Pb6Sb2-C3N-NM,5.526898693743952
Sb2Si6-C3N-NM,6.922982362621846
Sn6As2-C3N-NM,4.217183308389734
Sn6N2-C3N-NM,0.9230294188379344
Sn6P2-C3N-NM,3.7145169475528546
Sn6Sb2-C3N-NM,4.833069650672406
Sc2S2-CH-FM,4.797328678595904
Sc2S2-CH-NM,5.537483799735973
Sc2Se2-CH-FM,4.4005714480226885
Sc2Se2-CH-NM,4.192871796677342
Sc2Te2-CH-FM,3.604034319441731
Sc2F2-CH-FM,3.3392719235906045
Sc2I2-CH-FM,3.7664534135199044
Ti2Se2-CH-NM,0.0
Ti2Te2-CH-FM,4.246554358307521
Ti2F2-CH-NM,5.164479071987571
Ti2Br2-CH-NM,0.5463350310637256
Ti2I2-CH-FM,3.4458964490014705
Ti2I2-CH-NM,3.9121018684959847
V2S2-CH-NM,4.7168220739100555
V2Se2-CH-NM,5.212533463000695
V2Te2-CH-NM,5.913684286329003
V2Te2-CH-AFM,5.658709582668034
V2F2-CH-NM,0.6045099143405167
V2I2-CH-NM,1.9597968264943115
Cr2S2-CH-FM,5.3452540952435585
Cr2Se2-CH-FM,4.949028938551733
Cr2Se2-CH-AFM,6.029917406872895
Cr2Te2-CH-AFM,5.063324413490123
Cr2F2-CH-NM,3.096949601195055
Cr2I2-CH-FM,5.216548218015255
Fe2S2-CH-AFM,4.755534022961064
Fe2Se2-CH-FM,5.856707431640759
Fe2Se2-CH-AFM,4.11567770198525
Fe2Te2-CH-FM,6.70395957194819
Fe2Cl2-CH-FM,4.06162780243298
Fe2Br2-CH-FM,3.1313414708131804
Fe2I2-CH-FM,1.327909103051518
Co2S2-CH-NM,8.17350413901759
Co2Se2-CH-NM,7.655964793825161
Co2Te2-CH-NM,7.472095499043146
Co2F2-CH-FM,6.0055513956307776
Co2F2-CH-AFM,4.516970274881952
Co2Cl2-CH-FM,4.850817567560364
Co2Cl2-CH-AFM,2.7457143386036966
Co2Br2-CH-AFM,0.8552944848229528
Co2I2-CH-FM,1.9195484235604512
Ni2S2-CH-NM,8.786291932519925
Ni2Se2-CH-NM,8.745345449744065
Ni2Te2-CH-NM,8.66087992712605
Ni2F2-CH-FM,5.5770236434889355
Ni2Cl2-CH-FM,3.4121876250928267
Ni2Br2-CH-FM,3.380074154129035
Ni2I2-CH-FM,3.9373725293231527
Cu2S2-CH-NM,8.276818349739555
Cu2Se2-CH-NM,8.205256217505886
Cu2Te2-CH-NM,10.39298933017816
Cu2F2-CH-FM,3.7258115204740436
Cu2F2-CH-NM,3.507972757942114
Zn2F2-CH-NM,7.598244970337152
Zn2Cl2-CH-NM,4.697816720229823
Zn2Br2-CH-NM,3.512678225591633
Ga2Te2-CH-NM,7.5496267188202655
Br2Ge2-CH-NM,7.049666065620676
Ge2I2-CH-NM,7.171638957750302
Zr2Te2-CH-NM,2.191150921243348
Zr2F2-CH-NM,6.728873321317005
Zr2I2-CH-NM,1.2696192407743898
Nb2S2-CH-NM,4.581190311976449
Nb2Se2-CH-NM,5.3791949393251715
Nb2Te2-CH-NM,5.854765562605724
Nb2I2-ISb-NM,3.331995107978334
Mo2S2-CH-NM,5.098259210219153
Mo2Se2-CH-NM,3.9955966008383275
Mo2Te2-CH-NM,3.7410412904929164
Mo2F2-CH-NM,5.517381157578288
Mo2Cl2-CH-NM,6.921442106450308
Mo2Br2-CH-NM,7.713273398326744
Ru2S2-CH-NM,8.890435642008482
Ru2Se2-CH-NM,7.70340706362702
Ru2Te2-CH-NM,6.962017614645667
Ru2F2-GaSe-NM,13.342417882634544
Ru2Cl2-CH-NM,5.638052777846132
Rh2S2-CH-NM,9.63115090455046
Rh2Se2-CH-NM,9.16553490205344
Rh2Te2-CH-NM,9.340478341613903
Rh2F2-CH-FM,5.5526472032864
Rh2Cl2-CH-FM,2.584330343139673
Rh2Br2-CH-FM,3.9167472777468797
Rh2I2-CH-NM,7.129036191158681
Pd2S2-CH-NM,9.231374434326625
Pd2Se2-CH-NM,9.067373727514383
Pd2Te2-CH-NM,9.373776365658479
Pd2Cl2-CH-NM,4.314929942606108
Pd2Br2-CH-NM,4.1950579513508846
Pd2I2-CH-NM,3.8735157496682437
Ag2Se2-CH-NM,7.801410807591248
Ag2Te2-CH-NM,9.08651171620421
Cd2F2-CH-NM,5.332036623254794
Cd2Cl2-CH-NM,2.6453200842532607
Cd2Br2-CH-NM,2.048472521433604
In2S2-CH-NM,2.760211930163183
In2Te2-CH-NM,7.46989746353649
Sn2Cl2-CH-NM,3.0608798925217675
Sn2Br2-CH-NM,3.871864311023377
Sn2I2-CH-NM,5.515278296185249
Sb2Te2-CH-NM,9.57925074717944
F2Sb2-Undefined-NM,16.19095973471811
Hf2Te2-CH-FM,3.5213799300416904
Hf2Te2-CH-NM,2.6510479409139163
Hf2F2-CH-NM,7.47333731482717
Hf2Cl2-CH-NM,6.683281612144594
Hf2Br2-CH-NM,6.006011856515735
Hf2I2-CH-NM,4.48627792425982
Ta2S2-CH-NM,5.071091855972819
Ta2Se2-CH-NM,5.6035339264249755
Ta2Te2-CH-NM,6.074157060485861
Ta2I2-CH-NM,6.9123487110070565
W2S2-CH-NM,3.789877500369619
W2Se2-CH-NM,3.1248359014519336
W2F2-CH-NM,6.450985598356129
W2Cl2-CH-NM,8.066778082489712
Re2Cl2-CH-NM,3.425139677799891
Os2S2-CH-NM,7.302577913833652
Ir2S2-CH-NM,2.663955660971803
Ir2Se2-CH-NM,2.637993677957191
Ir2Te2-CH-NM,9.190944699631963
Ir2F2-Undefined-NM,15.33301024740742
Ir2Cl2-ISb-NM,3.4089638073237793
Pt2S2-CH-NM,9.408947227350236
Pt2Se2-CH-NM,9.347905947076164
Pt2Te2-CH-NM,9.607002485752204
Au2Se2-CH-NM,7.585823847950383
Au2Te2-CH-NM,8.446052275974866
Hg2Se2-CH-NM,1.569918220771212
Hg2F2-CH-NM,3.762489277225647
Tl2Se2-CH-NM,7.441353765328389
Tl2Te2-CH-NM,6.748682833819586
Bi2F2-CH-NM,11.39179518655114
Fe2Br2-FeSe-FM,1.5213040898297714
Co2O2-PbSe-AFM,6.897483282094352
Co2O2-FeSe-FM,4.519168358442773
Co2S2-FeSe-FM,7.292825969821777
Co2Se2-FeSe-FM,6.314835325293993
Co2Se2-FeSe-NM,6.360501786368703
Co2Te2-FeSe-NM,5.994533276947817
Cr2O2-FeSe-FM,7.380012639939226
Cr2S2-FeSe-AFM,6.569474420298454
Cr2S2-FeSe-FM,5.673073117171479
Cr2Se2-FeSe-AFM,6.334544925835601
Cr2Se2-FeSe-FM,5.494164533177376
Cr2Te2-FeSe-AFM,5.636423001646679
Cr2Te2-FeSe-FM,5.101402630638878
Fe2O2-PbSe-AFM,4.96441969906958
Fe2S2-FeSe-NM,5.269113314132474
Fe2Se2-FeSe-AFM,1.5206853724830893
Fe2Te2-FeSe-AFM,1.5936443630472217
Fe2Te2-FeSe-FM,4.3472275484379415
Hf2O2-FeSe-NM,8.563235269901574
Hf2S2-FeSe-NM,6.517981107491032
Hf2Te2-FeSe-NM,7.751556544259408
Ir2O2-FeSe-FM,8.13189214232654
Ir2O2-FeSe-NM,7.640340959281119
Ir2S2-FeSe-NM,7.807841355568114
Ir2Se2-FeSe-NM,7.533284123511398
Ir2Te2-FeSe-NM,7.362946582674329
Mn2O2-FeSe-FM,6.238110141869402
Mn2S2-FeSe-FM,5.276599416782308
Mn2Se2-FeSe-FM,5.104164604875029
Mn2Te2-FeSe-FM,5.390127436131991
Mo2O2-FeSe-NM,9.822210344889694
Mo2S2-FeSe-NM,7.703584700109951
Mo2Se2-FeSe-NM,7.057452350043343
Mo2Te2-FeSe-NM,6.3614773312217325
Nb2O2-FeSe-NM,9.356297235520127
Nb2S2-FeSe-NM,8.54982034750167
Nb2Se2-FeSe-NM,6.2478412259495775
Nb2Te2-FeSe-NM,5.653231973339241
Ni2O2-PbSe-AFM,7.367614360559775
Ni2O2-PbSe-FM,7.158367408920696
Ni2S2-FeSe-NM,8.496257378924966
Ni2Se2-FeSe-NM,7.907656030662295
Ni2Te2-FeSe-FM,6.736098312331437
Ni2Te2-FeSe-NM,6.229905923245134
Os2O2-FeSe-NM,8.952975610728267
Os2S2-FeSe-NM,7.286043971581025
Os2Se2-FeSe-NM,6.720680559663924
Os2Te2-FeSe-NM,6.513924145807531
Pb2Se2-FeSe-NM,0.0
Pt2Te2-FeSe-NM,4.402765516815631
Re2O2-FeSe-NM,8.412966580756477
Re2S2-FeSe-NM,8.31851488372321
Re2Se2-FeSe-NM,8.026538574647509
Re2Te2-FeSe-NM,7.712563462531275
Rh2O2-FeSe-NM,5.862595891744327
Rh2S2-FeSe-FM,7.66294010533312
Rh2S2-FeSe-NM,7.4470413869912
Rh2Se2-FeSe-NM,7.175416965240417
Rh2Te2-FeSe-NM,7.017053979053553
Ru2O2-FeSe-NM,7.443864028762915
Ru2Se2-FeSe-NM,6.318318491717235
Ru2Te2-FeSe-NM,6.171297556996844
Sc2O2-FeSe-NM,7.160103531577036
Sc2S2-FeSe-NM,4.883033233574467
Sc2Se2-FeSe-NM,4.532419201323137
Sc2Te2-FeSe-NM,4.305675066526886
Ta2O2-FeSe-NM,10.534781227158472
Ta2S2-FeSe-NM,7.731071098390658
Ta2Se2-FeSe-NM,7.781591911592874
Ta2Te2-FeSe-NM,6.395505145551069
Ti2O2-FeSe-NM,8.008116240670178
Ti2S2-FeSe-NM,6.130585796266711
Ti2Se2-FeSe-NM,6.62275616168533
Ti2Te2-FeSe-FM,6.443319855666674
Ti2Te2-FeSe-NM,6.609918576001104
V2S2-FeSe-FM,6.424358018270346
V2S2-FeSe-NM,7.02872946921204
V2Se2-FeSe-FM,6.389336913048894
V2Se2-FeSe-NM,6.127934672393269
V2Te2-FeSe-AFM,5.173289526366073
V2Te2-FeSe-NM,5.291680203790329
W2O2-FeSe-NM,10.828871514451295
W2S2-FeSe-NM,7.677441851472983
W2Se2-FeSe-NM,7.33292043757824
W2Te2-FeSe-NM,6.143272162849188
Zr2O2-FeSe-NM,8.745817040067331
Zr2S2-FeSe-NM,7.368110819431174
Zr2Se2-FeSe-NM,7.202487752794557
Zr2Te2-FeSe-NM,7.441341640301147
Fe2I2-FeSe-FM,0.30141683799941965
Ca2F2-PbSe-NM,7.110417908527007
Ca2Br2-FeSe-NM,5.632793210586138
Sc2Br2-FeSe-FM,5.580739437186734
Ti2I2-FeSe-NM,5.997541586129917
V2Cl2-FeSe-FM,4.972261451628944
V2Cl2-FeSe-NM,4.264855538446089
V2Cl2-FeSe-AFM,3.5517009065333323
V2I2-FeSe-FM,5.147500127984289
V2I2-FeSe-NM,1.8524757310814546
Mn2F2-FeSe-FM,7.23521503420748
Mn2Br2-FeSe-FM,4.596090019426412
Mn2Br2-FeSe-AFM,3.268074922133859
Fe2Cl2-FeSe-FM,2.054494057509406
Ca2Cl2-FeSe-NM,6.235717134608866
Sc2I2-FeSe-FM,5.378921652742295
Ti2Cl2-FeSe-NM,6.2875526514415485
V2F2-FeSe-FM,7.461705660043312
V2F2-FeSe-AFM,2.356960857007259
V2Br2-FeSe-FM,5.284367782263594
V2Br2-FeSe-NM,3.4984239121184557
Cr2F2-FeSe-FM,8.057182241591464
Mn2Cl2-FeSe-FM,5.534418741592478
Mn2Cl2-FeSe-AFM,3.875406881656479
Co2F2-FeSe-FM,4.840473164890606
Fe2F2-FeSe-FM,5.914343937660939
Fe2F2-FeSe-AFM,1.8294570660076808
Ti2Br2-FeSe-NM,6.145052149515096
Co2Cl2-FeSe-FM,2.8302783405137797
Co2Cl2-FeSe-AFM,3.4953620374038272
Co2Br2-FeSe-FM,2.563294858631132
Ni2F2-FeSe-AFM,3.1577531058447383
Ni2Cl2-FeSe-AFM,1.2499476396362623
Ni2Br2-FeSe-FM,1.4682673605537337
Ni2Br2-FeSe-AFM,2.4683989424073296
Ni2I2-FeSe-FM,2.0231971221809353
Cu2F2-FeSe-NM,3.9609550337813983
Zn2I2-FeSe-FM,5.1295413076963845
Sr2F2-PbSe-NM,6.782211669442986
Sr2Br2-FeSe-NM,6.154935790334159
Sr2I2-FeSe-FM,1.3505891671582912
Y2Cl2-FeSe-FM,6.964427801413371
Y2Br2-FeSe-FM,6.745612349692801
Y2I2-FeSe-FM,6.467696931052284
Zr2F2-FeSe-NM,7.991193280019257
Zr2Cl2-FeSe-NM,7.284359270088907
Zr2Br2-FeSe-NM,7.094636035855267
Zr2I2-FeSe-NM,6.896578583681237
Nb2Cl2-FeSe-FM,7.3033018190279035
Nb2Cl2-FeSe-AFM,6.525874192720697
Mo2F2-FeSe-AFM,4.209244585796499
Ru2F2-FeSe-NM,10.582289240252981
Pd2Cl2-FeSe-NM,3.7942897053489593
Pd2Br2-FeSe-FM,3.8506653173861043
Pd2Br2-FeSe-NM,3.728745537658727
Cd2F2-FeSe-NM,7.941856942974001
Sn2Br2-FeSe-NM,9.850153516646296
Ba2Cl2-FeSe-NM,6.242084906278484
Ba2Br2-FeSe-NM,5.595565391546757
Ba2I2-FeSe-NM,5.182120750083879
Hf2Cl2-FeSe-NM,7.3819329082285225
Hf2Br2-FeSe-NM,7.310182697665971
Hf2I2-FeSe-NM,7.224711406022073
Ta2Cl2-FeSe-FM,8.632051283348224
Hg2Br2-FeSe-NM,4.197130091053439
Hg2I2-FeSe-FM,4.571084537941841
Ag2Te2-GaSe-NM,9.680230450382352
Au2S2-GaSe-NM,10.16943570051069
Au2Se2-GaSe-NM,9.110456850868808
Au2Te2-GaSe-NM,9.154215329416571
Bi2S2-GaSe-NM,6.147351988133156
Co2S2-GaSe-NM,10.361841808753194
Co2Se2-GaSe-FM,9.413845643454442
Co2Se2-GaSe-NM,10.038510375375862
Co2Te2-GaSe-FM,9.38910408294263
Cu2Se2-GaSe-NM,9.563514784849021
Cu2Te2-GaSe-FM,8.671741385858518
Cu2Te2-GaSe-NM,7.726858681585702
Fe2S2-GaSe-NM,8.274847770500896
Fe2Se2-GaSe-FM,7.312110038376552
Fe2Se2-GaSe-NM,7.559828405595119
Fe2Te2-GaSe-FM,7.170909800943281
Fe2Te2-GaSe-NM,7.182164187729019
Hf2S2-GaSe-FM,5.684911047942195
Hf2S2-GaSe-NM,6.631140965280037
Hf2Se2-GaSe-FM,5.274836616748871
Hf2Te2-GaSe-NM,1.8231048678035835
Ir2S2-GaSe-NM,5.4233168403279866
Ir2Te2-GaSe-NM,11.83234580029077
Mn2S2-GaSe-FM,6.433769005090414
Mn2S2-GaSe-NM,4.547893760946165
Mn2Se2-GaSe-AFM,0.0
Mn2Se2-GaSe-FM,6.290468126664107
Mn2Te2-GaSe-AFM,0.0
Mn2Te2-GaSe-FM,5.499847579599597
Mo2Se2-CH-NM-2,6.691454563129621
Nb2S2-GaSe-FM,4.778616064007017
Nb2S2-GaSe-NM,4.66901698312998
Nb2Se2-GaSe-FM,5.339310138581073
Nb2Se2-GaSe-NM,5.264334055619539
Nb2Te2-GaSe-NM,5.723368804230787
Ni2S2-GaSe-FM,9.999943046994806
Ni2S2-GaSe-NM,10.147080670802106
Ni2Se2-GaSe-NM,9.887842866719716
Ni2Te2-GaSe-NM,9.813023060287605
Os2S2-GaSe-NM,10.947895326838147
Pd2S2-GaSe-NM,10.152273414174863
Pd2Se2-GaSe-NM,8.92814126953817
Pd2Te2-GaSe-NM,9.174242622849297
Pt2S2-GaSe-NM,12.029855494582938
Pt2Se2-GaSe-NM,11.323100591507757
Pt2Te2-GaSe-NM,11.098398587112607
Rh2S2-GaSe-NM,6.535944657904999
Rh2Se2-GaSe-NM,5.993610447458177
Rh2Te2-GaSe-NM,7.174278001347692
Ru2S2-GaSe-NM,10.183852968120474
Ru2Se2-GaSe-NM,9.435349633316399
S2Sb2-GaSe-NM,8.170603674017716
Sc2S2-GaSe-NM,1.1056861445287718
Sc2Se2-GaSe-NM,0.49699244427899986
Sc2Te2-GaSe-NM,0.172477320941192
Ta2S2-GaSe-FM,6.3657144053422074
Ta2S2-GaSe-NM,6.379890607598444
Ta2Se2-GaSe-NM,6.142207245681167
Ti2S2-GaSe-FM,6.136466593599186
Ti2S2-GaSe-NM,6.330290562449555
Ti2Se2-GaSe-FM,5.555506382977211
V2S2-GaSe-AFM,3.3871306064055506
V2S2-GaSe-NM,3.3429193509000563
V2Se2-GaSe-NM,3.310492699745559
W2S2-GaSe-NM,9.696675937889813
W2Se2-CH-NM-2,6.913003360217179
W2Te2-GaSe-NM,7.083447849493433
Zr2S2-GaSe-NM,7.107236137042768
Zr2Se2-GaSe-NM,5.290261819932583
VI2-GeS2-FM,3.0182217711466395
CrS2-GeS2-FM,5.409822595545614
CrSe2-GeS2-FM,5.634605783258105
CrF2-GeS2-FM,4.106516054941478
CrCl2-GeS2-FM,3.045705862141535
CrI2-GeS2-FM,2.97102151443206
MnO2-GeS2-FM,4.659013477309196
MnSe2-GeS2-FM,5.950847261896667
FeO2-GeS2-NM,5.936713506471815
FeS2-GeS2-NM,8.072905694651343
FeTe2-GeS2-FM,11.478223493012843
FeBr2-GeS2-FM,0.6603835733638859
FeI2-GeS2-FM,0.6155681317862586
CoI2-GeS2-FM,1.3262881445541121
NiO2-GeS2-FM,5.93163850350891
NiSe2-GeS2-FM,13.446267624463754
NiSe2-GeS2-NM,11.809692507974583
NiTe2-GeS2-FM,12.421812681000922
NiTe2-GeS2-NM,11.122672621902236
NiCl2-GeS2-NM,3.1583210452692287
NiBr2-GeS2-FM,3.897866611309297
CuO2-GeS2-FM,1.2329616117708169
CuTe2-GeS2-NM,16.56311641451601
CuF2-GeS2-NM,4.7181876644044785
CuBr2-GeS2-NM,5.206588450561561
CuI2-GeS2-NM,6.376928502845804
ZnS2-GeS2-NM,16.202199695612865
ZnSe2-GeS2-NM,16.297898515873598
GaO2-GeS2-FM,2.1087498519534904
GaSe2-GeS2-NM,7.737752206005012
RbTe2-GeS2-NM,17.697773865764308
RbI2-Undefined-NM,0.02437375047146441
GaTe2-GeS2-NM,8.01767373612925
GeTe2-GeS2-NM,1.7648923389737796
RbSe2-GeS2-NM,17.46298979735696
KSe2-GeS2-NM,18.685523861688598
KTe2-GeS2-NM,18.643050716107616
KI2-Undefined-NM,0.05616726905285823
CaSe2-GeS2-NM,13.218229936888935
CaTe2-GeS2-NM,14.146766792054116
ScS2-GeS2-NM,5.8999586729767906
ScSe2-GeS2-NM,6.915012513837277
ScTe2-GeS2-NM,7.834034665728565
ScBr2-GeS2-FM,2.5325566925533525
ScI2-GeS2-FM,2.5753358363067083
TiCl2-GeS2-FM,3.5175429116900205
TiBr2-GeS2-FM,2.9410785920651903
TiI2-GeS2-FM,2.1795520176831067
VS2-GeS2-FM,2.2183786568059194
VSe2-GeS2-FM,1.4549431683028984
VTe2-GeS2-FM,1.38285110513134
VF2-GeS2-NM,7.700909284344453
VCl2-GeS2-FM,2.9834955086406305
VBr2-GeS2-FM,2.729529536906907
CrO2-GeS2-FM,4.0663507215507515
CrTe2-GeS2-FM,5.658911596626772
CrBr2-GeS2-FM,2.9520626846562097
MnS2-GeS2-FM,6.32067913074407
MnS2-GeS2-NM,6.57267649978164
MnF2-GeS2-FM,4.7217672745357815
FeSe2-GeS2-NM,7.728239575783053
FeCl2-GeS2-FM,0.696081654102248
CoO2-GeS2-NM,5.930488647695304
NiF2-GeS2-FM,3.3220253037331577
NiI2-GeS2-FM,4.663882966302495
CuSe2-GeS2-NM,17.374495861715065
CuCl2-GeS2-FM,4.177033549289412
CuCl2-GeS2-NM,4.208826732527957
ZnTe2-GeS2-NM,15.875949252797072
GaS2-GeS2-NM,7.337000051739469
SrTe2-GeS2-NM,13.115443202103489
YS2-GeS2-FM,2.0763682660670812
YSe2-GeS2-NM,5.307819125810793
YTe2-GeS2-NM,6.715086607334373
YF2-GeS2-FM,5.851750366960486
YF2-GeS2-NM,5.890245927821556
YCl2-GeS2-NM,4.824369052828652
YBr2-GeS2-FM,3.978565354478981
YI2-GeS2-FM,3.0191270611341414
ZrF2-GeS2-NM,8.970323868833841
ZrCl2-GeS2-NM,7.876572511759421
ZrI2-GeS2-FM,4.922773772205017
NbO2-GeS2-FM,6.426522912276525
NbS2-GeS2-NM,5.356219259471367
NbSe2-GeS2-FM,3.078830577395497
NbSe2-GeS2-NM,5.10643487403454
NbTe2-GeS2-FM,2.4417618145084083
NbF2-GeS2-NM,10.02623112336924
NbCl2-GeS2-NM,7.9444552034434235
NbBr2-GeS2-NM,7.506627112332229
NbI2-GeS2-FM,6.281180332308854
MoO2-GeS2-NM,8.534958493412194
MoS2-GeS2-NM,5.017672099594772
MoSe2-GeS2-FM,4.81102929305895
MoSe2-GeS2-NM,4.1998177751409855
RuO2-GeS2-NM,6.693385430179568
RuS2-GeS2-NM,7.174605355227456
RuSe2-GeS2-NM,7.653706626605658
RuF2-GeS2-NM,1.8096049443107334
RhO2-GeS2-NM,7.2556129904878714
RhF2-GeS2-FM,5.841381853117577
RhI2-GeS2-NM,5.313088567278615
PdSe2-GeS2-NM,17.74238743637282
PdTe2-GeS2-NM,14.889727994848442
PdCl2-GeS2-NM,4.381975072400183
PdBr2-GeS2-NM,4.306991116658534
PdI2-GeS2-NM,4.509192434377743
AgO2-GeS2-FM,2.8190044439163247
AgSe2-GeS2-NM,19.233047031117184
AgTe2-GeS2-NM,18.311016429490298
AgF2-Undefined-NM,5.5081569751503405
AgCl2-GeS2-NM,3.9675852433768086
AgBr2-GeS2-NM,4.891600839539263
AgI2-GeS2-NM,6.56695820281168
CdSe2-GeS2-NM,15.194412713988802
CdTe2-GeS2-NM,15.664187247026886
InS2-GeS2-NM,6.285547705150559
InSe2-GeS2-NM,6.770275903602273
InTe2-GeS2-NM,7.270295381791158
S2Sb-GeS2-NM,6.971380832353767
SbSe2-GeS2-NM,6.774068708722866
Br2Sb-GeS2-FM,4.590374034544694
I2Sb-GeS2-FM,3.8767294458262067
CsF2-Undefined-FM,5.713364046331913
BaTe2-GeS2-NM,11.894939430101985
HfF2-GeS2-NM,7.540834533247652
HfCl2-GeS2-NM,7.307394335853022
HfBr2-GeS2-NM,6.750778323133334
HfI2-GeS2-NM,5.429132148579389
TaSe2-GeS2-FM,5.457882686659746
TaTe2-GeS2-FM,4.2480777188036996
TaTe2-GeS2-NM,5.112797335458933
TaF2-GeS2-NM,9.735967200604842
TaCl2-GeS2-NM,8.073430452753868
TaBr2-GeS2-NM,7.391288998726254
WO2-GeS2-NM,0.0
WS2-GeS2-NM,5.871497501818043
WF2-GeS2-FM,6.596918660157407
ReS2-GeS2-NM,7.112197905478876
ReF2-GeS2-NM,5.363395005507236
OsF2-GeS2-FM,5.362624226305224
OsF2-GeS2-NM,4.984774616550052
IrS2-GeS2-NM,10.303879845774661
IrTe2-GeS2-NM,10.995161437699588
IrF2-GeS2-FM,5.184738669854415
PtO2-GeS2-NM,3.8131540872010796
PtF2-GeS2-FM,0.0
PtI2-GeS2-NM,5.021000330430721
AuTe2-GeS2-NM,17.341683015479283
AuF2-GeS2-FM,2.802607230473046
AuCl2-GeS2-NM,3.9233879095691844
AuBr2-GeS2-NM,4.341892014396509
AuI2-GeS2-NM,5.434781354021756
HgO2-GeS2-NM,2.0055917853915544
HgTe2-GeS2-NM,15.409157959574866
TlSe2-GeS2-NM,6.515720925711858
TlTe2-GeS2-NM,7.034694679069256
TlF2-GeS2-NM,4.852104260678548
TlI2-GeS2-NM,4.142598151009883
BiO2-GeS2-NM,6.1916428313253995
BiS2-GeS2-NM,5.361424825634653
BiSe2-GeS2-NM,5.0394405300986
BiF2-GeS2-NM,8.028183828040818
BiI2-GeS2-FM,3.9822713466365482
Sc2P2Te6-MnPSe3-NM,5.04393777297286
Ti2P2S6-MnPSe3-FM,3.8647451344702124
Ti2P2S6-MnPSe3-NM,5.415596488302197
Ti2P2S6-MnPSe3-AFM,4.577402008232127
Ti2P2Se6-MnPSe3-FM,3.415552845102577
Ti2P2Se6-MnPSe3-AFM,2.7761306692797416
Ti2P2Te6-MnPSe3-FM,4.248449693344677
Ti2P2Te6-MnPSe3-AFM,3.313877061643179
V2P2Te6-Undefined-FM,4.173418809118648
Cr2P2S6-MnPSe3-FM,4.609203304860016
Cr2P2S6-MnPSe3-AFM,2.459808870848827
Cr2P2Te6-MnPSe3-FM,4.194025662349449
Cr2P2Te6-MnPSe3-AFM,4.761787110003079
Mn2P2Se6-MnPSe3-FM,2.9834316911350705
Mn2P2Te6-MnPSe3-FM,3.737721958299821
Mn2P2Te6-Undefined-AFM,3.395056414713666
Fe2P2Te6-MnPSe3-NM,1.4781311621873008
Co2P2Se6-MnPSe3-NM,2.1611343149211044
Co2P2Te6-MnPSe3-NM,2.1987323295423877
Ni2P2S6-MnPSe3-FM,1.0375271654631681
Ni2P2Se6-MnPSe3-FM,3.6783232333776
Cu2P2Se6-MnPSe3-NM,3.230882018842826
Zr2P2Te6-Undefined-NM,3.7894837895186373
Nb2P2Se6-Undefined-NM,2.8701255910185046
Mo2P2S6-Undefined-NM,1.9109143837212406
Mo2P2Se6-Undefined-NM,1.4160655202908088
Mo2P2Te6-Undefined-NM,4.404323906895908
Pd2P2S6-MnPSe3-NM,0.1941927531595038
Pd2P2Se6-MnPSe3-NM,1.780683726229977
Pd2P2Te6-MnPSe3-NM,5.182238256554225
Co2P2S6-MnPSe3-NM,3.922789341141619
Rh2P2S6-MnPSe3-NM,4.045368245259582
Hf2P2Te6-Undefined-NM,1.7755541536098978
Ta2P2S6-Undefined-NM,2.286391493617125
W2P2S6-Undefined-NM,1.538532834236603
W2P2Se6-Undefined-NM,3.9972683365641783
Os2P2S6-ScPSe3-NM,0.0
Os2P2Se6-MnPSe3-NM,4.5956785446092185
Os2P2Te6-MnPSe3-NM,1.8520449956066511
Pt2P2S6-MnPSe3-NM,0.3255191488682494
Pt2P2Te6-MnPSe3-NM,4.122559561284329
Cu2P2S6-MnPSe3-FM,4.026053708071647
Cu2P2S6-MnPSe3-NM,4.551597495057283
Cu2P2Te6-MnPSe3-NM,5.42779520806616
Ga2P2Se6-MnPSe3-NM,5.3946771425697655
In2P2Se6-MnPSe3-NM,3.2005007969650743
In2P2Te6-MnPSe3-NM,3.2132932069738382
Tl2P2S6-MnPSe3-NM,3.7153365530990246
Tl2P2Se6-MnPSe3-NM,4.030155521840257
Tl2P2Te6-MnPSe3-NM,4.185671874294259
Ag2P2S6-MnPSe3-NM,3.0444040406626147
Ag2P2Se6-MnPSe3-NM,2.767631508009691
Ag2P2Te6-MnPSe3-NM,3.264199386021505
Al2P2Te6-MnPSe3-NM,6.664101093550323
Au2P2S6-Undefined-NM,0.4386623155918649
Au2P2Se6-Undefined-NM,0.5709941883999426
Au2P2Te6-MnPSe3-NM,3.4457109674274187
Nb2P2Te6-Undefined-NM,6.653381549511305
V2P2S6-MnPSe3-FM,3.4034803333597465
Ni2P2Te6-MnPSe3-FM,7.113355281196363
Ni2P2Te6-MnPSe3-NM,6.811553635103802
AgBr2-CdI2-FM,3.6262801783934724
AgBr2-CdI2-NM,4.9907922961047255
AgCl2-CdI2-FM,3.18820655225571
AgI2-CdI2-NM,5.665878051644813
AlBr2-CdI2-FM,5.692245904087011
AlBr2-CdI2-NM,6.065375139963794
AlCl2-CdI2-FM,3.25415732176849
AlCl2-CdI2-NM,5.276193888369331
AlI2-CdI2-NM,5.5861736147937195
AuBr2-CdI2-FM,3.6890958108040888
AuBr2-CdI2-NM,5.078528989305358
AuCl2-CdI2-FM,3.2178363320953722
AuCl2-CdI2-NM,4.788025637996779
AuI2-CdI2-FM,5.573496468162563
AuI2-CdI2-NM,5.66059021154355
CoI2-CdI2-FM,4.688353388257136
CrBr2-CdI2-FM,3.6705614265363393
CrCl2-CdI2-FM,3.3352265643441705
CrI2-CdI2-FM,3.9668453561359813
CuBr2-CdI2-FM,3.6671512361258505
CuCl2-CdI2-FM,3.452461068302889
CuI2-CdI2-NM,6.327407881801786
GaBr2-CdI2-NM,5.433399862799141
GaCl2-CdI2-FM,3.841012464906673
GaCl2-CdI2-NM,4.813827546044524
GaI2-CdI2-NM,5.267423524415828
HfBr2-CdI2-NM,6.61128214206271
HfCl2-CdI2-NM,7.431524186848869
HfI2-CdI2-NM,5.922685080935966
InBr2-CdI2-NM,4.141399597684063
InCl2-CdI2-NM,3.4340410611992827
InI2-CdI2-NM,4.5057926743177665
IrBr2-CdI2-FM,4.908158423500834
IrBr2-CdI2-NM,5.448303464873731
IrCl2-CdI2-FM,4.518569725149133
IrI2-CdI2-NM,6.26751998762612
MoBr2-CdI2-NM,8.039085820168694
MoCl2-CdI2-NM,9.135599729731917
MoI2-CdI2-FM,4.0014454617233755
NbBr2-CdI2-NM,8.77765687805469
NbCl2-CdI2-NM,9.64539619178509
NbI2-CdI2-NM,7.8026225777145015
NiI2-CdI2-FM,0.0
PdI2-CdI2-NM,6.58890492810048
PtI2-CdI2-FM,6.92887738366828
PtI2-CdI2-NM,7.090540622772536
ReBr2-CdI2-FM,2.7647668700156536
ReCl2-CdI2-NM,8.020076092471516
ReI2-CdI2-FM,3.1124525017533697
RhBr2-CdI2-FM,4.596655635862184
RhCl2-CdI2-FM,4.226508116383548
RhI2-CdI2-FM,5.110571688695581
RhI2-CdI2-NM,6.144303496931542
ScBr2-CdI2-NM,6.855400856843826
ScCl2-CdI2-NM,6.916485497704587
ScI2-CdI2-NM,6.7443501633281615
TaBr2-CdI2-NM,9.044671812926463
TaCl2-CdI2-NM,9.993990263634801
TaI2-CdI2-NM,7.898664482282922
TiBr2-CdI2-FM,3.984846317059262
TiCl2-CdI2-NM,6.8775348371982234
TiI2-CdI2-FM,2.736208609586069
TlBr2-CdI2-NM,3.82557204472681
TlCl2-CdI2-NM,2.922685864557111
TlI2-CdI2-NM,4.093788884752992
WBr2-CdI2-NM,9.049497662498956
WCl2-CdI2-NM,9.969553766320516
WI2-CdI2-NM,8.231310487357485
YBr2-CdI2-NM,7.699593963257519
YCl2-CdI2-NM,7.7292138714592635
YI2-CdI2-NM,7.721562950581319
ZrBr2-CdI2-NM,6.728770518679074
ZrCl2-CdI2-NM,7.655891424846315
ZrI2-CdI2-NM,6.42726777345373
SbTe2-CdI2-NM,7.020063302096331
MoSb2-CdI2-NM,3.791988884763387
NbAs2-CdI2-NM,6.675434437255781
Bi2Nb-CdI2-NM,8.108372529265706
SbSe2-CdI2-NM,7.136707856037567
MoAs2-CdI2-NM,5.112704828282213
NbSb2-CdI2-NM,8.065185570752032
AsBr2-CdI2-NM,4.095212709745834
AsCl2-CdI2-FM,3.885210474493851
AsSe2-CdI2-NM,8.121068938353122
AsS2-CdI2-NM,8.02934603626586
AsTe2-CdI2-NM,8.449729313389915
BiI2-CdI2-FM,4.334339950822414
BiSe2-CdI2-NM,6.456476923070419
BiS2-CdI2-NM,6.344131354443204
BiTe2-CdI2-NM,7.491422004538021
CrAs2-CdI2-FM,4.987390623357875
CrAs2-CdI2-NM,3.2268567835428708
CrSb2-CdI2-FM,4.977892636905817
HfAs2-CdI2-NM,11.812296435436542
Bi2Hf-CdI2-NM,13.438873530811055
HfSb2-CdI2-NM,13.16532326855305
S2Sb-CdI2-NM,7.1552671413721
TaAs2-CdI2-NM,6.8398069912532415
TaSb2-CdI2-NM,8.539025477851126
TiAs2-CdI2-NM,11.894194844847268
Bi2Ti-CdI2-NM,10.223003521203923
TiSb2-CdI2-NM,11.034125216408302
VAs2-CdI2-NM,7.337722911317883
VSb2-CdI2-NM,6.663513157373686
WAs2-CdI2-NM,5.958450579583272
ZrAs2-CdI2-NM,11.714017169455719
Bi2Zr-CdI2-NM,12.32833202203003
ZrSb2-CdI2-NM,12.365930717527593
AgBr2-MoS2-FM,1.8995050197160546
AgCl2-MoS2-FM,2.0362464504262836
AgI2-MoS2-NM,5.104085366813563
AlCl2-MoS2-FM,2.031314452351603
AlI2-MoS2-NM,5.3868322754202485
AuBr2-MoS2-FM,2.0094092387705125
AuBr2-MoS2-NM,1.9598526960080522
AuCl2-MoS2-FM,2.3973611573412468
AuCl2-MoS2-NM,2.489417828546953
AuI2-MoS2-FM,2.1202799393837046
CoBr2-MoS2-FM,2.4944493741475804
CoCl2-MoS2-FM,2.492633734757251
CoI2-MoS2-FM,2.5202853760233577
CrBr2-MoS2-FM,2.8255810544751734
CrCl2-MoS2-FM,2.921534792538439
CrI2-MoS2-FM,2.508004411311834
CuBr2-MoS2-FM,2.321531127060838
CuCl2-MoS2-FM,2.0033303570878815
CuI2-MoS2-FM,4.832298886147397
CuI2-MoS2-NM,5.524182344830706
GaBr2-MoS2-NM,5.128560649248736
GaCl2-MoS2-FM,4.296959650006946
GaI2-MoS2-NM,5.224592580531243
InBr2-MoS2-FM,4.109845273749225
InBr2-MoS2-NM,4.5576108709926935
InCl2-MoS2-NM,3.643896426242517
InI2-MoS2-NM,4.6228320686088935
IrBr2-MoS2-NM,6.177303210653258
IrCl2-MoS2-FM,6.5024893282360585
IrCl2-MoS2-NM,6.529096945294499
IrI2-MoS2-NM,6.679010212028797
MoBr2-MoS2-FM,6.179138334107031
MoBr2-MoS2-NM,7.015338498742658
MoCl2-MoS2-FM,8.371526281903133
MoCl2-MoS2-NM,8.47454325882361
MoI2-MoS2-FM,4.130741493315852
NbBr2-MoS2-NM,6.378544259348047
NbCl2-MoS2-NM,7.133082994268272
NbI2-MoS2-NM,5.8699085839325695
NiBr2-MoS2-FM,3.0962360486021483
NiCl2-MoS2-FM,1.8773735790251158
NiI2-MoS2-FM,3.760131105946866
OsBr2-MoS2-FM,1.152911288868595
OsCl2-MoS2-FM,0.0
OsI2-MoS2-FM,7.016723795714992
OsI2-MoS2-NM,7.065383959739659
PdBr2-MoS2-NM,3.66373845576718
PdCl2-MoS2-FM,2.7485401624321284
PdI2-MoS2-NM,3.497090728573302
PtBr2-MoS2-NM,4.6620762683322265
PtCl2-MoS2-FM,4.058184596823478
PtCl2-MoS2-NM,4.759714031720992
PtI2-MoS2-NM,4.073069303209213
ReBr2-MoS2-FM,7.1830194747595995
ReCl2-MoS2-FM,8.864009194618923
ReI2-MoS2-FM,4.467099554994923
RhBr2-MoS2-FM,3.176556123581596
RhCl2-MoS2-FM,2.7604357199993275
RhI2-MoS2-FM,6.371275934837334
RhI2-MoS2-NM,6.353948291591644
RuI2-MoS2-FM,3.7236395828676225
TaBr2-MoS2-NM,6.831613419506418
TaCl2-MoS2-NM,7.612068855135954
TaI2-MoS2-NM,6.110913483419518
TlBr2-MoS2-NM,4.2438263634005144
TlCl2-MoS2-NM,3.4910406333106314
TlI2-MoS2-NM,4.308127720660335
VBr2-MoS2-FM,1.8673247242464392
VCl2-MoS2-FM,2.6548541417518408
VI2-MoS2-FM,2.002036071804562
WBr2-MoS2-NM,8.77032728686634
WCl2-MoS2-NM,10.4432441460095
WI2-MoS2-NM,7.393654325004705
TiAs2-MoS2-NM,13.35413215927599
S2Sb-MoS2-NM,6.565227254762752
TaSb2-MoS2-NM,11.049794278808605
SbTe2-MoS2-NM,8.788177868321782
Bi2Ti-MoS2-NM,12.314026908714158
TaAs2-MoS2-NM,9.387544712127596
BiSe2-MoS2-NM,7.512759210116978
BiS2-MoS2-NM,6.1037348362338575
BiTe2-MoS2-NM,8.232882752409772
CrAs2-MoS2-FM,7.618895167279788
CrAs2-MoS2-NM,7.352454680602268
HfAs2-MoS2-NM,14.111599583950596
Bi2Hf-MoS2-NM,13.955439352917674
HfSb2-MoS2-NM,14.035247843856434
MoAs2-MoS2-NM,9.756780341963799
MoSb2-MoS2-NM,8.45477568398123
NbAs2-MoS2-NM,8.956131822349287
Bi2Nb-MoS2-NM,8.548756421890179
NbSb2-MoS2-NM,8.462061542238672
SbSe2-MoS2-NM,6.593374920904355
TiSb2-MoS2-NM,12.71333384138865
VAs2-MoS2-NM,8.012726420677682
Bi2V-MoS2-FM,7.276538399188261
VSb2-MoS2-NM,7.166710790732733
WAs2-MoS2-NM,12.447884562317649
ZrAs2-MoS2-NM,13.94495645682954
Bi2Zr-MoS2-NM,13.176767635719125
ZrSb2-MoS2-NM,13.353865804255687
Ag2Br6-BiI3-FM,0.0
Ag2I6-BiI3-FM,2.9433751731250344
Ag2I6-BiI3-NM,4.103884083977285
Au2I6-BiI3-FM,2.1886928303088613
Cu2Br6-BiI3-FM,0.0
Cu2I6-BiI3-AFM,1.9980248163395764
Cu2I6-BiI3-FM,3.250484936277366
Cu2I6-BiI3-NM,3.9447026062609005
Fe2I6-BiI3-AFM,0.7600740146342632
Fe2I6-BiI3-FM,0.8128776602818802
Hf2Br6-BiI3-FM,2.9329323954794844
Hf2Br6-BiI3-NM,4.708941556474425
Hf2Cl6-BiI3-FM,3.102546894643497
Hf2Cl6-BiI3-NM,4.835976685299981
Hf2I6-BiI3-FM,2.6699739865274728
Hf2I6-BiI3-NM,4.18586391136252
Mn2Br6-BiI3-AFM,1.8581384284278704
Mn2Br6-BiI3-FM,1.1634895357948318
Nb2Br6-BiI3-FM,3.2752409844855004
Nb2Cl6-BiI3-FM,3.520125468254863
Nb2I6-BiI3-FM,1.5950019565027205
Ni2Br6-BiI3-AFM,1.6932967697999866
Ni2Br6-BiI3-FM,0.9592111805362071
Ni2Cl6-BiI3-FM,1.010215917449492
Ni2I6-BiI3-FM,1.4136291032731563
Os2Br6-BiI3-FM,0.3707430151735835
Os2I6-BiI3-FM,0.7845793405046928
Os2I6-BiI3-NM,2.3427065105425884
Pd2Br6-BiI3-FM,1.3019048384662932
Pd2Cl6-BiI3-FM,0.8628763380106563
Pd2I6-BiI3-FM,1.2187431941196059
Pt2Br6-BiI3-FM,1.1670492136945703
Pt2Cl6-BiI3-FM,0.7925494541185424
Pt2I6-BiI3-FM,1.7170035708783522
Re2Cl6-BiI3-FM,2.3997929033440104
Ru2Br6-BiI3-FM,0.8991465439501158
Ru2Cl6-BiI3-FM,1.305799379707275
Ru2I6-BiI3-FM,1.0816869393533732
Ru2I6-BiI3-NM,1.9684167423246928
Ta2Br6-BiI3-FM,3.6990132197709436
Ta2Br6-BiI3-NM,4.684716323306096
Ta2Cl6-BiI3-FM,3.974137102047201
Ta2Cl6-BiI3-NM,4.869944453935658
Ta2I6-BiI3-AFM,3.656874401053929
Ta2I6-BiI3-FM,3.4036048953331997
Ta2I6-BiI3-NM,4.500652082261737
Ti2Cl6-BiI3-FM,0.4109968020583459
V2Br6-BiI3-FM,0.5873933693537879
V2Cl6-BiI3-FM,0.5864461893275269
V2I6-BiI3-FM,0.7935132913159584
Zr2Br6-BiI3-FM,2.6608615869452454
Zr2Cl6-BiI3-FM,2.7698038231758826
Zr2I6-BiI3-FM,2.5022498327339995
Ag2Br6-AgBr3-FM,3.0009323386006854
Ag2Br6-AgBr3-NM,2.9653196239524466
Ag2Cl6-AgBr3-FM,3.0575340364815085
Ag2Cl6-AgBr3-NM,3.032004969140918
Ag2I6-AgBr3-NM,6.84428303524831
Au2Br6-AgBr3-NM,3.310025586814098
Au2Cl6-AgBr3-FM,3.1283148949679327
Au2Cl6-AgBr3-NM,2.6461822555222776
Au2I6-AgBr3-NM,3.25943709237741
Co2Br6-AgBr3-AFM,1.803384727902064
Co2Cl6-AgBr3-AFM,0.0
Co2Cl6-AgBr3-FM,1.4229656280535046
Co2I6-AgBr3-AFM,2.7990096379755056
Co2I6-AgBr3-FM,2.40323644610066
Cu2Br6-AgBr3-FM,3.010442610659148
Cu2Br6-AgBr3-NM,3.035935926309141
Cu2Cl6-AgBr3-FM,3.3291542244155017
Cu2Cl6-AgBr3-NM,2.991353511796797
Cu2I6-AgBr3-FM,3.408790118931159
Cu2I6-AgBr3-NM,1.7937495362595173
Fe2Br6-TiCl3-FM,0.0
Fe2I6-TiCl3-AFM,0.0
Fe2I6-TiCl3-FM,2.612722374789868
Ga2I6-TiCl3-NM,0.0
Hf2Br6-TiCl3-FM,1.6416906276472525
Hf2Cl6-TiCl3-FM,1.5842496225818758
Hf2I6-TiCl3-FM,1.4686490619871957
Ir2Br6-TiCl3-NM,0.73026725732987
Ir2I6-TiCl3-NM,1.565822942964372
Mn2Br6-AgBr3-AFM,1.5895971284345882
Mn2Br6-AgBr3-FM,2.085910387798018
Mn2Cl6-AgBr3-AFM,1.322508900996153
Mn2Cl6-AgBr3-FM,2.0593923718816174
Mn2I6-AgBr3-AFM,1.9312905486005094
Mn2I6-AgBr3-FM,1.971400255389238
Nb2Br6-TiCl3-NM,2.4289874389069976
Nb2Cl6-TiCl3-NM,2.409724822238801
Nb2I6-TiCl3-AFM,2.3428453969792633
Nb2I6-TiCl3-NM,2.2370491102652603
Ni2Br6-AgBr3-AFM,3.9054640793315927
Ni2Br6-AgBr3-FM,2.9927807115468883
Ni2Cl6-AgBr3-AFM,2.64188300322015
Ni2Cl6-AgBr3-FM,2.3935727997312823
Ni2I6-TiCl3-FM,3.363732905416525
Os2Br6-AgBr3-FM,1.3993447633975207
Os2Cl6-AgBr3-FM,1.1859853684595882
Os2I6-TiCl3-FM,2.8702623657371085
Os2I6-TiCl3-NM,3.0897909233394603
Pd2Br6-AgBr3-FM,4.039370818947718
Pd2Br6-AgBr3-NM,3.9947218782669744
Pd2Cl6-AgBr3-FM,2.705587490565587
Pd2I6-AgBr3-NM,4.5310171901678356
Pt2Br6-AgBr3-FM,3.189015090257558
Pt2Br6-AgBr3-NM,3.4416819497587396
Pt2Cl6-AgBr3-FM,0.0
Pt2I6-AgBr3-NM,4.3737046118943965
Re2Br6-TiCl3-FM,2.5026101817081168
Re2Br6-TiCl3-NM,0.0
Re2Cl6-TiCl3-FM,2.4308259552768914
Rh2I6-TiCl3-NM,2.4620651800088638
Ru2Br6-AgBr3-FM,2.0550153931468946
Ru2Cl6-AgBr3-FM,1.7785516177781713
Ru2I6-TiCl3-FM,3.4492501831098794
Ru2I6-TiCl3-NM,3.584634468694874
Ta2Br6-TiCl3-FM,2.9900615107856323
Ta2Br6-TiCl3-NM,2.851286453462887
Ta2Cl6-TiCl3-FM,2.9126460082033168
Ta2Cl6-TiCl3-NM,2.8015820822501993
Ta2I6-TiCl3-NM,2.329745691509072
Ti2Cl6-TiCl3-FM,0.5497118006582244
V2Br6-AgBr3-AFM,1.4806602842654426
V2Br6-AgBr3-FM,0.7010302117630858
V2Cl6-AgBr3-AFM,1.386319795957718
V2Cl6-AgBr3-FM,0.7857701001920762
V2I6-TiCl3-AFM,2.3869188668607464
V2I6-TiCl3-FM,1.4517794116155665
Zr2Br6-TiCl3-FM,1.4858850488672626
Zr2Cl6-TiCl3-FM,1.4078479366996992
Zr2I6-TiCl3-FM,1.434439595264018
Cr2C-CdI2-FM,6.22915713754103
Cr2C-CdI2-NM,6.289292569680296
Cr2CF2-Ti2CO2-FM,5.445255293123364
Cr2CO2-Ti2CO2-AFM,0.8635301721456609
Cr2CO2-Ti2CO2-FM,4.4521650350890445
Hf2CF2-Ti2CO2-NM,9.300798849716735
Mn2CF2-Ti2CO2-FM,5.842451920929527
Mo2CF2-Ti2CO2-NM,13.165518656081446
Nb2CF2-Ti2CO2-NM,11.093597215041436
Ta2CF2-Ti2CO2-NM,11.299628379129913
Ti2CF2-Ti2CO2-NM,8.53907480677503
V2CF2-Ti2CO2-NM,7.380556918468243
W2CF2-Ti2CO2-NM,14.744135326412147
Zr2CF2-Ti2CO2-NM,9.535149721220169
Cr2CH2O2-Ti2CH2O2-FM,6.356183502768969
Hf2CH2O2-Ti2CH2O2-NM,7.5707117659105165
Mn2CH2O2-Ti2CH2O2-FM,5.35521402140075
Mo2CH2O2-Ti2CH2O2-NM,11.121428310688085
Nb2CH2O2-Ti2CH2O2-NM,11.657854618756936
Ta2CH2O2-Ti2CH2O2-NM,12.030847802599403
Ti2CH2O2-Ti2CH2O2-NM,7.294633084536081
V2CH2O2-Ti2CH2O2-NM,7.929522776664979
W2CH2O2-Ti2CH2O2-NM,12.528765991232785
Zr2CH2O2-Ti2CH2O2-NM,6.745742006039226
Hf2C-CdI2-NM,10.20241889041416
Mo2C-CdI2-NM,7.76039685257469
Mo2CO2-Ti2CO2-NM,6.482606110923604
Nb2C-CdI2-NM,8.459349235088277
Nb2CO2-Ti2CO2-NM,5.400010057589209
Sc2CO2-Ti2CO2-FM,8.585252562524134
Sc2CO2-Ti2CO2-NM,6.810490120927301
Ta2CO2-Ti2CO2-NM,6.197405574650054
V2CO2-Ti2CO2-NM,2.893830660007262
W2CO2-Ti2CO2-NM,8.342831292777415
Y2CO2-Ti2CO2-FM,5.430735939187262
Sc2C-CdI2-NM,5.425024654536685
Ta2C-CdI2-NM,7.239914888432717
Ti2C-CdI2-FM,3.331820934372786
V2C-CdI2-NM,4.962374006761843
W2C-CdI2-NM,8.285968908688101
Y2C-CdI2-NM,6.264104660600421
Zr2C-CdI2-FM,4.508828953622968
Y2N-CdI2-NM,8.612356470134019
Zr2H2NO2-Ti2CH2O2-NM,11.433945077851817
Zr2N-CdI2-FM,8.051859760661591
Zr2N-CdI2-NM,8.088839483561726
Zr2N-CdI2-AFM,6.745907495211452
Y2NO2-Ti2CO2-FM,4.217083553428827
Zr2F2N-Ti2CO2-NM,11.545386212008987
Zr2NO2-Ti2CO2-NM,7.168769400362389
Cr2F2N-Ti2CO2-FM,5.548936117498577
Cr2H2NO2-Ti2CH2O2-FM,6.7507563993854625
Cr2NO2-Ti2CO2-FM,4.641502277317308
Cr2NO2-Ti2CO2-AFM,4.582900677141283
Hf2H2NO2-Ti2CH2O2-NM,11.004918090282926
Hf2NO2-Ti2CO2-NM,7.7273994578829885
Hf2N-CdI2-FM,8.5253258771329
Hf2N-CdI2-NM,9.199665105866192
Mn2F2N-Ti2CO2-FM,7.686312238076864
Mn2H2NO2-Ti2CH2O2-FM,6.417147994237899
Mn2NO2-Ti2CO2-FM,1.9847162512999745
Mn2NO2-Ti2CO2-AFM,3.5341310672821074
Mo2F2N-Ti2CO2-NM,16.039193144613975
Nb2H2NO2-Ti2CH2O2-NM,11.114614973055557
Nb2NO2-Ti2CO2-NM,8.81304173646868
Nb2N-CdI2-NM,7.643430732535716
Sc2F2N-Ti2CO2-NM,8.3028315538901
Sc2H2NO2-Ti2CH2O2-NM,8.387579056677428
Sc2NO2-Ti2CO2-NM,6.228411373202095
Sc2N-CdI2-NM,7.148061100380405
Ta2F2N-Ti2CO2-NM,12.224770500577124
Ta2H2NO2-Ti2CH2O2-NM,11.147059374520724
Ta2NO2-Ti2CO2-NM,9.87904885160374
Ta2N-CdI2-NM,8.678366174801742
Ti2F2N-Ti2CO2-NM,9.436656628776323
Ti2H2NO2-Ti2CH2O2-NM,9.53005075225844
Ti2NO2-Ti2CO2-NM,5.433261411796229
Ti2N-CdI2-FM,6.571480643071568
Ti2N-CdI2-AFM,6.307960008610488
V2F2N-Ti2CO2-AFM,5.098793895142752
V2H2NO2-Ti2CH2O2-NM,6.259926843393802
V2H2NO2-Ti2CH2O2-AFM,5.560421231694118
V2NO2-Ti2CO2-AFM,3.5876323232587963
V2N-CdI2-NM,6.235313815563135
W2F2N-Ti2CO2-NM,17.179093154351808
W2H2NO2-Ti2CH2O2-NM,17.241237903739208
Y2F2N-Ti2CO2-NM,8.983861772917127
Y2H2NO2-Ti2CH2O2-NM,9.009075254067234
Cr3C2-Ti3C2-FM,6.046740061832475
Cr3C2F2-Ti3C2O2-FM,4.022264301906448
Cr3C2O2-Ti3C2O2-FM,2.0627258953169143
Hf3C2F2-Ti3C2O2-NM,2.6603176078024697
Mn3C2F2-Ti3C2O2-FM,6.385312214535583
Mo3C2F2-Ti3C2O2-NM,12.60482911499523
Nb3C2F2-Ti3C2O2-NM,12.768795035770582
Sc3C2F2-Ti3C2O2-FM,6.28432496713706
Sc3C2F2-Ti3C2O2-NM,7.182276605270577
Ta3C2F2-Ti3C2O2-NM,11.9192965155552
Ti3C2F2-Ti3C2O2-NM,4.009893932251748
V3C2F2-Ti3C2O2-NM,10.109459307622263
W3C2F2-Ti3C2O2-NM,13.729008613402625
Y3C2F2-Ti3C2O2-FM,5.114505090581632
Y3C2F2-Ti3C2O2-NM,6.678021968805284
Zr3C2F2-Ti3C2O2-NM,2.8473251390870438
Cr3C2H2O2-Ti3C2H2O2-FM,3.972747736424105
Hf3C2H2O2-Ti3C2H2O2-NM,5.283951168706733
Mn3C2H2O2-Ti3C2H2O2-FM,6.918993525641004
Mo3C2H2O2-Ti3C2H2O2-NM,11.55576729843742
Nb3C2H2O2-Ti3C2H2O2-NM,12.30281880939185
Sc3C2H2O2-Ti3C2H2O2-FM,0.948800509353786
Sc3C2H2O2-Ti3C2H2O2-NM,3.2421515333546838
Ta3C2H2O2-Ti3C2H2O2-NM,10.615331315625582
Ti3C2H2O2-Ti3C2H2O2-NM,5.06437839781983
V3C2H2O2-Ti3C2H2O2-NM,9.890705681936469
W3C2H2O2-Ti3C2H2O2-NM,12.509782848608525
Y3C2H2O2-Ti3C2H2O2-FM,4.993825910015107
Y3C2H2O2-Ti3C2H2O2-NM,6.429444750388419
Zr3C2H2O2-Ti3C2H2O2-NM,5.79112863021416
Hf3C2-Ti3C2-FM,5.576182512561835
Mn3C2-Ti3C2-FM,6.420807027822655
Mn3C2O2-Ti3C2O2-FM,4.039338105100021
Mo3C2-Ti3C2-NM,10.51316277617758
Mo3C2O2-Ti3C2O2-NM,9.063229546129984
Nb3C2-Ti3C2-NM,10.043254196989308
Nb3C2O2-Ti3C2O2-NM,7.994522783501573
Sc3C2O2-Ti3C2O2-NM,6.824086686088858
Ta3C2O2-Ti3C2O2-NM,8.518120897875175
Ti3C2O2-Ti3C2O2-NM,2.4083209929580183
V3C2O2-Ti3C2O2-NM,5.848017789242989
W3C2O2-Ti3C2O2-NM,9.543401818126172
Y3C2O2-Ti3C2O2-NM,7.0500022770974065
Sc3C2-Ti3C2-NM,6.204702402789091
Ta3C2-Ti3C2-NM,9.830913705733357
Ti3C2-Ti3C2-FM,3.8192726737499054
V3C2-Ti3C2-NM,7.312142723447303
W3C2-Ti3C2-NM,8.929951253142642
Y3C2-Ti3C2-NM,6.244840822985213
Zr3C2-Ti3C2-FM,4.4400974523290975
Cr3N2-Ti3C2-FM,6.209518452949084
Hf3F2N2-Ti3C2O2-NM,10.228905116085144
Hf3H2N2O2-Ti3C2H2O2-NM,7.87547392832001
Hf3N2-Ti3C2-FM,6.744322195884597
Hf3N2-Ti3C2-NM,8.209383277892137
Mn3N2-Ti3C2-FM,5.570388015831237
Mo3F2N2-Ti3C2O2-NM,16.23318942897287
Mo3H2N2O2-Ti3C2H2O2-NM,16.04191071270049
Nb3H2N2O2-Ti3C2H2O2-NM,11.083744744179477
Nb3N2-Ti3C2-NM,8.684487516357468
Sc3F2N2-Ti3C2O2-NM,7.232075350644447
Sc3H2N2O2-Ti3C2H2O2-NM,7.487852765858587
Sc3N2O2-Ti3C2O2-FM,3.4376781694430183
Sc3N2O2-Ti3C2O2-NM,3.573767189940445
Sc3N2-Ti3C2-FM,6.595544422347632
Sc3N2-Ti3C2-NM,7.5920628931849645
Ta3F2N2-Ti3C2O2-NM,12.716696577332197
Ta3H2N2O2-Ti3C2H2O2-NM,11.709172138797676
Ta3N2-Ti3C2-NM,8.13297018738553
Ti3F2N2-Ti3C2O2-FM,7.55104231159535
Ti3H2N2O2-Ti3C2H2O2-NM,7.0641418376363045
Ti3N2O2-Ti3C2O2-NM,1.9573996832543068
Ti3N2-Ti3C2-FM,6.147226999177717
Ti3N2-Ti3C2-NM,5.97069788982513
V3F2N2-Ti3C2O2-FM,7.598537778419957
V3F2N2-Ti3C2O2-NM,7.642096098175873
V3H2N2O2-Ti3C2H2O2-FM,7.7980045735549215
V3H2N2O2-Ti3C2H2O2-NM,6.3121661014713215
V3N2O2-Ti3C2O2-FM,3.6391492328517963
V3N2-Ti3C2-FM,7.152773608136442
V3N2-Ti3C2-NM,7.212446846703933
W3F2N2-Ti3C2O2-NM,17.24180101554635
W3H2N2O2-Ti3C2H2O2-NM,17.287409816332673
W3N2O2-Ti3C2O2-NM,13.088421247562344
Y3F2N2-Ti3C2O2-NM,7.348348172593585
Y3H2N2O2-Ti3C2H2O2-FM,7.6068279387751945
Y3H2N2O2-Ti3C2H2O2-NM,7.680114620905665
Y3N2-Ti3C2-NM,8.062705092343672
Zr3H2N2O2-Ti3C2H2O2-NM,8.468868561501088
Zr3N2-Ti3C2-FM,6.774692090862706
Zr3N2-Ti3C2-NM,9.501337619363984
Cr4C3-Ti4C3-FM,7.883472350690498
Cr4C3F2-Ti4C3O2-FM,3.997016973308595
Cr4C3O2-Ti4C3O2-FM,5.7904352130253685
Hf4C3F2-Ti4C3O2-NM,9.928247186986159
Mn4C3F2-Ti4C3O2-FM,7.019309824710391
Mo4C3F2-Ti4C3O2-NM,12.88426817290198
Nb4C3F2-Ti4C3O2-NM,13.85051998892709
Sc4C3F2-Ti4C3O2-NM,9.659525531386304
Ta4C3F2-Ti4C3O2-NM,13.700646914635795
Ti4C3F2-Ti4C3O2-NM,9.085976951572444
V4C3F2-Ti4C3O2-NM,10.00219249091547
W4C3F2-Ti4C3O2-NM,15.388558181791488
Y4C3F2-Ti4C3O2-NM,8.411457269689222
Zr4C3F2-Ti4C3O2-NM,10.261616997118619
Cr4C3H2O2-Ti4C3H2O2-FM,4.488869815866026
Hf4C3H2O2-Ti4C3H2O2-NM,8.867382153849533
Mn4C3H2O2-Ti4C3H2O2-FM,6.692239669300093
Mo4C3H2O2-Ti4C3H2O2-NM,13.182923618958348
Nb4C3H2O2-Ti4C3H2O2-NM,13.709095189610135
Sc4C3H2O2-Ti4C3H2O2-NM,9.550374354411776
Ta4C3H2O2-Ti4C3H2O2-NM,13.830621029318477
Ti4C3H2O2-Ti4C3H2O2-NM,8.028495091843071
V4C3H2O2-Ti4C3H2O2-NM,10.234533174659452
W4C3H2O2-Ti4C3H2O2-NM,15.70641922611189
Y4C3H2O2-Ti4C3H2O2-NM,8.209608060705946
Zr4C3H2O2-Ti4C3H2O2-NM,8.93493296473806
Hf4C3-Ti4C3-FM,7.0823272308366345
Hf4C3-Ti4C3-NM,9.15123750815072
Hf4C3O2-Ti4C3O2-NM,7.464576675123741
Mn4C3-Ti4C3-FM,5.689757916457869
Mn4C3O2-Ti4C3O2-FM,7.516040695705596
Mo4C3-Ti4C3-NM,11.847533909308197
Mo4C3O2-Ti4C3O2-NM,8.722432888259533
Nb4C3-Ti4C3-NM,7.1456917797136
Nb4C3O2-Ti4C3O2-NM,9.218589820665427
Sc4C3O2-Ti4C3O2-NM,10.226786127388573
Ta4C3O2-Ti4C3O2-NM,10.242855524036969
Ti4C3O2-Ti4C3O2-NM,8.813780572145488
V4C3O2-Ti4C3O2-NM,5.740902126890996
W4C3O2-Ti4C3O2-NM,11.210445503024019
Y4C3O2-Ti4C3O2-FM,9.741714285200903
Y4C3O2-Ti4C3O2-NM,9.315306301213504
Zr4C3O2-Ti4C3O2-NM,7.368559045824261
Sc4C3-Ti4C3-NM,3.217921046999378
Ta4C3-Ti4C3-NM,6.737430793081336
Ti4C3-Ti4C3-FM,5.627000910820429
V4C3-Ti4C3-NM,5.011361436222811
W4C3-Ti4C3-NM,12.503458984266347
Y4C3-Ti4C3-NM,5.4703150055302485
Zr4C3-Ti4C3-FM,6.613381547940736
Cr4F2N3-Ti4C3O2-FM,5.724809872459476
Cr4H2N3O2-Ti4C3H2O2-FM,5.764103943483434
Cr4N3O2-Ti4C3O2-FM,5.878411949608331
Cr4N3-Ti4C3-FM,4.8671875235369875
Hf4F2N3-Ti4C3O2-NM,13.111415191800978
Hf4H2N3O2-Ti4C3H2O2-NM,11.71425179079995
Hf4N3O2-Ti4C3O2-NM,14.013256055500635
Hf4N3-Ti4C3-FM,9.01826330808852
Hf4N3-Ti4C3-NM,9.04253313144303
Mn4H2N3O2-Ti4C3H2O2-FM,7.022113477218966
Mn4N3O2-Ti4C3O2-FM,6.531861714568453
Mn4N3-Ti4C3-FM,6.111843933722667
Mo4F2N3-Ti4C3O2-NM,4.997312105619783
Mo4H2N3O2-Ti4C3H2O2-NM,5.982600466812885
Mo4N3O2-Ti4C3O2-FM,5.122680392817849
Mo4N3-Ti4C3-NM,9.050700767045948
Nb4H2N3O2-Ti4C3H2O2-NM,15.18939718100513
Nb4N3-Ti4C3-NM,11.552248798692498
Sc4F2N3-Ti4C3O2-NM,8.927426615276786
Sc4H2N3O2-Ti4C3H2O2-NM,9.152471533472609
Sc4N3O2-Ti4C3O2-NM,6.741612740158852
Sc4N3-Ti4C3-FM,7.532858741496414
Ta4H2N3O2-Ti4C3H2O2-NM,15.806758274497327
Ti4F2N3-Ti4C3O2-NM,12.169198422909265
Ti4H2N3O2-Ti4C3H2O2-NM,11.17429513444616
Ti4N3O2-Ti4C3O2-NM,9.333690676037856
Ti4N3-Ti4C3-FM,6.1090502598472085
Ti4N3-Ti4C3-NM,6.9726678001995515
V4F2N3-Ti4C3O2-FM,8.328906694945836
V4F2N3-Ti4C3O2-NM,9.928597245920264
V4H2N3O2-Ti4C3H2O2-NM,10.001808929005803
V4N3O2-Ti4C3O2-FM,7.0519146970952304
V4N3-Ti4C3-NM,8.745545802647577
W4N3-Ti4C3-NM,8.201665441218395
Y4F2N3-Ti4C3O2-NM,9.498928257617889
Y4H2N3O2-Ti4C3H2O2-NM,9.69184328819841
Y4N3O2-Ti4C3O2-NM,5.558758345418302
Y4N3-Ti4C3-NM,7.948457872295982
Zr4F2N3-Ti4C3O2-NM,14.102995213955419
Zr4H2N3O2-Ti4C3H2O2-NM,12.792964213782248
Zr4N3O2-Ti4C3O2-NM,13.712075883090046
Zr4N3-Ti4C3-FM,8.029274119307718
Zr4N3-Ti4C3-NM,8.716873587409655
BiCrAs-MoSSe-FM,7.940328433070291
CrAsSb-MoSSe-FM,4.909969430457844
CrAsSb-MoSSe-NM,3.82209100197568
BiCrSb-MoSSe-FM,13.243848932758349
CrBrCl-MoSSe-FM,2.8294886609367595
CrBrI-MoSSe-FM,2.12154434426767
CrClI-MoSSe-FM,1.9716356621366509
BiHfAs-MoSSe-NM,9.419512001610524
HfAsSb-MoSSe-NM,13.307082227835284
BiHfSb-MoSSe-NM,13.756321422305714
HfSTe-MoSSe-NM,0.0
BiMoAs-MoSSe-NM,6.4966979586130815
MoAsSb-MoSSe-NM,6.555394944307302
BiMoSb-MoSSe-NM,6.711473337816288
MoBrCl-MoSSe-NM,6.595806327648707
MoBrI-MoSSe-FM,3.885883770131734
MoClI-MoSSe-NM,3.569029813041928
BiNbAs-MoSSe-NM,7.256711259948378
NbAsSb-MoSSe-NM,6.3837890988807064
BiNbSb-MoSSe-NM,8.389110430961564
NbBrCl-MoSSe-NM,6.4366858748068525
NbBrI-MoSSe-NM,5.814169907287533
NbClI-MoSSe-NM,5.725457338527544
NbSeTe-MoSSe-FM,4.691899248330857
NbSeTe-MoSSe-NM,4.945436889919012
NbSSe-MoSSe-NM,5.385492389269693
NbSTe-MoSSe-FM,4.229827411897855
NbSTe-MoSSe-NM,4.78737108713193
BiTaAs-MoSSe-NM,8.067746864805178
TaAsSb-MoSSe-NM,7.323949815085382
BiTaSb-MoSSe-NM,10.66970157341299
TaBrCl-MoSSe-NM,6.87467374524036
TaBrI-MoSSe-NM,6.0959792690846
TaClI-MoSSe-NM,5.846586472205037
TaSeTe-MoSSe-NM,4.901573222090726
TaSSe-MoSSe-NM,5.464544363085656
TaSTe-MoSSe-FM,4.718404888724967
TaSTe-MoSSe-NM,4.830464040000885
BiTiAs-MoSSe-NM,9.372799981505173
TiAsSb-MoSSe-NM,12.074318976406099
BiTiSb-MoSSe-NM,11.64825857617847
TiSeTe-MoSSe-NM,0.0
TiSTe-MoSSe-NM,0.0
BiVAs-MoSSe-NM,6.314306132597294
VAsSb-MoSSe-NM,5.695466446664948
BiVSb-MoSSe-NM,7.050016190196168
VBrCl-MoSSe-FM,2.2210927188036518
VBrI-MoSSe-FM,0.4204862177777266
VClI-MoSSe-FM,2.6944145381988123
VSSe-MoSSe-FM,0.5628178648372986
VSTe-MoSSe-FM,3.2343598317902407
BiWAs-MoSSe-NM,7.021651694503911
WAsSb-MoSSe-NM,6.63803216143824
BiWSb-MoSSe-NM,7.483218589929881
WBrCl-MoSSe-NM,7.296474708660793
WBrI-MoSSe-NM,3.292959028696228
WClI-MoSSe-NM,1.8506082125354955
BiZrAs-MoSSe-NM,8.773204850005296
ZrAsSb-MoSSe-NM,8.718319582441955
BiZrSb-MoSSe-NM,13.023612309285284
Al2S2-PbSe-NM,10.142863053749313
Al2Se2-PbSe-NM,10.456208640452473
Al2Te2-PbSe-NM,10.678047475429999
Bi2S2-PbSe-FM,6.237214327319757
Bi2S2-PbSe-NM,6.244075472234396
Bi2Se2-PbSe-FM,7.151096207621322
Bi2Se2-PbSe-NM,7.088357443706476
Bi2Te2-PbSe-FM,7.395165582143478
Bi2Te2-PbSe-NM,8.045805493840186
Cd2S2-PbSe-NM,4.833436501348313
Cd2Se2-PbSe-NM,6.256782309576457
Cd2Te2-PbSe-NM,8.5784150192888
Ga2S2-PbSe-NM,10.947956046430459
Ga2Se2-PbSe-NM,11.066773383299415
Ga2Te2-PbSe-NM,11.215249628398414
Ge2S2-PbSe-NM,2.8246152025209375
Ge2Se2-PbSe-NM,4.235097037689164
Ge2Te2-PbSe-FM,9.816437806678834
Ge2Te2-PbSe-NM,8.768199572728403
In2S2-PbSe-NM,10.262002773932688
In2Se2-PbSe-NM,10.483407425450714
In2Te2-PbSe-NM,10.57447969895529
S2Sb2-PbSe-NM,5.99025953741965
S2Si2-PbSe-FM,11.876297715557175
S2Si2-PbSe-NM,11.778122300409375
Sb2Se2-PbSe-FM,6.964606081010195
Sb2Se2-PbSe-NM,6.4906779703251285
Sb2Te2-PbSe-FM,7.592829831829446
Sb2Te2-PbSe-NM,7.473697267346882
Se2Si2-PbSe-NM,12.720732488240149
Si2Te2-PbSe-NM,13.48306476820784
Zn2S2-PbSe-NM,6.610885218130044
Zn2Se2-PbSe-NM,7.801510832949269
Zn2Te2-PbSe-NM,9.63726615329739
Ag2S4-PdS2-NM,6.088142760819722
Ag2Se4-PdS2-NM,5.5607824960113
Ag2Te4-PdS2-NM,5.2899747738879626
Al2S4-WTe2-NM,2.139164994239785
Al2Se4-WTe2-NM,2.327444926924783
Al2Te4-CdI2-NM,11.26432368904875
Au2S4-PdS2-NM,7.449790675326995
Au2Se4-PdS2-NM,7.158454110093137
Au2Te4-PdS2-NM,6.098979764513687
Bi2S4-WTe2-NM,2.5770483062543055
Bi2Te4-WTe2-FM,1.071751736110765
Bi2Te4-WTe2-NM,1.1335678444568313
Co2S4-PdS2-FM,3.1463765304282076
Cr2S4-MnS2-AFM,4.097084088985775
Cr2S4-MnS2-FM,4.809273335787729
Cr2Se4-MnS2-AFM,4.431323162580926
Cr2Se4-MnS2-FM,5.114882466618452
Cr2Te4-MnS2-AFM,4.298371312489937
Cr2Te4-MnS2-FM,5.361028109927761
Cu2S4-PdS2-NM,6.1166863207591184
Cu2Se4-PdS2-NM,5.923033116419999
Cu2Te4-PdS2-NM,6.86023158435625
Fe2S4-MnS2-FM,4.470255153495712
Fe2Se4-MnS2-FM,5.554671396744369
Fe2Te4-MnS2-FM,5.394706857562017
Ga2S4-PdS2-NM,5.156386496623562
Ga2Se4-MnS2-NM,7.488503025793424
Ga2Te4-PdS2-NM,9.452558420697244
Ge2Se4-WTe2-NM,1.4992246764838426
In2Se4-MnS2-NM,6.709553024929004
In2Te4-MnS2-NM,5.860883950053597
Ir2S4-PdS2-NM,5.760768076934676
Ir2Se4-PdS2-NM,5.567048347700597
Ir2Te4-PdS2-NM,5.419627198677326
Mn2S4-MnS2-FM,2.616550702220065
Mn2Se4-MnS2-AFM,1.7412006332664827
Mn2Se4-MnS2-FM,4.978714652590606
Mn2Te4-MnS2-AFM,3.0215177289766726
Mn2Te4-MnS2-FM,6.542012343296158
Mo2S4-MnS2-AFM,6.056077354675994
Mo2Se4-MnS2-AFM,5.484291908530452
Mo2Se4-MnS2-FM,2.0736036040907946
Mo2Te4-MnS2-AFM,4.573864410049184
Mo2Te4-MnS2-FM,2.464056388231185
Nb2Te4-MnS2-FM,5.168199149477329
Rh2S4-PdS2-NM,5.236509120980716
Rh2Se4-PdS2-NM,4.779695925097084
Rh2Te4-PdS2-NM,4.763236324713546
Ru2S4-MnS2-NM,3.8462123110870596
Ru2Se4-MnS2-NM,2.476000748331901
S4Sb2-WTe2-NM,2.6742069345115675
Sb2Se4-PdS2-FM,2.0337184682877996
Sb2Se4-PdS2-NM,3.611075616397909
Sb2Te4-PdS2-NM,4.279032538758307
Sc2Te4-MnS2-NM,4.750881608535948
Sn2Te4-WTe2-NM,1.9036885078950578
Ta2Te4-MnS2-AFM,2.978260794803769
Ta2Te4-MnS2-FM,4.607181626248914
Tl2S4-WTe2-NM,8.488329302598165
Tl2Se4-WTe2-NM,7.8686417286191155
Tl2Te4-WTe2-NM,5.75701636648753
V2S4-MnS2-FM,5.151566151297255
V2Se4-MnS2-FM,5.230026840863159
V2Te4-MnS2-FM,4.929631494886342
W2S4-MnS2-AFM,6.409586178422812
W2S4-MnS2-FM,5.212402751008164
W2Se4-MnS2-AFM,5.966220431646472
W2Se4-MnS2-FM,0.2275365079459897
W2Te4-MnS2-AFM,5.089835092276236
W2Te4-MnS2-FM,0.868277203746891
Co4Se8-CdI2-FM,3.681959672532943
Co4Se8-CdI2-NM,2.163243311488315
AuO2-CdI2-FM,4.194226038813848
AuO2-CdI2-NM,4.631458147884998
AuO2-MoS2-FM,4.3320731134712425
AuS2-CdI2-NM,7.099887775267769
AuS2-MoS2-NM,6.32975222411292
AuSe2-CdI2-NM,7.758119625195695
AuSe2-MoS2-NM,8.82898682230996
AuTe2-CdI2-NM,8.472862033894154
AuTe2-MoS2-NM,10.314449402022
CoO2-CdI2-FM,3.888790947721719
CoO2-MoS2-FM,5.056543135956596
CoS2-CdI2-FM,4.568962992425408
CoS2-CdI2-NM,4.515598470993954
CoS2-MoS2-NM,6.13159232788672
CoSe2-CdI2-NM,4.831750316148889
CoSe2-MoS2-NM,6.255025809894094
CoTe2-CdI2-NM,5.606159068459127
CoTe2-MoS2-NM,6.677711387215142
CrO2-CdI2-FM,3.84117222421737
CrS2-CdI2-NM,2.282442385988423
CrSe2-CdI2-FM,2.4961395767638646
CrSe2-CdI2-NM,2.1425810017973643
CrTe2-CdI2-FM,6.552364926843335
CuO2-CdI2-FM,3.7347858491076797
CuO2-MoS2-FM,4.374767823291591
CuS2-CdI2-NM,8.365004874044219
CuS2-MoS2-FM,2.8875578694859905
CuS2-MoS2-NM,4.384914833388357
CuSe2-CdI2-NM,10.595630122488062
CuSe2-MoS2-NM,5.467526138413589
CuTe2-CdI2-NM,11.769959664798698
CuTe2-MoS2-NM,8.326339248653285
FeO2-CdI2-FM,2.917609957335999
FeO2-MoS2-FM,4.2253451087914256
FeS2-CdI2-FM,3.2906352874964173
FeS2-MoS2-FM,5.57810430381162
FeSe2-CdI2-FM,4.573269140540842
FeSe2-MoS2-FM,7.866639188507678
FeTe2-CdI2-FM,5.8453049305678855
FeTe2-MoS2-FM,7.102367897988386
GeS2-MoS2-NM,4.764022322048293
GeSe2-CdI2-NM,2.675703021480926
GeSe2-MoS2-NM,8.70201246216297
GeTe2-CdI2-NM,9.895083531406407
GeTe2-MoS2-NM,14.202600060193417
HfTe2-CdI2-NM,3.585389263081688
HgO2-CdI2-NM,4.119673713013148
HgO2-MoS2-FM,0.6955873501908467
HgS2-CdI2-FM,2.919489133301268
HgS2-MoS2-NM,4.256320730668343
HgSe2-CdI2-FM,6.639705377834887
HgSe2-CdI2-NM,5.641712866426056
HgSe2-MoS2-NM,3.96165340299778
HgTe2-CdI2-NM,12.681947704874448
HgTe2-MoS2-NM,12.58578589571283
IrO2-CdI2-NM,6.094368884237128
IrO2-MoS2-FM,5.8255167692750955
IrS2-CdI2-NM,6.506055763254609
IrS2-MoS2-NM,7.004828610421369
IrSe2-CdI2-NM,6.011709455348329
IrSe2-MoS2-NM,6.692826756714786
IrTe2-CdI2-NM,5.524357465693856
IrTe2-MoS2-NM,7.167967668348392
MnO2-MoS2-FM,4.381476645968689
MnS2-CdI2-FM,0.0
MnS2-MoS2-FM,4.746534556695573
MnSe2-CdI2-FM,4.259053043493978
MnSe2-MoS2-FM,4.913536388061817
MnTe2-CdI2-FM,6.11201667064493
MnTe2-MoS2-FM,6.7375005201772495
MoO2-CdI2-NM,6.237979353891481
MoS2-CdI2-NM,5.024715274293622
MoSe2-CdI2-NM,4.801513819400666
MoTe2-CdI2-NM,2.5957802940363495
NbO2-CdI2-FM,3.954825492972066
NbO2-MoS2-FM,5.147536085949739
NbO2-MoS2-NM,5.873126143499407
NbS2-CdI2-NM,8.414630469126976
NbS2-MoS2-FM,5.477843372942933
NbS2-MoS2-NM,5.68832956594799
NbSe2-CdI2-NM,7.864831183697849
NbSe2-MoS2-NM,5.411349816419248
NbTe2-CdI2-NM,7.1288127421139045
NbTe2-MoS2-FM,4.3867176249587665
NbTe2-MoS2-NM,4.785444717868756
NiO2-MoS2-FM,4.929185091795158
NiS2-MoS2-NM,1.7436417437240512
NiSe2-CdI2-NM,0.0
NiSe2-MoS2-NM,7.4556488585651985
NiTe2-CdI2-NM,5.571410247900574
NiTe2-MoS2-NM,8.164826322161009
OsO2-MoS2-FM,6.450188286427895
OsS2-CdI2-FM,8.08130801535869
OsS2-CdI2-NM,8.039013608318378
OsS2-MoS2-NM,7.530303262647972
OsSe2-CdI2-NM,7.83957968411381
OsSe2-MoS2-NM,7.5266313055838125
OsTe2-CdI2-NM,7.310026615062558
OsTe2-MoS2-NM,7.42018071656246
PbO2-MoS2-NM,1.7567675292307987
PbTe2-CdI2-NM,7.690236890194683
PbTe2-MoS2-NM,15.076996384887272
PdO2-MoS2-NM,3.223570117963632
PdS2-MoS2-NM,0.3561758319122843
PdTe2-CdI2-NM,0.0
PdTe2-MoS2-NM,5.414145984325691
PtO2-MoS2-FM,5.301795214963281
PtS2-MoS2-NM,7.532705127306094
PtSe2-MoS2-NM,8.119379624300848
PtTe2-MoS2-NM,8.290246445699477
ReO2-CdI2-NM,9.632634509555913
ReO2-MoS2-NM,5.632045057175039
ReS2-CdI2-NM,7.988284216708345
ReS2-MoS2-NM,4.086629900552369
ReSe2-CdI2-NM,8.53001689042054
ReSe2-MoS2-NM,3.960148692779132
ReTe2-CdI2-NM,7.639086692179973
ReTe2-MoS2-NM,5.228939493125523
RhO2-CdI2-NM,5.775799938733807
RhO2-MoS2-FM,5.675466413032794
RhS2-CdI2-NM,6.060022054477207
RhS2-MoS2-NM,6.618984781046076
RhSe2-CdI2-NM,5.103032919383535
RhSe2-MoS2-NM,6.6883189358656105
RhTe2-CdI2-NM,5.97295698711627
RhTe2-MoS2-NM,7.295921056688299
RuO2-CdI2-NM,6.082009976127519
RuO2-MoS2-FM,6.104225661081428
RuO2-MoS2-NM,6.516820546194382
RuS2-CdI2-FM,2.0293684732218815
RuS2-MoS2-NM,7.297904565618045
RuSe2-CdI2-FM,4.300656537568142
RuSe2-MoS2-FM,7.007657213269383
RuSe2-MoS2-NM,6.931573024053356
RuTe2-CdI2-NM,6.371531399989602
RuTe2-MoS2-FM,7.017392057308095
RuTe2-MoS2-NM,6.935742305989163
ScO2-CdI2-FM,2.9386861906713366
ScS2-CdI2-NM,6.095563303565423
ScSe2-CdI2-NM,6.726778429240048
ScTe2-CdI2-NM,9.197458557783827
ScTe2-MoS2-NM,8.663262881382066
SnSe2-MoS2-NM,0.0
SnTe2-CdI2-NM,4.897611708771633
SnTe2-MoS2-NM,12.63869825164779
TaO2-CdI2-NM,7.094241218352099
TaO2-MoS2-FM,4.672658600244926
TaO2-MoS2-NM,5.410807642840355
TaS2-CdI2-NM,8.785152275947645
TaS2-MoS2-NM,5.721739691029399
TaSe2-CdI2-NM,8.326198964066867
TaSe2-MoS2-NM,5.4639019416517955
TaTe2-CdI2-NM,7.820766189301897
TaTe2-MoS2-NM,4.799670679841077
TiS2-CdI2-NM,0.5168630909583687
TiSe2-CdI2-NM,4.099341804367302
TiTe2-CdI2-NM,6.494521330573964
TiTe2-MoS2-NM,0.0
VO2-CdI2-FM,2.6598324871036305
VO2-MoS2-FM,3.835248494041122
VS2-CdI2-FM,6.028853198991921
VS2-CdI2-NM,6.387072303993849
VS2-MoS2-FM,0.5000496346369709
VSe2-CdI2-FM,5.802325053569557
VSe2-CdI2-NM,5.94836661907799
VTe2-CdI2-FM,5.456267372344716
WO2-CdI2-NM,7.653807985012257
WS2-CdI2-NM,6.338216045836518
WSe2-CdI2-NM,6.140071899231573
WTe2-CdI2-NM,4.034160873682924
ZrTe2-CdI2-NM,5.005546502245378
AgH2-MoS2-NM,8.258606276382638
AgLi2-MoS2-NM,12.479079950188176
AuH2-MoS2-NM,8.337346629226428
AuLi2-MoS2-NM,9.6853571294431
CoH2-MoS2-FM,6.070265645141756
CoH2-MoS2-NM,6.043697205234279
CrH2-MoS2-FM,7.385785813948948
CrLi2-MoS2-FM,10.294153150408413
CrLi2-MoS2-NM,10.088519268859374
CuH2-MoS2-NM,8.968556127318296
CuLi2-MoS2-NM,12.857889351903815
FeH2-MoS2-FM,7.632925730111352
FeLi2-MoS2-FM,9.778994152346456
HfH2-MoS2-NM,2.740582778607395
HfLi2-MoS2-NM,6.378498749638623
IrH2-MoS2-NM,8.648844320842235
IrLi2-MoS2-FM,12.79657460653474
IrLi2-MoS2-NM,12.156454919818554
MnH2-MoS2-FM,7.222760935869681
Li2Mn-MoS2-FM,8.017991138628458
MoH2-MoS2-NM,11.538164401008897
Li2Mo-MoS2-FM,13.34798322562805
Li2Mo-MoS2-NM,13.017303157006898
NbH2-MoS2-NM,9.816648224730027
Li2Nb-MoS2-FM,11.85625965215955
Li2Nb-MoS2-NM,10.843702875452676
NiH2-MoS2-NM,8.815513028440655
Li2Ni-MoS2-NM,10.239702885980805
OsH2-MoS2-NM,9.743280214430717
Li2Os-MoS2-NM,13.837689137231358
Li2Pb-MoS2-NM,12.463153811474678
PtH2-MoS2-NM,10.45449337682439
Li2Pt-MoS2-NM,12.262271869138655
ReH2-MoS2-FM,11.083223552055829
ReH2-MoS2-NM,11.017047357006396
Li2Re-MoS2-NM,13.906424701426399
RhH2-MoS2-NM,8.376428227666104
Li2Rh-MoS2-NM,12.090179557512478
RuH2-MoS2-NM,8.562554388858642
Li2Ru-MoS2-NM,13.724227620854773
Li2Sc-MoS2-FM,6.146443430738281
TaH2-MoS2-NM,9.901432087432406
Li2Ta-MoS2-FM,9.716779660970248
Li2Ta-MoS2-NM,9.183238690025224
TiH2-MoS2-NM,2.6725050727695487
Li2Ti-MoS2-NM,6.605104502353097
VH2-MoS2-NM,8.10412691225837
Li2V-MoS2-FM,8.364004159911008
Li2V-MoS2-NM,7.969893999542695
WH2-MoS2-FM,11.764097312883388
WH2-MoS2-NM,11.748448339065225
Li2W-MoS2-FM,12.577209781537205
Li2W-MoS2-NM,12.429906809310921
ZrH2-MoS2-NM,5.919440628656132
Li2Zr-MoS2-NM,9.246336308140705
Hf2Ti2Te8-CrWS4-NM,0.0
HfTi3Te8-CrW3S8-NM,0.0
Ag2Br2N2-FeOCl-NM,4.656660494697225
Ag2Br2O2-FeOCl-NM,7.0283020693705
Ag2Br2S2-FeOCl-NM,7.13273756600226
Ag2Br2Se2-FeOCl-NM,12.620531409402492
Ag2Cl2N2-FeOCl-NM,4.654108762210323
Ag2Cl2O2-FeOCl-NM,5.766257639290306
Ag2Cl2S2-FeOCl-NM,7.003042987734225
Ag2Cl2Se2-FeOCl-NM,8.451035245646512
Ag2I2N2-FeOCl-FM,6.167328129980249
Ag2I2N2-FeOCl-NM,5.261584007183606
Ag2I2O2-FeOCl-NM,10.122103694200833
Ag2I2S2-FeOCl-NM,8.641448551053196
Ag2I2Se2-FeOCl-NM,13.45291483900466
Al2Br2N2-FeOCl-NM,9.621214694699217
Al2Cl2N2-FeOCl-NM,9.958332730786568
Au2Br2N2-FeOCl-NM,5.3909233239285435
Au2Br2O2-FeOCl-NM,5.936377453482907
Au2Br2S2-FeOCl-FM,7.858518363343198
Au2Br2S2-FeOCl-NM,7.869604403875693
Au2Br2Se2-FeOCl-NM,8.541327568058621
Au2Cl2N2-FeOCl-NM,4.996706777815498
Au2Cl2O2-FeOCl-NM,5.080012327694655
Au2Cl2Se2-FeOCl-NM,8.619123253615182
Au2I2N2-FeOCl-NM,6.471350517216925
Au2I2O2-FeOCl-NM,7.970399346475209
Au2I2S2-FeOCl-NM,8.886514780305053
Au2I2Se2-FeOCl-NM,9.107342196121275
Bi2Br2N2-FeOCl-NM,6.388374780842069
Bi2Cl2N2-FeOCl-NM,5.6413255154724204
Bi2I2N2-FeOCl-NM,11.347381389817341
Br2Ge2O2-FeOCl-NM,3.0966869425787618
Br2Ge2S2-FeOCl-NM,7.27840463865796
Br2Ge2Se2-FeOCl-NM,8.263178010424525
Cl2Ge2O2-FeOCl-NM,2.4160045743429053
Cl2Ge2S2-FeOCl-NM,6.212896121136205
Cl2Ge2Se2-FeOCl-NM,7.137239252378328
Co2Br2N2-FeOCl-NM,6.767982085908053
Co2Br2O2-FeOCl-NM,1.5842954844703416
Co2Br2S2-FeOCl-NM,0.6312498869392453
Co2Br2Se2-FeOCl-NM,1.5238380972970191
Co2Cl2N2-FeOCl-NM,4.998547303388475
Co2Cl2O2-FeOCl-NM,0.4026964079144907
Co2Cl2S2-FeOCl-NM,0.3496059299505255
Co2Cl2Se2-FeOCl-NM,1.3397827155994473
Co2I2N2-FeOCl-NM,13.92083624173474
Co2I2O2-FeOCl-NM,3.884670763897374
Co2I2S2-FeOCl-NM,2.1370568035407254
Co2I2Se2-FeOCl-NM,2.330235142971162
Cr2Br2N2-FeOCl-AFM,5.342925362120032
Cr2Br2N2-FeOCl-FM,3.246399051435266
Cr2Cl2N2-FeOCl-AFM,4.0916535180101965
Cr2Cl2N2-FeOCl-FM,3.0278499986088634
Cr2I2N2-FeOCl-AFM,10.550690011829545
Cr2I2N2-FeOCl-FM,10.183929736350857
Cr2I2Se2-FeOCl-FM,0.0
Cu2Br2N2-FeOCl-FM,6.326815274303936
Cu2Br2N2-FeOCl-NM,6.194079463876855
Cu2Br2O2-FeOCl-NM,8.494498881155184
Cu2Br2S2-FeOCl-FM,7.969530043125043
Cu2Br2S2-FeOCl-NM,8.482045757596888
Cu2Cl2N2-FeOCl-FM,6.295767649634503
Cu2Cl2N2-FeOCl-NM,6.216109908705565
Cu2Cl2O2-FeOCl-NM,6.773928791856247
Cu2Cl2Se2-FeOCl-NM,8.236697308067386
Cu2I2N2-FeOCl-NM,17.52380934734181
Cu2I2O2-FeOCl-NM,11.188336750870498
Cu2I2S2-FeOCl-NM,10.355605838934315
Cu2I2Se2-FeOCl-NM,8.781232231592769
Cu2Cl2S2-FeOCl-NM,7.85677661409577
Cu2Br2Se2-FeOCl-NM,8.234663318028852
Fe2Br2N2-FeOCl-AFM,5.240592155729615
Fe2Br2N2-FeOCl-FM,6.342909300277999
Fe2Br2O2-FeOCl-FM,3.40087036766286
Fe2Br2S2-FeOCl-AFM,2.612005747040413
Fe2Br2S2-FeOCl-FM,2.9068777498280602
Fe2Br2Se2-FeOCl-AFM,4.668819341210052
Fe2Br2Se2-FeOCl-FM,3.916271287038673
Fe2Cl2N2-FeOCl-AFM,4.0277932170689565
Fe2Cl2O2-FeOCl-AFM,1.941853888352814
Fe2Cl2O2-FeOCl-FM,3.221721791835777
Fe2Cl2S2-FeOCl-AFM,3.165664506917403
Fe2Cl2S2-FeOCl-FM,3.352266629736229
Fe2Cl2Se2-FeOCl-AFM,4.3955098852254375
Fe2Cl2Se2-FeOCl-FM,4.099355953237824
Fe2I2N2-FeOCl-AFM,14.730482441063186
Fe2I2N2-FeOCl-FM,12.025016689163493
Fe2I2O2-FeOCl-AFM,4.9296899272549854
Fe2I2O2-FeOCl-FM,8.449861104729845
Fe2I2S2-FeOCl-AFM,2.3190829644722872
Fe2I2S2-FeOCl-FM,2.283898890689432
Fe2I2S2-FeOCl-NM,3.3052008687538468
Fe2I2Se2-FeOCl-AFM,4.939822663455576
Fe2I2Se2-FeOCl-FM,3.258932175025938
Ga2Br2N2-FeOCl-NM,8.957018791856166
Ga2Cl2N2-FeOCl-NM,9.194159559717372
Ga2I2N2-FeOCl-NM,14.581195795239577
Ge2I2N2-FeOCl-NM,2.319126959753217
Ge2I2O2-FeOCl-NM,4.275728747401865
Ge2I2S2-FeOCl-NM,9.09507390112649
Ge2I2Se2-FeOCl-NM,8.73647642667213
Hf2Br2O2-FeOCl-NM,6.187632494054631
Hf2Br2S2-FeOCl-NM,6.465900694676482
Hf2Br2Se2-FeOCl-NM,6.578402879550592
Hf2Cl2O2-FeOCl-NM,7.178061023136457
Hf2Cl2S2-FeOCl-NM,7.002080183047166
Hf2Cl2Se2-FeOCl-NM,6.77797370019981
Hf2I2O2-FeOCl-NM,5.6327314659208785
Hf2I2S2-FeOCl-NM,6.412774606412698
Hf2I2Se2-FeOCl-NM,6.61455371618341
Hg2Br2N2-FeOCl-NM,6.7097587796144955
Hg2Br2O2-FeOCl-FM,4.146701810561341
Hg2Cl2N2-FeOCl-NM,5.838466740404664
Hg2Cl2O2-FeOCl-FM,3.545372482770796
Hg2Cl2S2-FeOCl-NM,9.836761330192559
Hg2Cl2Se2-FeOCl-NM,9.527359272549143
Hg2I2N2-FeOCl-NM,8.761201034706191
Hg2I2O2-FeOCl-FM,9.638591651433709
Hg2I2O2-FeOCl-NM,11.00068007620582
Hg2I2S2-FeOCl-NM,7.854015054386558
Hg2Br2Se2-FeOCl-NM,7.323910360684526
Hg2I2Se2-FeOCl-NM,7.485851217785609
In2Br2N2-FeOCl-NM,8.13895914937269
In2Cl2N2-FeOCl-NM,8.117110906108424
In2I2N2-FeOCl-NM,10.594404132532908
Ir2Br2N2-FeOCl-NM,2.348870437068715
Ir2Br2Se2-FeOCl-NM,0.52165820123852
Ir2Cl2N2-FeOCl-NM,1.5482525948814272
Ir2Cl2Se2-FeOCl-NM,0.5016902572445416
Ir2I2N2-FeOCl-NM,6.335986275683753
Ir2I2O2-FeOCl-NM,1.9402027033547584
Ir2I2Se2-FeOCl-NM,0.7020525697881639
Mn2Br2N2-FeOCl-FM,1.836503067416007
Mn2Br2O2-FeOCl-AFM,5.8925359226239475
Mn2Br2O2-FeOCl-FM,5.363408548109317
Mn2Br2S2-FeOCl-AFM,4.287935246292076
Mn2Br2S2-FeOCl-FM,6.082619789392219
Mn2Br2Se2-FeOCl-AFM,4.308276460743301
Mn2Br2Se2-FeOCl-FM,6.094584247580263
Mn2Cl2O2-FeOCl-AFM,4.84183377126701
Mn2Cl2O2-FeOCl-FM,3.960652770324052
Mn2Cl2S2-FeOCl-AFM,3.812231409173722
Mn2Cl2S2-FeOCl-FM,6.071318586556782
Mn2Cl2Se2-FeOCl-AFM,4.789061645792834
Mn2Cl2Se2-FeOCl-FM,6.413795385925909
Mn2I2N2-FeOCl-AFM,7.332043175698637
Mn2I2N2-FeOCl-FM,6.373459743036405
Mn2I2O2-FeOCl-AFM,8.181961972944473
Mn2I2O2-FeOCl-FM,6.977749492100736
Mn2I2S2-FeOCl-AFM,5.32717966124343
Mn2I2S2-FeOCl-FM,6.450969024153023
Mn2I2Se2-FeOCl-AFM,4.366642534062797
Mn2I2Se2-FeOCl-FM,6.404491213364278
Mo2Br2N2-FeOCl-NM,6.151715795364978
Mo2Br2O2-FeOCl-NM,8.539329035131706
Mo2Br2S2-FeOCl-NM,7.734836459040636
Mo2Br2Se2-FeOCl-NM,7.34237280819142
Mo2Cl2N2-FeOCl-NM,6.147427180146217
Mo2Cl2O2-FeOCl-NM,9.3887900468068
Mo2Cl2S2-FeOCl-AFM,5.4479036324756205
Mo2Cl2S2-FeOCl-FM,5.443211384837043
Mo2Cl2S2-FeOCl-NM,5.890168710847491
Mo2Cl2Se2-FeOCl-NM,5.066087157093029
Mo2I2N2-FeOCl-AFM,6.133950949861819
Mo2I2N2-FeOCl-FM,7.051730486334479
Mo2I2N2-FeOCl-NM,7.1674009116873725
Mo2I2O2-FeOCl-NM,6.8726354458026915
Mo2I2S2-FeOCl-AFM,3.1161643634747485
Mo2I2S2-FeOCl-FM,1.1341163838169044
Mo2I2Se2-FeOCl-NM,7.695541293299338
Nb2Br2N2-FeOCl-NM,4.108788851317757
Nb2Br2O2-FeOCl-NM,7.98104455510486
Nb2Br2S2-FeOCl-NM,6.80309083568997
Nb2Br2Se2-FeOCl-NM,6.959801253379868
Nb2Cl2N2-FeOCl-NM,3.8439004277335442
Nb2Cl2O2-FeOCl-NM,9.058156109739123
Nb2Cl2S2-FeOCl-NM,7.344757709410942
Nb2Cl2Se2-FeOCl-NM,7.256476811711274
Nb2I2N2-FeOCl-NM,4.638974409545142
Nb2I2O2-FeOCl-NM,6.439142692553021
Nb2I2S2-FeOCl-NM,5.805359921942276
Nb2I2Se2-FeOCl-NM,5.710479087416558
Ni2Br2O2-FeOCl-AFM,6.614373256206761
Ni2Br2O2-FeOCl-FM,6.466667332329646
Ni2Br2S2-FeOCl-NM,5.326120738739965
Ni2Br2Se2-FeOCl-NM,5.195525680520391
Ni2Cl2N2-FeOCl-NM,3.5428053414309795
Ni2Cl2S2-FeOCl-NM,3.738491171834967
Ni2I2N2-FeOCl-NM,12.684592039614303
Ni2I2O2-FeOCl-AFM,7.736392727115246
Ni2I2O2-FeOCl-FM,7.8257179991630785
Ni2I2S2-FeOCl-NM,5.430230133340822
Ni2I2Se2-FeOCl-NM,4.937441140297601
Ni2Br2N2-FeOCl-NM,5.41859813144508
Ni2Cl2O2-FeOCl-AFM,5.457948551582993
Ni2Cl2O2-FeOCl-FM,5.226168929619233
Ni2Cl2Se2-FeOCl-NM,4.7640658890848835
Os2Br2N2-FeOCl-NM,5.096627350411172
Os2Br2O2-FeOCl-FM,4.328645742895086
Os2Br2O2-FeOCl-NM,4.589843679725877
Os2Br2S2-FeOCl-NM,2.5044876973113275
Os2Br2Se2-FeOCl-NM,2.3629075374510347
Os2Cl2N2-FeOCl-NM,5.724588799720298
Os2Cl2O2-FeOCl-FM,4.549144047277488
Os2Cl2O2-FeOCl-NM,4.584901659025264
Os2Cl2S2-FeOCl-NM,2.5056726263766
Os2Cl2Se2-FeOCl-NM,3.554300060147594
Os2I2O2-FeOCl-FM,4.865202060320687
Os2I2O2-FeOCl-NM,4.657453469499164
Os2I2S2-FeOCl-NM,2.927783350719649
Os2I2Se2-FeOCl-NM,2.704401694781512
Pb2Br2N2-FeOCl-NM,2.6231556568922234
Pb2Br2O2-FeOCl-NM,2.973557156518943
Pb2Br2S2-FeOCl-NM,4.600247923795311
Pb2Cl2N2-FeOCl-NM,2.4403988054137713
Pb2Cl2O2-FeOCl-NM,2.356938782877532
Pb2Cl2S2-FeOCl-NM,4.219994411771344
Pb2Cl2Se2-FeOCl-NM,10.886784086980217
Pb2I2N2-FeOCl-NM,2.813402714912287
Pb2I2O2-FeOCl-NM,6.664299752836715
Pb2I2S2-FeOCl-NM,5.1800486621112345
Pb2I2Se2-FeOCl-NM,6.57072315808659
Pb2Br2Se2-FeOCl-NM,10.605042483814001
Pd2Br2N2-FeOCl-NM,2.433873738304836
Pd2Br2O2-FeOCl-NM,5.994273914788336
Pd2Br2S2-FeOCl-NM,1.9041575172292418
Pd2Cl2N2-FeOCl-NM,1.8926396173308204
Pd2Cl2O2-FeOCl-NM,3.8058050109237693
Pd2Cl2S2-FeOCl-NM,1.670926046884242
Pd2Cl2Se2-FeOCl-NM,1.9388867045217635
Pd2I2N2-FeOCl-NM,10.31567060477893
Pd2I2O2-FeOCl-NM,8.929866149818404
Pd2I2S2-FeOCl-NM,2.6055414556276504
Pd2I2Se2-FeOCl-NM,3.9275651122089767
Pt2Br2O2-FeOCl-NM,3.8997629757824734
Pt2Br2S2-FeOCl-NM,1.433660780295058
Pt2Br2Se2-FeOCl-NM,1.7529685911930957
Pt2Cl2O2-FeOCl-NM,2.2661596453533575
Pt2Cl2S2-FeOCl-NM,1.3392082354137402
Pt2Cl2Se2-FeOCl-NM,1.6553382083852806
Pt2I2N2-FeOCl-NM,2.7273294700085104
Pt2I2O2-FeOCl-NM,9.616415490035374
Pt2I2S2-FeOCl-NM,2.200874655075561
Pt2I2Se2-FeOCl-NM,2.0676446531941783
Rh2Br2N2-FeOCl-NM,4.630495275757522
Rh2Br2O2-FeOCl-NM,1.1577083600331763
Rh2Br2S2-FeOCl-NM,0.49813519098114656
Rh2Br2Se2-FeOCl-NM,1.2564720103552733
Rh2Cl2N2-FeOCl-NM,2.2678980565296167
Rh2Cl2O2-FeOCl-NM,0.2364101424525183
Rh2Cl2Se2-FeOCl-NM,0.70417517918266
Rh2I2N2-FeOCl-NM,13.620666793628953
Rh2I2O2-FeOCl-NM,2.4463737006346853
Rh2I2S2-FeOCl-NM,1.2440872385091926
Rh2I2Se2-FeOCl-NM,2.385086449988465
Rh2Cl2S2-FeOCl-NM,0.3686934107103597
Ru2Br2N2-FeOCl-NM,4.387178142898361
Ru2Br2O2-FeOCl-NM,3.5668448027709596
Ru2Br2S2-FeOCl-NM,2.0632658551849397
Ru2Br2Se2-FeOCl-NM,2.0176115976145512
Ru2Cl2N2-FeOCl-NM,4.438460524118937
Ru2Cl2O2-FeOCl-NM,3.2506839498001825
Ru2Cl2S2-FeOCl-NM,1.707668797032293
Ru2Cl2Se2-FeOCl-FM,3.406041598154898
Ru2Cl2Se2-FeOCl-NM,3.409906711749685
Ru2I2O2-FeOCl-AFM,4.005755961435697
Ru2I2O2-FeOCl-FM,3.828586497920216
Ru2I2O2-FeOCl-NM,4.680348583972562
Ru2I2S2-FeOCl-NM,3.2310668029955703
Ru2I2Se2-FeOCl-NM,2.579932334419525
Ru2I2N2-FeOCl-NM,5.426582882947005
Sc2Br2N2-FeOCl-NM,5.881319465292948
Sc2Cl2N2-FeOCl-NM,7.509519759079522
Sc2I2N2-FeOCl-NM,13.176139746211522
Sn2Br2O2-FeOCl-NM,5.894051117801785
Sn2Br2S2-FeOCl-NM,3.736981889731079
Sn2Br2Se2-FeOCl-NM,5.508632601248194
Sn2Cl2O2-FeOCl-NM,3.2672599247885947
Sn2Cl2S2-FeOCl-NM,2.9603351352480383
Sn2Cl2Se2-FeOCl-NM,4.9082267874227
Sn2I2O2-FeOCl-NM,7.474793473317669
Sn2I2S2-FeOCl-NM,4.397507926073875
Sn2I2Se2-FeOCl-NM,5.37127154082773
Ta2Br2O2-FeOCl-NM,7.95902630921248
Ta2Br2S2-FeOCl-NM,6.80108240718746
Ta2Br2Se2-FeOCl-NM,5.983300479986469
Ta2Cl2N2-FeOCl-NM,4.506496691069731
Ta2Cl2O2-FeOCl-NM,9.860383271541552
Ta2Cl2S2-FeOCl-NM,7.280668237950885
Ta2Cl2Se2-FeOCl-NM,6.292987282115352
Ta2I2N2-FeOCl-NM,4.331133303081887
Ta2I2O2-FeOCl-NM,7.035271604460514
Ta2I2S2-FeOCl-NM,6.290213889243771
Ta2I2Se2-FeOCl-NM,5.813207746902826
Ta2Br2N2-FeOCl-NM,3.913786174114897
Ti2Br2O2-FeOCl-NM,4.172609823617264
Ti2Br2S2-FeOCl-NM,5.936227093886655
Ti2Br2Se2-FeOCl-NM,6.455291510499201
Ti2Cl2O2-FeOCl-NM,4.610406377942552
Ti2Cl2S2-FeOCl-NM,5.758774007264911
Ti2Cl2Se2-FeOCl-NM,5.056598780296855
Ti2I2O2-FeOCl-NM,3.3767723658690696
Ti2I2S2-FeOCl-NM,4.837667253868586
Ti2I2Se2-FeOCl-NM,4.959294937128697
Tl2Br2N2-FeOCl-NM,6.779003462410107
Tl2Cl2N2-FeOCl-NM,6.7203100768714
Tl2I2N2-FeOCl-NM,9.19420751351739
V2Br2N2-FeOCl-NM,4.094000911079917
V2Br2O2-FeOCl-AFM,1.8575886387590173
V2Br2O2-FeOCl-FM,2.9836856603057784
V2Br2S2-FeOCl-AFM,1.8845027986232066
V2Br2S2-FeOCl-FM,2.633287940668731
V2Br2Se2-FeOCl-AFM,3.8504963916087322
V2Br2Se2-FeOCl-FM,2.563797359002308
V2Cl2N2-FeOCl-NM,3.595583729975277
V2Cl2O2-FeOCl-AFM,2.0331267827179946
V2Cl2S2-FeOCl-AFM,3.4892043950674374
V2Cl2Se2-FeOCl-AFM,4.408881969717057
V2Cl2Se2-FeOCl-FM,2.3942732238808193
V2I2N2-FeOCl-AFM,7.90214867290004
V2I2N2-FeOCl-FM,8.286366808319
V2I2N2-FeOCl-NM,7.450406248654155
V2I2O2-FeOCl-AFM,1.6190806978374757
V2I2O2-FeOCl-FM,2.937993031875014
V2I2S2-FeOCl-AFM,2.576323249374037
V2I2S2-FeOCl-FM,3.0226008080980025
V2I2Se2-FeOCl-AFM,2.6331096563569525
V2I2Se2-FeOCl-FM,2.1145072458016805
W2Br2N2-FeOCl-NM,7.2065710009284345
W2Br2O2-FeOCl-NM,9.914684379859821
W2Br2S2-FeOCl-NM,6.526453946327291
W2Br2Se2-FeOCl-NM,5.792067879966986
W2Cl2N2-FeOCl-NM,7.4450696846546425
W2Cl2O2-FeOCl-NM,10.586424020316368
W2Cl2S2-FeOCl-NM,6.489638988655672
W2Cl2Se2-FeOCl-NM,6.167061807565174
W2I2N2-FeOCl-NM,7.905143228454759
W2I2O2-FeOCl-NM,8.55078020476347
W2I2S2-FeOCl-FM,1.8919297678605556
W2I2Se2-FeOCl-NM,8.882796554846362
Zr2Br2O2-FeOCl-NM,5.451451174626646
Zr2Br2S2-FeOCl-NM,5.791305821892326
Zr2Br2Se2-FeOCl-NM,6.8169064209363235
Zr2Cl2O2-FeOCl-NM,5.9567646609853115
Zr2Cl2Se2-FeOCl-NM,6.6671925775507646
Zr2I2O2-FeOCl-NM,4.524464248140506
Zr2I2S2-FeOCl-NM,5.610604592691669
Zr2I2Se2-FeOCl-NM,6.4468382657728664
Zr2Cl2S2-FeOCl-NM,7.547552369570749
Au2O2-GaS-NM,9.182098511276369
Au2S2-GaS-NM,9.806170073255428
Au2Se2-GaS-NM,8.888498790856245
Bi2S2-GaS-NM,0.0
Bi2Se2-GaS-NM,0.0
Bi2Te2-GaS-NM,5.110414174549619
Co2O2-GaS-NM,5.57760281936812
Co2S2-GaS-NM,6.693343789884113
Co2Se2-GaS-NM,6.082206691059639
Co2Te2-GaS-FM,7.487582907213849
Co2Te2-GaS-NM,7.68277563741649
Cu2S2-GaS-NM,5.7105954418143074
Cu2Se2-GaS-NM,4.5280742722623035
Cu2Te2-GaS-NM,2.573748562502706
Fe2O2-GaS-FM,6.2141382654259125
Fe2O2-GaS-NM,6.413179131956686
Fe2S2-GaS-FM,6.856102005955045
Fe2S2-GaS-NM,7.220481406157649
Fe2Se2-GaS-NM,6.292437038510096
Fe2Te2-GaS-AFM,4.213909171093012
Fe2Te2-GaS-FM,7.049513164455244
Hf2O2-GaS-NM,6.584154842971169
Hf2S2-GaS-FM,4.95122360015489
Hf2S2-GaS-NM,3.6520204736652286
Hf2Se2-GaS-FM,4.478066846900498
Hf2Se2-GaS-NM,3.1874067207184877
Hf2Te2-GaS-NM,1.2368314229468484
Ir2Te2-GaS-NM,9.083277358933163
Mn2O2-GaS-AFM,2.9881679029959973
Mn2O2-GaS-FM,5.607108614353266
Mn2S2-GaS-AFM,4.1555895330807795
Mn2S2-GaS-FM,7.4358735205995306
Mn2Se2-GaS-AFM,0.5909144571923003
Mn2Se2-GaS-FM,6.257212990272906
Mn2Te2-GaS-AFM,0.0
Mn2Te2-GaS-FM,6.070581990427575
Mo2O2-GaS-NM,4.968976371065973
Mo2S2-GaS-NM,3.710724768216219
Mo2Se2-GaS-NM,2.687298188389161
Mo2Te2-GaS-NM,4.319147237895371
Nb2O2-GaS-NM,7.267382226758858
Nb2S2-GaS-NM,7.7185511245656375
Nb2Se2-GaS-NM,5.863205798043798
Nb2Te2-GaS-FM,5.941085968762353
Nb2Te2-GaS-NM,6.065868532933449
Ni2O2-GaS-AFM,7.898429091363151
Ni2O2-GaS-FM,8.27056132986722
Ni2S2-GaS-NM,10.114960521350788
Ni2Se2-GaS-NM,9.633806200112948
Ni2Te2-GaS-NM,9.295829772087389
Os2O2-GaS-NM,8.877757984106593
Os2S2-GaS-NM,9.708273985845235
Os2Se2-GaS-NM,8.34003446080034
Os2Te2-GaS-NM,7.551400267517197
Pd2O2-GaS-NM,6.831051509346883
Pd2S2-GaS-NM,10.404477633538075
Pd2Se2-GaS-NM,9.201655883905826
Pd2Te2-GaS-NM,9.575149087553182
Pt2O2-GaS-NM,6.8516191438693195
Pt2S2-GaS-NM,11.496780852734153
Pt2Se2-GaS-NM,10.456645112787612
Pt2Te2-GaS-NM,10.572862006316102
Re2O2-GaS-NM,0.6584691075509438
Re2S2-GaS-NM,10.337108219314832
Re2Se2-GaS-NM,12.416723934680007
Re2Te2-GaS-NM,13.521857972388274
Rh2S2-GaS-NM,3.577755616985721
Rh2Te2-GaS-NM,7.2312755680611875
Ru2O2-GaS-NM,9.290167097685064
Ru2S2-GaS-NM,7.565646326122749
Ru2Se2-GaS-NM,7.2996399019696385
Ru2Te2-GaS-NM,7.059027618925732
Ta2O2-GaS-NM,6.711174688221959
Ta2S2-GaS-FM,6.48304125972193
Ta2S2-GaS-NM,7.906916955974761
Ta2Se2-GaS-FM,6.498309650107879
Ta2Se2-GaS-NM,6.647990770548834
Ta2Te2-GaS-FM,9.197451393267531
Ti2O2-GaS-NM,5.907662726186655
Ti2S2-GaS-FM,5.669312855711765
Ti2S2-GaS-NM,3.90797120478244
Ti2Se2-GaS-FM,5.308905217479374
Ti2Se2-GaS-NM,3.3399403328502735
Tl2O2-GaS-NM,2.538114756614207
W2S2-GaS-NM,3.74567082988442
W2Se2-GaS-NM,1.3928444513069536
W2Te2-GaS-NM,2.7961446988284715
Zr2O2-GaS-NM,6.765171116848392
Zr2S2-GaS-FM,4.630834097453907
Zr2S2-GaS-NM,4.030313133546909
Co2S6-Undefined-NM,5.283822929859755
Co2Se6-Undefined-NM,5.675374311926303
Co2Te6-VTe3-NM,6.703655851258803
Cr2Te6-VTe3-AFM,3.943185641183587
Cr2Te6-VTe3-FM,5.854642207263877
Fe2Te6-VTe3-FM,4.010893624097272
Fe2Te6-VTe3-NM,3.8501870068660224
Hf2Te6-TiS3-NM,4.998630212587978
Ir2O6-Undefined-NM,6.354233949619901
Ir2S6-Undefined-NM,4.68010164652865
Ir2Se6-VTe3-NM,6.246531758720884
Ir2Te6-VTe3-NM,6.490886532315741
Mn2Te6-VTe3-AFM,6.4728528227409035
Mn2Te6-VTe3-FM,7.498960999759406
Mo2S6-TiS3-NM,5.938694216567239
Mo2Se6-VTe3-NM,6.818334610171669
Mo2Te6-VTe3-NM,4.633278781812606
Nb2O6-TiS3-NM,0.7964240693972873
Nb2S6-TiS3-NM,7.6752740996739295
Nb2Se6-TiS3-NM,7.0497669311149505
Nb2Te6-TiS3-NM,6.000623252636236
Ni2O6-Undefined-AFM,3.5655797665570046
Ni2O6-Undefined-FM,3.67322973126119
Ni2S6-VTe3-NM,6.852079772672405
Ni2Se6-VTe3-NM,8.686305314580627
Ni2Te6-VTe3-NM,9.650061909417298
Os2Se6-VTe3-NM,4.850190720918654
Os2Te6-VTe3-NM,4.41793610688994
Pt2Se6-VTe3-NM,4.630182819363241
Pt2Te6-VTe3-NM,7.526816128075018
Rh2O6-Undefined-NM,2.097298158076104
Rh2Te6-VTe3-NM,7.0960827372517725
Ru2Te6-VTe3-NM,4.566109164668609
Sc2S6-TiS3-NM,9.688025771192489
Sc2Se6-TiS3-NM,10.948912767211846
Sc2Te6-VTe3-NM,11.139744983000561
Ta2O6-TiS3-NM,0.6682842205243579
Ta2S6-TiS3-NM,5.869484012055512
Ta2Se6-TiS3-NM,6.463000361650972
Ta2Te6-TiS3-NM,7.4190393572834
Ti2Se6-TiS3-NM,1.2531856785133022
Ti2Te6-TiS3-NM,5.606360374450648
V2O6-TiS3-NM,6.6335334122569
V2S6-TiS3-NM,5.873972366427973
V2Se6-TiS3-FM,5.442625749593946
V2Se6-TiS3-NM,5.489087801512255
V2Te6-VTe3-AFM,3.1501741667698426
V2Te6-VTe3-FM,3.4147479078630547
V2Te6-VTe3-NM,3.92755191502655
W2S6-TiS3-NM,6.621808901811659
W2Te6-VTe3-NM,6.232942484441863
Zr2Te6-TiS3-NM,5.156412742082122
Ag2Br4-CdI2-NM,5.3675017925152435
Ag2I4-CdI2-NM,6.2139440592774005
Au2Br4-WTe2-NM,5.201466452985422
Au2I4-WTe2-NM,6.22066309763549
Au2O4-WTe2-NM,6.180246671414578
Co2S4-CdI2-NM,1.8453726958352732
Co2Se4-CdI2-NM,2.060550848499131
Co2Te4-CdI2-NM,3.1289402936133737
Cr2O4-WTe2-NM,1.8236098422170224
Cr2S4-WTe2-NM,1.2455894632584765
Cr2Se4-WTe2-NM,2.141165045212912
Cu2Br4-CdI2-AFM,3.1412913042703487
Cu2I4-CdI2-NM,6.74429565504979
Cu2Te4-WTe2-NM,12.899194013647506
Hg2Te4-WTe2-NM,14.872555263996995
Ir2Br4-WTe2-NM,4.36982717026548
Ir2O4-CdI2-NM,4.794233119242791
Ir2S4-WTe2-NM,5.57889459804322
Ir2Se4-WTe2-NM,3.5354996446304097
Ir2Te4-CdI2-NM,2.6261568747143187
Mn2O4-WTe2-FM,0.4182597124174582
Mn2S4-WTe2-FM,0.604477997727782
Mn2Se4-WTe2-FM,1.1101048014540875
Mn2Te4-WTe2-AFM,0.0
Mn2Te4-WTe2-FM,1.548793528970618
Mo2Br4-WTe2-FM,2.3354472169602416
Mo2Cl4-CdI2-NM,8.125207124433478
Mo2I4-WTe2-FM,0.6236294970055704
Mo2I4-WTe2-NM,1.7773805382248402
Mo2O4-WTe2-NM,2.7843085447266285
Mo2Te4-WTe2-NM,3.121435354574792
Nb2Cl4-WTe2-NM,1.6953681499162523
Nb2I4-WTe2-NM,1.9947289942293915
Nb2O4-CdI2-NM,1.130261065491326
Pd2Cl4-WTe2-NM,3.4318341357581557
Re2Br4-WTe2-NM,2.6781590479254
Re2Cl4-WTe2-NM,9.156710918788834
Re2I4-WTe2-NM,4.943724964546471
Re2O4-WTe2-NM,0.8903220006838122
Re2S4-WTe2-NM,2.2521624435675487
Re2Se4-WTe2-NM,3.0304919055264237
Re2Te4-WTe2-NM,3.1748926515709455
Rh2Br4-CdI2-FM,0.03213125715724549
Rh2S4-WTe2-NM,3.1156815693156164
Rh2Se4-WTe2-NM,2.1129275337582287
Rh2Te4-WTe2-NM,2.7461755965131487
Ru2O4-WTe2-NM,0.0
Sc2Br4-CdI2-NM,5.856822205721219
Sc2Cl4-CdI2-NM,6.036366782477209
Ta2Br4-WTe2-NM,3.0977014994387058
Ta2I4-WTe2-NM,2.8940894677940445
Ta2O4-CdI2-NM,1.1410785534137968
V2Cl4-WTe2-FM,0.403676928195193
V2Cl4-WTe2-NM,0.5865620871049394
V2O4-WTe2-FM,1.5902912002977998
W2Cl4-CdI2-NM,8.811853836948275
W2O4-WTe2-NM,3.050952319613952
W2S4-WTe2-NM,1.8138372483957172
W2Te4-WTe2-NM,2.298631538424682
Y2Br4-CdI2-NM,6.294277352459551
Y2Cl4-CdI2-NM,6.223341273522189
Y2I4-WTe2-NM,6.280424997191481
F2Ge2-CH-NM,0.0
Hf4Br4O4-HfBrS-NM,4.6573872039430295
Hf4Br4S4-HfBrS-FM,4.07676478045925
Hf4Br4S4-HfBrS-NM,5.170303496155312
Hf4Br4Se4-HfBrS-FM,4.728360971798513
Hf4Br4Se4-HfBrS-NM,5.121122688322942
Hf4Cl4O4-HfBrS-NM,5.543554435423133
Hf4Cl4S4-HfBrS-FM,4.326516809513352
Hf4Cl4S4-HfBrS-NM,5.185525782756536
Hf4Cl4Se4-HfBrS-FM,4.84570319877302
Hf4Cl4Se4-HfBrS-NM,5.357550963063741
Hf4I4O4-HfBrS-NM,6.819284933284336
Hf4I4S4-HfBrS-FM,4.051906739248072
Hf4I4S4-HfBrS-NM,4.382457312069915
Hf4I4Se4-HfBrS-FM,4.743858510899647
Hf4I4Se4-HfBrS-NM,4.877286055236389
Ti4Br4O4-HfBrS-NM,5.613228022263594
Ti4Br4S4-HfBrS-FM,1.7341398844183922
Ti4Br4Se4-HfBrS-FM,0.2711103468606416
Ti4Cl4O4-HfBrS-NM,5.8607736171536775
Ti4Cl4S4-HfBrS-FM,1.598245670481446
Ti4Cl4Se4-HfBrS-FM,0.45531293567036996
Ti4I4O4-HfBrS-NM,5.676240851648948
Ti4I4S4-HfBrS-FM,2.2924378295648618
Ti4I4Se4-HfBrS-FM,0.7188956755146312
Zr4Br4O4-HfBrS-NM,5.63564557410242
Zr4Br4S4-HfBrS-FM,3.124930272267629
Zr4Br4Se4-HfBrS-FM,2.895092544983407
Zr4Br4Se4-HfBrS-NM,5.0542113194164235
Zr4Cl4O4-HfBrS-NM,6.469829369320454
Zr4Cl4S4-HfBrS-FM,2.9841653601208558
Zr4Cl4Se4-HfBrS-FM,2.849296460347992
Zr4Cl4Se4-HfBrS-NM,5.154766773777579
Zr4I4O4-HfBrS-NM,6.59655871144805
Zr4I4S4-HfBrS-FM,3.479690415632934
Zr4I4S4-HfBrS-NM,5.16835509961912
Zr4I4Se4-HfBrS-FM,3.269519006832252
Zr4I4Se4-HfBrS-NM,4.860477170570369
