Ag2O2-AuSe-NM,-6.708453342827286
Ag2S2-AuSe-NM,-6.856797691151597
Ag2Te2-AuSe-NM,-5.498467344037996
Au2O2-AuSe-NM,-6.0210621976226815
Au2S2-AuSe-NM,-6.6662081482978195
Au2Se2-AuSe-NM,-6.230374279060538
Au2Te2-AuSe-NM,-5.52675196422852
Cu2O2-AuSe-NM,-7.0543762124030955
Cu2S2-AuSe-NM,-6.790056505828105
Cu2Se2-AuSe-NM,-6.393043084566633
AlAs-BN-NM,-5.661793701083993
AlN-BN-NM,-6.226470527251112
AlSb-GeSe-NM,-5.275210650537808
AsB-BN-NM,-5.131928388903574
BN-BN-NM,-6.632822563966826
BP-BN-NM,-5.358262255740794
BSb-BN-NM,-4.620269573956519
GaAs-GeSe-NM,-5.57435156674784
GaN-BN-NM,-6.228503865892404
GaP-GeSe-NM,-5.7995229097914205
GeO-GeSe-NM,-7.087336757460302
GeS-GeSe-NM,-6.684410398837372
GeSe-GeSe-NM,-6.2849352985762525
GeTe-GeSe-NM,-5.578358460041558
HgO-BN-NM,-6.003733154500681
HgS-BN-NM,-6.103853791050714
HgSe-GeSe-NM,-5.973612572398152
HgTe-GeSe-NM,-5.6538894931189345
InAs-GeSe-NM,-5.432627130878096
InN-BN-NM,-5.624087856838783
InP-GeSe-NM,-5.614974065407741
InSb-GeSe-NM,-5.142559042535277
PbO-GeSe-NM,-6.575350989326144
PbS-GeSe-NM,-6.2593149116763405
PbSe-GeSe-NM,-5.945973812395602
PbTe-GeSe-NM,-5.3930579262729825
SnO-GeSe-NM,-6.319356747471673
SnS-GeSe-NM,-6.5615168417431295
SnSe-GeSe-NM,-6.213880933517436
SnTe-GeSe-NM,-5.649641622250505
AsBrS-BiTeI-NM,-6.5916268093977575
AsClS-BiTeI-NM,-6.937355947552014
AsBrSe-BiTeI-NM,-6.376717134803044
AsClSe-BiTeI-NM,-6.764129512354971
AsISe-BiTeI-NM,-6.022524610074119
AsIS-BiTeI-NM,-6.305908861432997
AsBrTe-BiTeI-NM,-6.238479600597126
AsClTe-BiTeI-NM,-6.661134845182694
AsITe-BiTeI-NM,-5.776327714473863
BiBrS-BiTeI-NM,-7.123620294715652
BiClS-BiTeI-NM,-7.382337958466178
BiBrSe-BiTeI-NM,-6.839669829475965
BiClSe-BiTeI-NM,-7.0978840189414125
BiISe-BiTeI-NM,-6.488210728741946
BiIS-BiTeI-NM,-6.783809840105257
BiBrTe-BiTeI-NM,-6.561410466562771
BiClTe-BiTeI-NM,-6.8099338547906845
BiITe-BiTeI-NM,-6.17052656700942
BrSSb-BiTeI-NM,-6.609471560669537
ClSSb-BiTeI-NM,-6.921727879225802
BrSbSe-BiTeI-NM,-6.378375319478476
ClSbSe-BiTeI-NM,-6.705258355144949
ISbSe-BiTeI-NM,-6.007933835490342
ISSb-BiTeI-NM,-6.268491035511426
BrSbTe-BiTeI-NM,-6.192244779340649
ClSbTe-BiTeI-NM,-6.520360165506044
ISbTe-BiTeI-NM,-5.737518963079873
ZrSeTe-BiTeI-NM,-4.9208608821664725
ZrSSe-BiTeI-NM,-6.317341151929222
ZrSTe-BiTeI-NM,-4.834622832251069
CrSTe-BiTeI-NM,-4.502513852458828
HfSeTe-BiTeI-NM,-4.9280982969320695
HfSSe-BiTeI-NM,-6.285999674753295
HfSTe-BiTeI-NM,-4.814683862255988
MoSeTe-BiTeI-NM,-4.29546597399416
MoSTe-BiTeI-NM,-4.653725577558795
TiSSe-BiTeI-NM,-5.137486226749475
VBrCl-BiTeI-FM,-5.94166013264691
VBrI-BiTeI-FM,-5.824161333697875
VClI-BiTeI-FM,-5.825605104004927
WSTe-BiTeI-NM,-4.388522961379552
As2-C-NM,-5.68518993772062
C2-C-NM,-4.21299070447827
C6N2-C3N-NM,-3.4718435791248985
Ti2S2-CH-NM,-3.7660474190212483
Ti2Br2-CH-AFM,-3.4201480352456297
Cr2Cl2-CH-AFM,-5.5058549907175465
Cr2Br2-CH-AFM,-5.328125640028194
Cr2I2-CH-AFM,-4.863644616070323
Mn2S2-CH-AFM,-5.4949855178127995
Mn2Se2-CH-AFM,-5.332322520417074
Mn2Te2-CH-AFM,-4.682352276127259
Mn2Br2-CH-AFM,-5.439894541376372
Fe2F2-CH-AFM,-7.271920076848984
Fe2Cl2-CH-AFM,-5.058828579416851
Fe2Br2-CH-AFM,-4.175982128226357
Co2Br2-CH-AFM,-5.090794414124032
Cu2Cl2-CH-NM,-7.3894535402221235
Cu2Br2-CH-NM,-6.985372498197776
Cu2I2-CH-NM,-6.064954809504159
Zn2S2-CH-NM,-7.139994492333296
Zn2Se2-CH-NM,-6.531720307216544
Zn2Te2-CH-NM,-5.577014570837235
Zr2S2-CH-NM,-3.401593731263243
Zr2Se2-CH-NM,-3.6689684992328297
Pd2F2-GaSe-NM,-9.04728016233172
Ag2F2-Undefined-NM,-7.264618701558655
Ag2Cl2-CH-NM,-7.094058067133548
Ag2Br2-CH-NM,-7.3365192260043415
Ag2I2-CH-NM,-6.483912483877209
Cd2S2-CH-NM,-6.798889949561565
Cd2Se2-CH-NM,-6.53910664630052
Cd2Te2-CH-NM,-5.822616167492239
In2I2-CH-NM,-5.791969954068636
S2Sb2-CH-NM,-4.764560123492851
Sb2Se2-CH-NM,-4.445557925743941
Cl2Sb2-CH-NM,-5.015887343735791
Br2Sb2-CH-NM,-4.788428620814001
I2Sb2-ISb-NM,-4.6310193268662
Hf2S2-CH-NM,-3.3436987138984784
Hf2Se2-CH-NM,-3.5550327316828474
Ir2S2-CH-NM,-5.240993558429222
Pt2Cl2-GaSe-NM,-6.938830370633832
Au2Br2-CH-NM,-6.779049765008416
Au2I2-CH-NM,-5.952979937923749
Hg2Se2-CH-NM,-6.20775138814651
Hg2I2-GaSe-NM,-6.547252481726536
Tl2Cl2-CH-NM,-6.4142094991215295
Tl2Br2-ISb-NM,-6.1874640451150285
Tl2I2-CH-NM,-5.921734849086746
Pb2Te2-CH-NM,-4.7216304756761875
Pb2F2-CH-NM,-4.947820828941192
Pb2Cl2-CH-NM,-5.195503953079541
Pb2Br2-CH-NM,-4.926027431745295
Bi2S2-CH-NM,-5.284196117339681
Bi2Se2-CH-NM,-4.902248502903316
Bi2Te2-CH-NM,-4.373686511977059
Bi2Cl2-CH-NM,-5.311814142809482
Bi2Br2-CH-NM,-5.094823656235729
Bi2I2-CH-NM,-4.767999230593421
Fe2Br2-FeSe-FM,-3.463703633872606
Cr2O2-FeSe-AFM,-5.321031581956176
Mn2O2-FeSe-AFM,-6.0909599016510025
Mn2S2-FeSe-AFM,-6.162916525855141
Mn2Se2-FeSe-AFM,-5.925442840482274
Mn2Te2-FeSe-AFM,-5.344629970472964
Pb2O2-FeSe-NM,-4.08314711506984
Pb2S2-FeSe-NM,-4.744184913182485
Pb2Se2-FeSe-NM,-4.890126228422318
Pb2Te2-FeSe-NM,-4.950912601441971
Pt2O2-FeSe-NM,-6.950965039885987
Fe2I2-FeSe-FM,-3.2599354336182054
Cr2Cl2-FeSe-AFM,-5.502932960450836
K2Br2-FeSe-NM,-7.107748890911844
Ca2I2-FeSe-FM,-3.803179773999445
V2F2-FeSe-AFM,-4.456369096777632
Cr2Br2-FeSe-AFM,-5.2960548741574485
Co2F2-FeSe-AFM,-6.466500086613051
K2F2-FeSe-NM,-7.932260361983625
K2Cl2-FeSe-NM,-7.401259312720843
K2I2-FeSe-NM,-6.735853191626553
Cr2I2-FeSe-AFM,-4.864163329634193
Ni2Cl2-FeSe-AFM,-6.09017685778718
Cu2F2-FeSe-NM,-8.167810188854945
Cu2Cl2-FeSe-NM,-7.496047812189506
Cu2Br2-FeSe-NM,-6.937856118354672
Cu2I2-FeSe-NM,-6.140861259018344
Ga2Cl2-FeSe-NM,-5.5032680523369955
Ga2I2-FeSe-NM,-5.387238701458674
Rb2F2-FeSe-NM,-7.474430859193119
Rb2Cl2-FeSe-NM,-7.158278896035313
Rb2Br2-FeSe-NM,-6.866137668101295
Rb2I2-FeSe-NM,-6.5249880835478535
Sr2I2-FeSe-FM,-3.789398566986863
Ag2F2-FeSe-NM,-6.664334089392291
Ag2Cl2-FeSe-NM,-7.94949798629194
Ag2Br2-FeSe-NM,-7.42156974309992
Ag2I2-FeSe-NM,-6.51907748698312
In2Cl2-FeSe-NM,-5.332671131948144
In2I2-FeSe-NM,-5.202516545125718
Cs2F2-FeSe-NM,-6.9809840725244205
Cs2Cl2-FeSe-NM,-6.789635188393614
Cs2Br2-FeSe-NM,-6.591402290807217
Au2Cl2-FeSe-NM,-7.111368212273613
Au2Br2-FeSe-NM,-6.817754571520343
Au2I2-FeSe-NM,-5.842016749441643
Tl2Br2-FeSe-NM,-6.1272018839586
Tl2I2-FeSe-NM,-5.943330131782249
Al2S2-GaSe-NM,-6.710330053807962
Al2Se2-GaSe-NM,-6.290684563036939
Al2Te2-GaSe-NM,-5.7068862722367815
Bi2Se2-GaSe-NM,-4.91869313676904
Bi2Te2-GaSe-NM,-4.903550666435401
Ga2S2-GaSe-NM,-6.761570542603161
Ga2Se2-GaSe-NM,-6.2605547369688015
Ga2Te2-GaSe-NM,-5.641521037859542
In2S2-GaSe-NM,-6.843755876123016
In2Se2-GaSe-NM,-6.371669379432168
In2Te2-GaSe-NM,-5.754210826083755
Mn2Se2-GaSe-AFM,-4.846652798377184
Mn2Te2-GaSe-AFM,-4.593600683113019
Sb2Se2-GaSe-NM,-4.952584430113672
Ti2Te2-GaSe-NM,-4.256013964194976
Tl2S2-GaSe-NM,-6.769268433258182
Tl2Se2-GaSe-NM,-6.2860682959319645
Tl2Te2-GaSe-NM,-5.667297884625513
V2Se2-GaSe-NM,-4.180437111534726
V2Te2-GaSe-NM,-4.768734741990465
Zr2Te2-GaSe-NM,-4.549341905367223
MnCl2-GeS2-FM,-7.810930161386619
MnBr2-GeS2-FM,-7.371836414340904
FeBr2-GeS2-FM,-5.624159909151885
FeI2-GeS2-FM,-5.477348127340736
CoF2-GeS2-FM,-7.459505333284653
CoCl2-GeS2-FM,-7.266593965086925
CoI2-GeS2-FM,-6.1991270182160285
NiCl2-GeS2-NM,-6.50935057507636
ZnF2-GeS2-NM,-10.987818787422215
ZnCl2-GeS2-NM,-8.910317293006738
ZnI2-GeS2-NM,-6.772397366558969
GeS2-GeS2-NM,-6.425902108015808
GeSe2-GeS2-NM,-5.567685996561914
Cl2Ge-GeS2-NM,-6.7196559360649415
GeI2-GeS2-NM,-6.190345432934241
GeO2-GeS2-NM,-9.872117909914405
GeTe2-GeS2-NM,-4.6939177689919145
F2Ge-GeS2-NM,-6.16362596180096
Br2Ge-GeS2-NM,-6.617638551077983
CaF2-GeS2-NM,-10.379184062538918
CaCl2-GeS2-NM,-8.9996482695733
CaBr2-GeS2-NM,-8.346152968640766
CaI2-GeS2-NM,-7.448176693586622
TiO2-GeS2-NM,-9.397295612205298
TiS2-GeS2-NM,-7.161001996566853
TiSe2-GeS2-NM,-6.457093766248997
TiTe2-GeS2-NM,-5.621250741482334
VTe2-GeS2-FM,-5.248905074526063
MnI2-GeS2-FM,-6.645425132734491
FeCl2-GeS2-FM,-5.77665486966154
CoBr2-GeS2-FM,-7.14099567417783
ZnBr2-GeS2-NM,-7.901435391055987
SrF2-GeS2-NM,-9.875700134030243
SrCl2-GeS2-NM,-8.76480341314948
SrBr2-GeS2-NM,-8.218264680702903
SrI2-GeS2-NM,-7.496631959663309
ZrO2-GeS2-NM,-8.76039340000106
ZrS2-GeS2-NM,-7.3275603661826665
ZrSe2-GeS2-NM,-6.653837750381752
ZrTe2-GeS2-NM,-5.832894549743162
RuF2-GeS2-NM,-6.7521200332537585
CdF2-GeS2-NM,-10.373083931275389
CdCl2-GeS2-NM,-8.98551208771802
CdBr2-GeS2-NM,-8.10963254701123
CdI2-GeS2-NM,-7.031934939271116
SnO2-GeS2-NM,-9.433684123237189
SnS2-GeS2-NM,-6.8797951995642475
SnSe2-GeS2-NM,-6.027432072755776
SnTe2-GeS2-NM,-5.127525062995724
SnF2-GeS2-NM,-5.91297946137423
SnCl2-GeS2-NM,-6.45904767936408
SnBr2-GeS2-NM,-6.343049905225547
SnI2-GeS2-NM,-6.155439052922469
BaF2-GeS2-NM,-9.329032721269238
BaCl2-GeS2-NM,-8.483828118661311
BaBr2-GeS2-NM,-8.013460585883069
BaI2-GeS2-NM,-7.399007811654046
HfO2-GeS2-NM,-8.935500406205813
HfS2-GeS2-NM,-7.366380215770731
HfSe2-GeS2-NM,-6.684813527128918
HfTe2-GeS2-NM,-5.861549104520427
TaO2-GeS2-FM,-4.879363261073765
PtF2-GeS2-FM,-8.382328333177126
HgF2-GeS2-NM,-9.843140901991479
HgCl2-GeS2-NM,-8.723777063492662
HgBr2-GeS2-NM,-7.908930353667478
HgI2-GeS2-NM,-6.9265245161709
PbO2-GeS2-NM,-9.233931667768926
PbS2-GeS2-NM,-6.955693282556274
PbSe2-GeS2-NM,-6.153269740361411
PbTe2-GeS2-NM,-5.282954161104264
PbF2-GeS2-NM,-7.385023440609099
PbCl2-GeS2-NM,-7.360505851194912
PbBr2-GeS2-NM,-7.10477530901872
PbI2-GeS2-NM,-6.683601257412155
Cd2P2S6-MnPSe3-NM,-6.877872092864506
Sc2P2S6-ScPSe3-NM,-5.466829358898663
Cr2P2Se6-ScPSe3-AFM,-4.94356893664375
Fe2P2S6-MnPSe3-NM,-6.080467494235802
Fe2P2Se6-MnPSe3-NM,-5.827177096426122
Fe2P2Te6-MnPSe3-NM,-5.717176327568833
Ir2P2Te6-MnPSe3-NM,-4.42934601790182
Zn2P2Se6-MnPSe3-NM,-6.134211678940768
Zn2P2Te6-MnPSe3-NM,-5.313088867279506
Zr2P2S6-Undefined-NM,-5.911548268160252
Zr2P2Se6-Undefined-NM,-5.371608048041397
Nb2P2S6-MnPSe3-NM,-4.227261657605375
Nb2P2S6-MnPSe3-AFM,-4.256982689648394
Mo2P2S6-Undefined-NM,-4.436231245918347
Mo2P2Se6-Undefined-NM,-4.8532899938736
Ru2P2S6-MnPSe3-NM,-5.807888651445511
Ru2P2Se6-MnPSe3-NM,-5.459474293090689
Ru2P2Te6-MnPSe3-NM,-5.440470145390939
Rh2P2Se6-MnPSe3-NM,-4.608811663995438
Hg2P2Se6-MnPSe3-NM,-6.005292286149328
Cd2P2Se6-MnPSe3-NM,-6.199248186532103
Hf2P2S6-Undefined-NM,-5.963268374861141
Hf2P2Se6-Undefined-NM,-5.407821252657111
Hf2P2Te6-Undefined-NM,-4.534539199929562
Ta2P2Se6-Undefined-NM,-5.230897291043899
W2P2S6-Undefined-NM,-5.183273584903292
W2P2Se6-Undefined-NM,-4.748855339026577
Os2P2S6-ScPSe3-NM,-5.592375783579712
Os2P2Te6-MnPSe3-NM,-5.274466851888538
Ir2P2S6-MnPSe3-NM,-5.222194340094472
Ir2P2Se6-MnPSe3-NM,-4.918284273615763
Pt2P2Se6-Undefined-NM,-5.282998893484425
Hg2P2S6-MnPSe3-NM,-6.660882799716363
Cd2P2Te6-MnPSe3-NM,-5.3854604355673645
Ge2P2Te6-Undefined-NM,-5.158652689147489
Ga2P2Te6-Undefined-NM,-4.933571473424544
Ge2P2S6-MnPSe3-NM,-6.157788659141295
Ge2P2Se6-MnPSe3-NM,-5.636609323979676
In2P2S6-Undefined-NM,-5.857538113571915
Sn2P2S6-MnPSe3-NM,-5.951454747922545
Sn2P2Se6-MnPSe3-NM,-5.541647908905529
Sn2P2Te6-MnPSe3-NM,-4.945797497381884
P2Sb2Se6-ScPSe3-NM,-5.4878858571880045
Pb2P2S6-MnPSe3-NM,-6.4798329387803895
Pb2P2Se6-MnPSe3-NM,-6.043675031091435
Bi2P2S6-VPSe3-NM,-6.0466114365612444
Bi2P2Se6-ScPSe3-NM,-5.546598670745553
Bi2P2Te6-ScPSe3-NM,-5.011651013074779
Al2P2S6-ScPSe3-NM,-5.634294039196922
Al2P2Se6-ScPSe3-NM,-5.136975038503819
Sc2P2Se6-ScPSe3-NM,-5.011150700160126
P2Sb2Te6-ScPSe3-NM,-4.942489020020537
V2P2S6-MnPSe3-AFM,-5.792860006249808
Zn2P2S6-MnPSe3-NM,-6.807024956988316
Ta2P2Te6-Undefined-NM,-4.782393516792473
Pb2P2Te6-MnPSe3-NM,-5.4468092791108536
Hg2P2Te6-MnPSe3-NM,-5.205985792369379
BaBr2-CdI2-NM,-8.181976295110642
BaCl2-CdI2-NM,-8.681016588839302
BaI2-CdI2-NM,-7.497259931004467
CaBr2-CdI2-NM,-8.454489538234707
CaCl2-CdI2-NM,-9.169353415414172
CaI2-CdI2-NM,-7.381262148689746
CdBr2-CdI2-NM,-8.099526312077153
CdCl2-CdI2-NM,-9.002664793030785
CdI2-CdI2-NM,-6.994848183852431
CoBr2-CdI2-FM,-7.280589789845822
CoCl2-CdI2-FM,-7.820756459844305
FeBr2-CdI2-NM,-6.1933486203914425
FeCl2-CdI2-NM,-6.5138703072665844
FeI2-CdI2-NM,-5.8650904794857
Br2Ge-CdI2-NM,-7.162442161951834
Cl2Ge-CdI2-NM,-7.680373293187582
GeI2-CdI2-NM,-6.406171832255592
HgBr2-CdI2-NM,-7.821757514524077
HgCl2-CdI2-NM,-8.62740967788181
HgI2-CdI2-NM,-6.804886390225123
MgBr2-CdI2-NM,-8.230931370594789
MgCl2-CdI2-NM,-9.26979579302129
MgI2-CdI2-NM,-7.071934654800392
MnBr2-CdI2-FM,-7.209464474358247
MnCl2-CdI2-FM,-7.748773273745499
MnI2-CdI2-FM,-6.395398868466406
NiBr2-CdI2-FM,-7.328617020568443
NiCl2-CdI2-FM,-8.140769893852058
NiI2-CdI2-FM,-6.292148476243749
OsBr2-CdI2-NM,-5.172065478180499
OsCl2-CdI2-NM,-5.39953395248105
OsI2-CdI2-NM,-5.026611448141897
PbBr2-CdI2-NM,-7.622413150486922
PbCl2-CdI2-NM,-8.044499960283762
PbI2-CdI2-NM,-6.934989078610172
PdBr2-CdI2-FM,-6.675287291294808
PdCl2-CdI2-FM,-7.3825925620411645
PtBr2-CdI2-FM,-5.9640069733663985
PtCl2-CdI2-FM,-6.546682380517186
RuBr2-CdI2-NM,-5.678292202910874
RuCl2-CdI2-NM,-5.954154420943266
RuI2-CdI2-NM,-5.433956039222344
SnBr2-CdI2-NM,-7.038769648949055
SnCl2-CdI2-NM,-7.373994278875202
SnI2-CdI2-NM,-6.411299557767982
SrBr2-CdI2-NM,-8.36132570055484
SrCl2-CdI2-NM,-8.96456350775924
SrI2-CdI2-NM,-7.565058135877944
VBr2-CdI2-FM,-5.889064744824461
VCl2-CdI2-FM,-6.0177039815090705
VI2-CdI2-FM,-5.74761560944251
ZnBr2-CdI2-NM,-7.923564560803463
ZnCl2-CdI2-NM,-8.94517231422586
ZnI2-CdI2-NM,-6.754216259749304
AlCl2-MoS2-FM,-5.197218183141355
BaBr2-MoS2-NM,-8.249623333971872
BaCl2-MoS2-NM,-8.850483478649174
BaI2-MoS2-NM,-7.509915740248655
Br2Ge-MoS2-NM,-7.336968005471956
CaBr2-MoS2-NM,-8.465357560133059
CaCl2-MoS2-NM,-9.24899649097593
CaI2-MoS2-NM,-7.33165990613081
CdBr2-MoS2-NM,-7.947737100209327
CdCl2-MoS2-NM,-8.98291634852336
CdI2-MoS2-NM,-6.730524831747572
Cl2Ge-MoS2-NM,-8.04602664528921
FeBr2-MoS2-FM,-4.64614770350428
FeCl2-MoS2-FM,-5.038580118795304
FeI2-MoS2-FM,-4.390959690035832
HfBr2-MoS2-NM,-3.5687382653228177
HfCl2-MoS2-NM,-3.916312518008425
HfI2-MoS2-NM,-3.2891479944341935
HgBr2-MoS2-NM,-7.898934491877886
HgCl2-MoS2-NM,-8.858976108495042
HgI2-MoS2-NM,-6.717544443864657
MgBr2-MoS2-NM,-7.9194258955051495
MgCl2-MoS2-NM,-9.0264003636475
MgI2-MoS2-NM,-6.708931902033026
MnBr2-MoS2-FM,-7.565868147554377
MnCl2-MoS2-FM,-8.212145873755013
MnI2-MoS2-FM,-6.380658600630141
MoI2-MoS2-FM,-3.6263433035871255
NiBr2-MoS2-FM,-6.515787276625663
NiCl2-MoS2-FM,-7.342281715934567
NiI2-MoS2-FM,-5.573191638639594
OsBr2-MoS2-FM,-5.341776031950385
OsCl2-MoS2-FM,-5.948466005380262
PbBr2-MoS2-NM,-7.874428108158899
PbCl2-MoS2-NM,-8.463237621458449
PbI2-MoS2-NM,-7.012635369835209
PdCl2-MoS2-FM,-7.182305766327564
RuBr2-MoS2-FM,-5.590156825106028
RuCl2-MoS2-FM,-6.146002382601283
ScBr2-MoS2-FM,-3.7364450660971595
ScCl2-MoS2-FM,-3.923398295653511
ScI2-MoS2-FM,-3.4917924988475595
SnBr2-MoS2-NM,-7.327933416152456
SnCl2-MoS2-NM,-7.835859962793455
SnI2-MoS2-NM,-6.525836207714396
SrBr2-MoS2-NM,-8.426859662656902
SrCl2-MoS2-NM,-9.097887997707218
SrI2-MoS2-NM,-7.597086704634966
TiBr2-MoS2-NM,-3.589862569831995
TiCl2-MoS2-NM,-4.005573726039598
TiI2-MoS2-NM,-3.279337020230612
VI2-MoS2-FM,-4.788376657216514
YBr2-MoS2-FM,-4.032819613305412
YCl2-MoS2-FM,-4.221405983998338
YI2-MoS2-FM,-3.653276204528651
ZnBr2-MoS2-NM,-7.56602094343562
ZnCl2-MoS2-NM,-8.673499534940127
ZnI2-MoS2-NM,-6.362588210228991
ZrBr2-MoS2-NM,-3.716535096897527
ZrCl2-MoS2-NM,-4.090928782677214
ZrI2-MoS2-NM,-3.4213852023104643
Ag2Br6-BiI3-AFM,-7.628132466694183
Ag2Br6-BiI3-FM,-7.5788249152019205
Ag2Cl6-BiI3-AFM,-8.482243469875073
Ag2Cl6-BiI3-FM,-8.416482970615728
Al2Br6-BiI3-NM,-7.937103737301024
Al2Cl6-BiI3-NM,-8.966587474970716
Al2I6-BiI3-NM,-6.807050813959604
As2Br6-BiI3-NM,-7.467880853481643
As2I6-BiI3-NM,-6.744962713614505
Au2Br6-BiI3-AFM,-7.053319097635607
Au2Br6-BiI3-FM,-6.9179646838656765
Au2Cl6-BiI3-AFM,-7.730205144582512
Au2Cl6-BiI3-FM,-7.637633567631507
Au2I6-BiI3-FM,-5.898569835338995
Bi2Br6-BiI3-NM,-7.873475734748758
Bi2Cl6-BiI3-NM,-8.45870691565451
Bi2I6-BiI3-NM,-7.0906526975354645
Br6Sb2-BiI3-NM,-7.3095287479190265
Co2Br6-BiI3-NM,-7.555901586116425
Co2Cl6-BiI3-NM,-8.205433301130373
Co2I6-BiI3-NM,-6.368635163928812
Cr2Br6-BiI3-AFM,-7.715039345373373
Cr2Br6-BiI3-FM,-7.644951222017133
Cr2Cl6-BiI3-AFM,-8.368749429839035
Cr2Cl6-BiI3-FM,-8.189917950251047
Cr2I6-BiI3-AFM,-6.5431397264611215
Cr2I6-BiI3-FM,-6.509992386138593
Cu2Br6-BiI3-AFM,-7.70947576251517
Cu2Br6-BiI3-FM,-7.3262176920973605
Cu2Cl6-BiI3-AFM,-8.762677437312453
Cu2Cl6-BiI3-FM,-8.418279946532536
Ga2Br6-BiI3-NM,-7.9229522310565885
Ga2Cl6-BiI3-NM,-8.989075950021906
Ga2I6-BiI3-NM,-6.761095110794101
I6Sb2-BiI3-NM,-6.663614740971475
In2Br6-BiI3-NM,-8.186967015140473
In2Cl6-BiI3-NM,-9.220481002948292
In2I6-BiI3-NM,-7.043893119578969
Ir2Br6-BiI3-NM,-6.629202007873783
Ir2Cl6-BiI3-NM,-7.1277125548011195
Ir2I6-BiI3-NM,-6.081027375960476
Mn2Cl6-BiI3-FM,-5.2368450881484305
Mo2Br6-BiI3-AFM,-6.577990707445645
Mo2Cl6-BiI3-AFM,-6.860723071849523
Mo2I6-BiI3-AFM,-6.166915692399459
Mo2I6-BiI3-FM,-5.993697283027972
Os2Cl6-BiI3-FM,-5.714441075120498
Re2Br6-BiI3-FM,-4.5486959735595365
Re2I6-BiI3-FM,-4.383051277963131
Rh2Br6-BiI3-NM,-7.082132683386618
Rh2Cl6-BiI3-NM,-7.670518350428504
Rh2I6-BiI3-NM,-6.369498900866432
Sc2Br6-BiI3-NM,-8.102784027866193
Sc2Cl6-BiI3-NM,-9.17618970066981
Sc2I6-BiI3-NM,-6.893252502596848
Ti2Cl6-BiI3-FM,-4.826263768291781
Tl2Br6-BiI3-NM,-8.154691466668943
Tl2Cl6-BiI3-NM,-9.123951781746822
Tl2I6-BiI3-NM,-7.048298670093036
W2Br6-BiI3-AFM,-5.7933153434844815
W2Cl6-BiI3-AFM,-5.527569034793311
W2Cl6-BiI3-NM,-5.31837689312869
W2I6-BiI3-AFM,-5.639472900833861
W2I6-BiI3-FM,-5.481856722807753
Y2Br6-BiI3-NM,-8.399576581130816
Y2Cl6-BiI3-NM,-9.382057260125201
Y2I6-BiI3-NM,-7.228185389990099
Al2Br6-TiCl3-NM,-7.608157540577668
Al2Cl6-TiCl3-NM,-8.608757869162794
Al2I6-TiCl3-NM,-6.497526618904146
Bi2Br6-AgBr3-NM,-7.873724022645661
Bi2Cl6-AgBr3-NM,-8.5192697945721
Bi2I6-TiCl3-NM,-7.09051907625394
Co2Br6-AgBr3-AFM,-6.974175426821607
Co2Cl6-AgBr3-AFM,-8.137691062873
Cr2Br6-TiCl3-AFM,-7.068831673488472
Cr2Br6-TiCl3-FM,-6.725863427707161
Cr2Cl6-TiCl3-AFM,-7.64550451307128
Cr2Cl6-TiCl3-FM,-7.393909868169161
Cr2I6-TiCl3-AFM,-6.3496119477321225
Cr2I6-TiCl3-FM,-5.917111252246274
Fe2Br6-TiCl3-AFM,-7.454560640353925
Fe2Br6-TiCl3-FM,-7.391776526413312
Fe2Cl6-AgBr3-AFM,-8.410484075099307
Fe2Cl6-TiCl3-FM,-8.380973685241619
Ga2Br6-TiCl3-NM,-7.632236046118831
Ga2Cl6-TiCl3-NM,-8.654095624609184
Ga2I6-TiCl3-NM,-6.484954875595641
In2Br6-TiCl3-NM,-7.9406056795977396
In2Cl6-AgBr3-NM,-8.94928843738808
In2I6-TiCl3-NM,-6.803586899181813
Ir2Br6-TiCl3-NM,-5.618883511281492
Ir2Cl6-Undefined-NM,-6.3682755719669855
Ir2I6-TiCl3-NM,-4.892326690117273
Mo2Br6-TiCl3-AFM,-5.374954265923865
Mo2Cl6-TiCl3-AFM,-5.32700963913586
Mo2Cl6-TiCl3-NM,-5.317591968404185
Mo2I6-TiCl3-AFM,-5.111102667271019
Re2Br6-TiCl3-NM,-4.23042439131993
Re2Cl6-TiCl3-NM,-4.278178411790922
Rh2Br6-Undefined-NM,-6.27068840968729
Rh2I6-TiCl3-NM,-5.196535705909909
Sc2Br6-TiCl3-NM,-7.84407813172732
Sc2Cl6-AgBr3-NM,-8.778032872521907
Ti2Br6-TiCl3-AFM,-5.508163821894074
Ti2Br6-TiCl3-FM,-5.111962425275682
Ti2Cl6-TiCl3-AFM,-5.710322708001886
Ti2Cl6-TiCl3-FM,-5.179972881216464
Ti2I6-TiCl3-AFM,-5.270313626462912
Ti2I6-TiCl3-FM,-5.002134204978034
Tl2Br6-TiCl3-NM,-7.983283672510662
Tl2Cl6-AgBr3-NM,-8.945589423295875
Tl2I6-TiCl3-NM,-6.8806131533549335
W2Br6-TiCl3-NM,-4.4783364846747205
W2Cl6-TiCl3-NM,-4.989963684480058
W2I6-TiCl3-AFM,-4.255154614991322
Y2Br6-AgBr3-NM,-8.026754595443787
Y2Cl6-AgBr3-NM,-9.041509685062586
Y2I6-TiCl3-NM,-6.9941457602025485
Cr2CF2-Ti2CO2-AFM,-7.281041739820802
Sc2CF2-Ti2CO2-NM,-5.361139112577908
Y2CF2-Ti2CO2-NM,-4.721291706464759
Cr2CH2O2-Ti2CH2O2-AFM,-2.5040656392873752
Sc2CH2O2-Ti2CH2O2-NM,-1.899509726772775
Y2CH2O2-Ti2CH2O2-NM,-2.1087282035802586
Hf2CO2-Ti2CO2-NM,-5.9004574041910445
Mn2CO2-Ti2CO2-AFM,-8.05414279776084
Mn2CO2-Ti2CO2-FM,-7.217386533243019
Ti2CO2-Ti2CO2-NM,-6.097950469792462
Zr2CO2-Ti2CO2-NM,-5.755131737830654
Ti2C-CdI2-AFM,-3.8154732503920403
Zr2C-CdI2-AFM,-3.901057931093735
Sc3C2H2O2-Ti3C2H2O2-FM,-1.6662237502593542
Hf3C2O2-Ti3C2O2-NM,-6.299589218967329
Ti3C2O2-Ti3C2O2-NM,-6.270894740207706
Zr3C2O2-Ti3C2O2-NM,-6.081127688732214
Hf3N2O2-Ti3C2O2-NM,-4.321946930945557
Ti3N2O2-Ti3C2O2-NM,-4.9308792975947355
Y3N2O2-Ti3C2O2-FM,-6.791271257316933
Zr3N2O2-Ti3C2O2-NM,-4.397594065044093
CrSeTe-MoSSe-NM,-4.979775910447616
CrSSe-MoSSe-NM,-5.5074694477687185
CrSTe-MoSSe-NM,-5.023432631294386
HfBrCl-MoSSe-NM,-3.747071577749068
HfBrI-MoSSe-NM,-3.4524225440334853
HfClI-MoSSe-NM,-3.6491444508944717
HfSeTe-MoSSe-NM,-5.708021677282278
HfSSe-MoSSe-NM,-7.01875510132564
HfSTe-MoSSe-NM,-5.5182936379585295
MoSeTe-MoSSe-NM,-5.2036718313173065
MoSSe-MoSSe-NM,-5.751729623657579
MoSTe-MoSSe-NM,-5.329525949068694
TiBrCl-MoSSe-NM,-3.800678520743379
TiBrI-MoSSe-NM,-3.4541779555232113
TiClI-MoSSe-NM,-3.672352203932553
TiSeTe-MoSSe-NM,-5.19253576799642
TiSSe-MoSSe-NM,-6.372148883920049
TiSTe-MoSSe-NM,-5.095596979327419
VBrI-MoSSe-FM,-4.929645417739757
VSeTe-MoSSe-FM,-5.067418493331436
VSSe-MoSSe-FM,-5.550583187138885
WSeTe-MoSSe-NM,-5.054112394537475
WSSe-MoSSe-NM,-5.588276018886136
WSTe-MoSSe-NM,-5.228980846384173
ZrBrCl-MoSSe-NM,-3.9039025247937245
ZrBrI-MoSSe-NM,-3.5829977485247317
ZrClI-MoSSe-NM,-3.773094417469115
ZrSeTe-MoSSe-NM,-5.775939653277379
ZrSSe-MoSSe-NM,-7.088200447178181
ZrSTe-MoSSe-NM,-5.6220642475581535
AsClTe-MoSSe-NM,-6.733824116844994
BiBrS-MoSSe-NM,-7.357099379869203
BiClS-MoSSe-NM,-7.698751802233751
BiClSe-MoSSe-NM,-7.390348737117844
BiIS-MoSSe-NM,-6.779989630016284
BiClTe-MoSSe-NM,-6.736069384655087
BrSSb-MoSSe-NM,-6.860110256298948
ClSbSe-MoSSe-NM,-6.995247002251258
BrSbTe-MoSSe-NM,-6.349087092481488
ClSSb-MoSSe-NM,-7.237657351549608
ISbSe-MoSSe-NM,-6.1642398865479295
ClSbTe-MoSSe-NM,-6.737229005953973
BiISe-MoSSe-NM,-6.635829301855837
BiBrTe-MoSSe-NM,-6.643170463131183
BiITe-MoSSe-NM,-6.2841613068138304
BrSbSe-MoSSe-NM,-6.610343593886325
ISSb-MoSSe-NM,-6.4311671458767945
ISbTe-MoSSe-NM,-5.864895794979349
AsBrS-MoSSe-NM,-6.814048301226043
AsClS-MoSSe-NM,-7.2227327544562
AsBrSe-MoSSe-NM,-6.573254370548559
AsClSe-MoSSe-NM,-7.003753072801632
AsISe-MoSSe-NM,-5.776904106550516
AsIS-MoSSe-NM,-5.83638979468826
AsBrTe-MoSSe-NM,-6.323318322994634
AsITe-MoSSe-NM,-5.63133889969368
BiBrSe-MoSSe-NM,-7.062373669430704
Ge2S2-SnS-NM,-5.507008280056464
Ge2Se2-SnS-NM,-4.768177895158108
Ge2Te2-SnS-NM,-4.350925179855092
P4-P-NM,-5.400983651904488
Pb2S2-PbS-NM,-4.917979337079318
Pb2Se2-PbS-NM,-4.840813666856486
Pb2Te2-PbS-NM,-4.810415194520924
S2Si2-SnS-NM,-5.777297909437749
Se2Si2-SnS-NM,-5.394892555436405
Si2Te2-SnS-NM,-3.743454752043782
Sn2S2-SnS-NM,-5.021699205467179
Sn2Se2-SnS-NM,-4.643818404416251
Sn2Te2-PbS-NM,-4.277446093662087
As4-P-NM,-4.954985085242587
Cd2S2-PbSe-NM,-5.094712200490803
Ge2S2-PbSe-NM,-4.083984050479398
Ge2Se2-PbSe-NM,-4.233558107496492
Pb2S2-PbSe-NM,-4.090780454765556
Pb2Se2-PbSe-NM,-4.1731024121234785
Pb2Te2-PbSe-NM,-4.335533066062599
Cd2S4-PdS2-NM,-5.465686341600941
Cd2Se4-WTe2-NM,-5.658645953684894
Cd2Te4-WTe2-NM,-5.173906689201121
Co2Se4-PdS2-AFM,-6.145831296520692
Co2Se4-PdS2-FM,-5.833891000683123
Co2Te4-PdS2-AFM,-5.851107461825039
Co2Te4-PdS2-FM,-5.807954755208125
Cr2S4-MnS2-AFM,-5.41505085770706
Cr2Te4-MnS2-AFM,-5.346900034680605
Fe2S4-MnS2-AFM,-6.207078894679579
Ge2S4-WTe2-NM,-4.911054246917635
Ge2Se4-WTe2-NM,-4.513734326189059
Ge2Te4-MnS2-NM,-4.46551636256141
In2S4-Undefined-NM,-6.254742769289244
Mn2S4-MnS2-AFM,-5.443646090273028
Mn2S4-MnS2-FM,-4.956578805652838
Mn2Se4-MnS2-AFM,-5.209191541720332
Ni2S4-PdS2-NM,-6.612854407705889
Ni2Se4-PdS2-NM,-6.454320358807646
Ni2Te4-PdS2-NM,-6.000806774297834
Os2S4-MnS2-NM,-5.722049077646217
Os2Se4-MnS2-NM,-5.573823648447545
Os2Te4-MnS2-NM,-5.332516678374226
Pb2S4-WTe2-NM,-5.471556326148152
Pb2Se4-WTe2-NM,-5.166776575357218
Pb2Te4-WTe2-NM,-4.72971430737393
Pd2S4-PdS2-NM,-6.328576006408171
Pd2Se4-PdS2-NM,-6.102068010351693
Pd2Te4-PdS2-NM,-5.659670142930446
Pt2S4-PdS2-NM,-6.419257280515119
Pt2Se4-PdS2-NM,-6.156764022001836
Pt2Te4-PdS2-NM,-5.7389183367903875
Ru2S4-MnS2-NM,-5.801144408078731
Ru2Se4-MnS2-NM,-5.571676918164654
Ru2Te4-MnS2-NM,-5.34402704340218
Sn2Se4-WTe2-NM,-4.705726768508749
Sn2Te4-WTe2-NM,-4.159865680276361
Zn2S4-PdS2-NM,-5.688532930826011
Zn2Se4-PdS2-NM,-5.625013030506766
Zn2Te4-PdS2-NM,-5.135513637652686
Co4S8-ReS2-NM,-6.501239973808357
In4Br8-Undefined-NM,-6.886616983915959
Ir4S8-ReS2-NM,-6.467639852812229
Ir4Se8-ReS2-NM,-6.002671904043395
Ir4Te8-ReS2-NM,-5.173072081604266
Nb4O8-Undefined-NM,-5.804067919344995
Re4O8-ReS2-NM,-7.2813273557499025
Re4S8-ReS2-NM,-6.1681803786292
Re4Se8-ReS2-NM,-5.445781191024517
Re4Te8-ReS2-NM,-4.880694174653424
Rh4S8-ReS2-NM,-6.740575369823079
Rh4Se8-ReS2-NM,-6.001979490048517
Ta4O8-Undefined-NM,-5.685603381516916
CrO2-MoS2-NM,-7.596293196631414
CrS2-MoS2-NM,-5.796637995588121
CrSe2-MoS2-NM,-5.178667720482002
CrTe2-MoS2-NM,-4.7146383725101675
FeO2-MoS2-FM,-7.859272151777832
FeS2-CdI2-FM,-5.500795489950273
GeO2-CdI2-NM,-10.2388161616982
GeO2-MoS2-NM,-9.986318484199511
GeS2-CdI2-NM,-6.972905004284446
GeS2-MoS2-NM,-6.2287829828415395
GeSe2-CdI2-NM,-6.020100178632461
HfO2-CdI2-NM,-9.117759896030075
HfO2-MoS2-NM,-9.467529165609633
HfS2-CdI2-NM,-6.977278839144864
HfS2-MoS2-NM,-7.560386154867981
HfSe2-CdI2-NM,-6.0201577757172355
HfSe2-MoS2-NM,-6.908390885386841
HfTe2-CdI2-NM,-4.661192166111814
HfTe2-MoS2-NM,-5.764334340262232
HgS2-CdI2-FM,-6.525228677843353
MnO2-CdI2-FM,-9.370892404740431
MnS2-CdI2-FM,-5.796429114067477
MoO2-MoS2-NM,-6.9818425057461155
MoS2-MoS2-NM,-6.0603209010745225
MoSe2-MoS2-NM,-5.407474074654257
MoTe2-MoS2-NM,-4.932504746553668
NiO2-CdI2-NM,-9.841188794052712
NiS2-CdI2-NM,-6.211159459089181
NiSe2-CdI2-NM,-5.35061653497069
PbO2-CdI2-NM,-9.314305368969048
PbO2-MoS2-NM,-9.558722483981299
PbS2-CdI2-NM,-7.291249250265015
PbS2-MoS2-NM,-6.041328889870632
PbSe2-CdI2-NM,-6.464113047488116
PbSe2-MoS2-NM,-5.677026280945223
PdO2-CdI2-NM,-8.81398126153296
PdO2-MoS2-NM,-5.775861218644527
PdS2-CdI2-NM,-6.771756067255788
PdSe2-CdI2-NM,-5.860653187673229
PdTe2-CdI2-NM,-4.823882222050472
PtO2-CdI2-NM,-8.137715090245951
PtS2-CdI2-NM,-6.96906621634158
PtSe2-CdI2-NM,-6.107305808485995
PtTe2-CdI2-NM,-5.009381560541429
RuS2-CdI2-FM,-6.052258327885009
ScO2-MoS2-FM,-9.021054685768497
ScS2-MoS2-FM,-6.760846582926605
ScSe2-MoS2-FM,-6.242788863744564
SnO2-CdI2-NM,-9.672049961395135
SnO2-MoS2-NM,-9.76047661246562
SnS2-CdI2-NM,-7.383267708768566
SnS2-MoS2-NM,-6.929091851943865
SnSe2-CdI2-NM,-6.509091290646748
SnSe2-MoS2-NM,-6.05155198842259
TiO2-CdI2-NM,-9.4631803525036
TiO2-MoS2-NM,-9.733983429806703
TiS2-CdI2-NM,-6.115685252929719
TiS2-MoS2-NM,-7.318331511189167
TiSe2-CdI2-NM,-4.774426206517377
TiSe2-MoS2-NM,-6.371430930803636
TiTe2-MoS2-NM,-5.315605630262213
VS2-MoS2-FM,-5.943250403982245
VSe2-MoS2-FM,-5.463711444551624
VTe2-MoS2-FM,-5.002531653139025
WO2-MoS2-NM,-6.715563232152586
WS2-MoS2-NM,-5.890093095666521
WSe2-MoS2-NM,-5.241208378666732
WTe2-MoS2-NM,-4.782742312394414
ZrO2-CdI2-NM,-9.050915174962647
ZrO2-MoS2-NM,-9.371769635680055
ZrS2-CdI2-NM,-7.015531384414107
ZrS2-MoS2-NM,-7.485090687173357
ZrSe2-CdI2-NM,-6.052089842806026
ZrSe2-MoS2-NM,-6.854311333905958
ZrTe2-MoS2-NM,-5.842528220379501
HfH2-MoS2-NM,-4.5060318419546395
ScH2-MoS2-FM,-3.695805189402731
TiH2-MoS2-NM,-4.664090214945227
ZrH2-MoS2-NM,-4.442236624150377
Cr2Mo2S8-CrWS4-NM,-5.899825781224029
Cr2Mo2Se8-CrWS4-NM,-5.259037447226429
Cr2Mo2Te8-CrWS4-NM,-4.774225267529594
Cr2W2S8-CrWS4-NM,-5.818156855858619
Cr2W2Se8-CrWS4-NM,-5.178756371352561
Cr2W2Te8-CrWS4-NM,-4.699566589931305
Cr3MoS8-CrW3S8-NM,-5.841440065984534
Cr3MoSe8-CrW3S8-NM,-5.209911025804674
Cr3WS8-CrW3S8-NM,-5.805752865579505
Cr3WSe8-CrW3S8-NM,-5.172144785778644
Cr3WTe8-CrW3S8-NM,-4.691005821998072
CrMo3S8-CrW3S8-NM,-5.966916860706334
CrMo3Se8-CrW3S8-NM,-5.320027529433377
CrMo3Te8-CrW3S8-NM,-4.836535009520311
CrW3S8-CrW3S8-NM,-5.8359123187037385
CrW3Se8-CrW3S8-NM,-5.190389581543962
CrW3Te8-CrW3S8-NM,-4.71269322621448
Mo2W2S8-CrWS4-NM,-5.977383295363302
Mo2W2Se8-CrWS4-NM,-5.324591668141048
Mo2W2Te8-CrWS4-NM,-4.857453487639139
Mo3WS8-CrW3S8-NM,-6.020404843292847
Mo3WSe8-CrW3S8-NM,-5.366677273308328
Mo3WTe8-CrW3S8-NM,-4.8949867320267515
MoW3S8-CrW3S8-NM,-5.934848755341211
MoW3Se8-CrW3S8-NM,-5.283561559345804
MoW3Te8-CrW3S8-NM,-4.819912227205039
Hf2Ti2S8-CrWS4-NM,-7.380840507843889
Hf2Ti2Se8-CrWS4-NM,-6.639999575094556
Hf2Ti2Te8-CrWS4-NM,-5.5040287311934195
Ti2Zr2S8-CrWS4-NM,-7.2968123601032175
Ti2Zr2Se8-CrWS4-NM,-6.667157354043176
Ti2Zr2Te8-CrWS4-NM,-5.527640265373071
HfTi3S8-CrW3S8-NM,-7.369882057556055
HfTi3Se8-CrW3S8-NM,-6.502380562089247
HfTi3Te8-CrW3S8-NM,-5.419943848467171
Ti3ZrS8-CrW3S8-NM,-7.321162574674677
Ti3ZrSe8-CrW3S8-NM,-6.520551809621383
Ti3ZrTe8-CrW3S8-NM,-5.429079174208512
Hf3TiS8-CrW3S8-NM,-7.4678713531249
Hf3TiSe8-CrW3S8-NM,-6.778903235440856
Hf3TiTe8-CrW3S8-NM,-5.6429062597217925
TiZr3S8-CrW3S8-NM,-7.404316911553178
TiZr3Se8-CrW3S8-NM,-6.771323019750368
TiZr3Te8-CrW3S8-NM,-5.693441152918282
Hf2Zr2S8-CrWS4-NM,-7.541349759080864
Hf2Zr2Se8-CrWS4-NM,-6.886980985313752
Hf2Zr2Te8-CrWS4-NM,-5.794005750073241
HfZr3S8-CrW3S8-NM,-7.510550847227371
HfZr3Se8-CrW3S8-NM,-6.868312175417524
HfZr3Te8-CrW3S8-NM,-5.814712049610266
Hf3ZrS8-CrW3S8-NM,-7.549131050719831
Hf3ZrSe8-CrW3S8-NM,-6.89790606088436
Hf3ZrTe8-CrW3S8-NM,-5.7793600984381195
Al2Br2O2-FeOCl-NM,-7.430908388811617
Al2Br2S2-FeOCl-NM,-6.7824437960680495
Al2Br2Se2-FeOCl-NM,-5.968422764737751
Al2Cl2O2-FeOCl-NM,-8.933209950635773
Al2Cl2S2-FeOCl-NM,-6.597039788414723
Al2Cl2Se2-FeOCl-NM,-5.765541005082949
Al2I2O2-FeOCl-NM,-5.46483143937075
Al2I2S2-FeOCl-NM,-6.621739150076379
Al2I2Se2-FeOCl-NM,-6.196023849485091
Bi2Br2O2-FeOCl-NM,-7.640621447720147
Bi2Br2S2-FeOCl-NM,-7.269088018409527
Bi2Br2Se2-FeOCl-NM,-7.06860848771098
Bi2Cl2O2-FeOCl-NM,-8.227201184166844
Bi2Cl2S2-FeOCl-NM,-7.522695699808587
Bi2Cl2Se2-FeOCl-NM,-7.302435421603253
Bi2I2O2-FeOCl-NM,-6.823072007730037
Bi2I2S2-FeOCl-NM,-6.696574497264226
Bi2I2Se2-FeOCl-NM,-6.658634514222675
Br2Ge2N2-FeOCl-NM,-7.200612294425815
Cl2Ge2N2-FeOCl-NM,-7.392161118431483
Co2Br2O2-FeOCl-NM,-5.795469503943156
Co2Br2S2-FeOCl-NM,-6.348203320166283
Co2Cl2O2-FeOCl-NM,-6.518548246836007
Co2Cl2S2-FeOCl-NM,-6.817929885412715
Co2I2S2-FeOCl-NM,-5.613597864779061
Cr2Br2O2-FeOCl-AFM,-6.9932886692803855
Cr2Br2O2-FeOCl-FM,-6.691833071600307
Cr2Br2S2-FeOCl-AFM,-7.06084525294211
Cr2Br2S2-FeOCl-FM,-6.971719137408573
Cr2Br2Se2-FeOCl-AFM,-6.489283270135397
Cr2Br2Se2-FeOCl-FM,-6.464616364300165
Cr2Cl2O2-FeOCl-AFM,-7.5721841894241875
Cr2Cl2O2-FeOCl-FM,-7.205317925190986
Cr2Cl2S2-FeOCl-AFM,-7.4060436825795435
Cr2Cl2S2-FeOCl-FM,-7.35587646847581
Cr2Cl2Se2-FeOCl-AFM,-6.644260280374434
Cr2Cl2Se2-FeOCl-FM,-6.569984966869033
Cr2I2O2-FeOCl-AFM,-5.819236459247071
Cr2I2O2-FeOCl-FM,-5.778977369833776
Cr2I2S2-FeOCl-AFM,-6.206141752415194
Cr2I2S2-FeOCl-FM,-6.18800721036487
Cr2I2Se2-FeOCl-AFM,-6.005803669101996
Cr2I2Se2-FeOCl-FM,-6.011076852093391
Fe2Br2O2-FeOCl-AFM,-7.007812215501855
Fe2I2O2-FeOCl-AFM,-4.869633022910589
Ga2Br2O2-FeOCl-NM,-7.604584597863755
Ga2Br2S2-FeOCl-NM,-6.993463285933582
Ga2Br2Se2-FeOCl-NM,-6.371637967618907
Ga2Cl2O2-FeOCl-NM,-8.943407010635969
Ga2Cl2S2-FeOCl-NM,-7.010330213997138
Ga2Cl2Se2-FeOCl-NM,-6.345007661915511
Ga2I2O2-FeOCl-NM,-5.837408500124253
Ga2I2S2-FeOCl-NM,-6.465101332807579
Ga2I2Se2-FeOCl-NM,-6.3555454805502025
Ge2I2N2-FeOCl-NM,-5.608821733049034
Hf2Br2N2-FeOCl-NM,-6.834471506342503
Hf2Cl2N2-FeOCl-NM,-6.904047652830602
Hf2I2N2-FeOCl-NM,-6.352579654561113
In2Br2O2-FeOCl-NM,-8.02092909580588
In2Br2S2-FeOCl-NM,-7.235336174934266
In2Br2Se2-FeOCl-NM,-6.673658470063431
In2Cl2O2-FeOCl-NM,-8.882666029985844
In2Cl2S2-FeOCl-NM,-7.343476211616974
In2Cl2Se2-FeOCl-NM,-6.739682464670774
In2I2O2-FeOCl-NM,-6.465223482298374
In2I2S2-FeOCl-NM,-6.85114352014531
In2I2Se2-FeOCl-NM,-6.574545178485441
Ir2Br2O2-FeOCl-NM,-5.086923006160968
Ir2Br2S2-FeOCl-NM,-5.904424871919083
Ir2Br2Se2-FeOCl-NM,-5.859446939614337
Ir2Cl2O2-FeOCl-NM,-5.590292663587789
Ir2Cl2S2-FeOCl-NM,-6.3451716300432315
Ir2Cl2Se2-FeOCl-NM,-6.284899522226553
Ir2I2O2-FeOCl-NM,-4.320758437955856
Ir2I2S2-FeOCl-NM,-5.276207642818001
Ir2I2Se2-FeOCl-NM,-5.24991038487044
Mn2Br2N2-FeOCl-AFM,-6.408595163077528
Mn2Br2N2-FeOCl-FM,-6.131037617882618
Mn2Cl2N2-FeOCl-AFM,-6.865076041166666
Mn2Cl2N2-FeOCl-FM,-6.931175949672765
Mn2I2N2-FeOCl-AFM,-4.6048412420854525
Mo2I2S2-FeOCl-FM,-5.211368606807666
Pd2Cl2N2-FeOCl-NM,-7.1637341208337775
Pt2Br2N2-FeOCl-NM,-6.141417826249183
Pt2Cl2N2-FeOCl-NM,-6.6971079677282095
Pt2I2N2-FeOCl-NM,-5.280338209593349
Rh2Br2O2-FeOCl-NM,-5.465682120141809
Rh2Br2S2-FeOCl-NM,-6.321533133541228
Rh2Br2Se2-FeOCl-NM,-6.173193806527428
Rh2Cl2O2-FeOCl-NM,-6.038462853138695
Rh2Cl2Se2-FeOCl-NM,-6.69992060986628
Rh2I2S2-FeOCl-NM,-5.5912633980461095
Rh2Cl2S2-FeOCl-NM,-6.843644516000081
Sc2Br2O2-FeOCl-NM,-8.066938917213282
Sc2Br2S2-FeOCl-NM,-7.317764848545686
Sc2Br2Se2-FeOCl-NM,-6.594256669679365
Sc2Cl2O2-FeOCl-NM,-9.327419641177645
Sc2Cl2S2-FeOCl-NM,-7.340985148888491
Sc2Cl2Se2-FeOCl-NM,-6.52328190650277
Sc2I2O2-FeOCl-NM,-6.395251380929282
Sc2I2S2-FeOCl-NM,-6.773522226359248
Sc2I2Se2-FeOCl-NM,-6.454473150397796
Sn2Br2N2-FeOCl-NM,-7.023590474082768
Sn2Cl2N2-FeOCl-NM,-7.343641079550644
Sn2I2N2-FeOCl-NM,-6.339273197664866
Ti2Br2N2-FeOCl-NM,-6.760478961259913
Ti2Cl2N2-FeOCl-NM,-6.986733770853774
Ti2I2N2-FeOCl-NM,-5.123053668556547
Tl2Br2O2-FeOCl-NM,-7.97500520784243
Tl2Cl2O2-FeOCl-NM,-8.601471290836631
Tl2I2O2-FeOCl-NM,-6.637478129162416
Tl2I2S2-FeOCl-NM,-6.637217134615219
W2I2S2-FeOCl-FM,-4.412551249830134
Zr2Br2N2-FeOCl-NM,-7.116097850990464
Zr2Cl2N2-FeOCl-NM,-7.200929218027646
Zr2I2N2-FeOCl-NM,-6.441109797614919
Al2O2-GaS-NM,-5.378691428443984
Al2S2-GaS-NM,-6.747971950893232
Al2Se2-GaS-NM,-6.327714227101341
Al2Te2-GaS-NM,-5.747111096994175
Bi2O2-GaS-NM,-4.72454540727671
Bi2S2-GaS-NM,-5.279227883124756
Bi2Se2-GaS-NM,-4.828721044624052
Ga2O2-GaS-NM,-7.797259860725425
Ga2S2-GaS-NM,-6.796820089322514
Ga2Se2-GaS-NM,-6.2881785526133385
Ga2Te2-GaS-NM,-5.674584660197466
Hf2Te2-GaS-NM,-4.512764838211812
In2O2-GaS-NM,-6.939864806605364
In2S2-GaS-NM,-6.864329340853514
In2Se2-GaS-NM,-6.396071628650546
In2Te2-GaS-NM,-5.773337814475731
Ir2O2-GaS-NM,-5.9858117080459134
Ir2S2-GaS-NM,-5.489770455613146
Ir2Se2-GaS-NM,-4.87697108343633
Mn2S2-GaS-AFM,-4.281492951497794
Mn2Se2-GaS-AFM,-4.740509484049736
Mn2Te2-GaS-AFM,-4.4967020546574314
Rh2O2-GaS-NM,-7.099456688137573
Rh2S2-GaS-NM,-5.187069436537962
Rh2Se2-GaS-NM,-4.62777166584525
Sc2O2-GaS-NM,-3.640068482493515
Sc2S2-GaS-NM,-5.088966047400904
Sc2Se2-GaS-NM,-4.90326143382896
Sc2Te2-GaS-NM,-4.563699399763301
Ti2Te2-GaS-NM,-4.475495345753247
Tl2S2-GaS-NM,-6.785192946595307
Tl2Se2-GaS-NM,-6.30100891035003
Tl2Te2-GaS-NM,-5.6792037307693395
V2O2-GaS-AFM,-4.216477535218629
V2S2-GaS-NM,-4.820339397952168
V2Se2-GaS-NM,-4.844923935473467
V2Te2-GaS-NM,-4.866556967388027
Zr2Se2-GaS-NM,-4.809610695303558
Zr2Te2-GaS-NM,-4.748799650282596
Hf2O6-TiS3-NM,-9.150622963210065
Hf2S6-TiS3-NM,-6.539797877596226
Hf2Se6-TiS3-NM,-5.744144069817175
Pb2Te6-Undefined-NM,-5.225849320479076
Ru2Se6-VTe3-NM,-4.87754907743628
Ti2O6-TiS3-NM,-9.191512544681663
Ti2S6-TiS3-NM,-5.6301988092554165
Ti2Se6-TiS3-NM,-4.957949453495043
Zr2O6-TiS3-NM,-9.024628296407414
Zr2S6-TiS3-NM,-6.5415135544237
Zr2Se6-TiS3-NM,-5.754874581910334
Cr2Br4-WTe2-AFM,-6.68835768171319
Cr2Br4-WTe2-FM,-6.484599456644242
Cr2Cl4-WTe2-AFM,-6.991285203989114
Cr2Cl4-WTe2-FM,-6.818724481240558
Cr2S4-WTe2-NM,-5.71472146291076
Cu2Br4-CdI2-AFM,-7.089123878207757
Fe2S4-WTe2-NM,-6.464388842293143
Fe2Se4-WTe2-NM,-5.762207076713465
Fe2Te4-WTe2-NM,-4.988767560914434
Hf2Br4-WTe2-NM,-4.440190935781059
Hf2Cl4-WTe2-NM,-4.752671997822271
Hf2I4-WTe2-NM,-4.111973648183101
Hg2O4-CdI2-FM,-7.88678762659035
Mn2Cl4-CdI2-FM,-5.621458597812261
Mn2S4-WTe2-AFM,-5.561175855767038
Mo2S4-WTe2-NM,-5.912073426747051
Mo2Se4-WTe2-NM,-5.176191891716293
Os2O4-WTe2-NM,-7.000109401332368
Os2S4-WTe2-NM,-6.090362854618741
Os2Se4-WTe2-NM,-5.500118432215215
Os2Te4-WTe2-NM,-5.055250223332655
Re2I4-WTe2-FM,-3.992220492886303
Rh2Br4-CdI2-FM,-5.674792100842012
Rh2Cl4-WTe2-AFM,-6.349378209811577
Rh2Cl4-WTe2-FM,-6.341059394281369
Ru2O4-WTe2-NM,-7.227405573550779
Ru2S4-WTe2-NM,-6.418086959296211
Ru2Se4-WTe2-NM,-5.805346834909824
Ru2Te4-WTe2-NM,-5.1018682472399
Ti2Cl4-WTe2-NM,-4.636995911030697
Ti2I4-WTe2-NM,-3.8889992347885816
Ti2O4-WTe2-NM,-9.411660734079852
V2Br4-CdI2-AFM,-5.8654472401974385
V2Cl4-CdI2-AFM,-6.01364688854265
V2I4-CdI2-AFM,-5.715421484828161
Zr2Br4-WTe2-NM,-4.4883840252026
Zr2Cl4-WTe2-NM,-4.698154145979369
Zr2I4-WTe2-NM,-4.204737269774114
C2F2-CH-NM,-8.778987225645354
C2H2-CH-NM,-5.465907963854119
F2Ge2-CH-NM,-7.598820320151019
Ge2H2-CH-NM,-5.315954099489342
F2Si2-CH-NM,-7.010197171691695
H2Si2-CH-NM,-5.588928405273085
CF2Si-CH2Si-NM,-8.462662854312374
CH2Si-CH2Si-NM,-6.052758526614165
Sn2H2-CH-NM,-5.281573700520843
Ti4I4Se4-HfBrS-FM,-4.228399680159008
